2024-10-28T09:44:33.682-05:00  INFO 29020 --- [demo] [main] com.example.demo.frontend.UseCaseTest    : Starting UseCaseTest using Java 17.0.12 with PID 29020 (started by Janus in C:\Users\Janus\Documents\GitHub\PetLand\Proyecto\demo)
2024-10-28T09:44:33.688-05:00  INFO 29020 --- [demo] [main] com.example.demo.frontend.UseCaseTest    : The following 1 profile is active: "test"
2024-10-28T09:44:34.539-05:00  INFO 29020 --- [demo] [main] .s.d.r.c.RepositoryConfigurationDelegate : Bootstrapping Spring Data JPA repositories in DEFAULT mode.
2024-10-28T09:44:34.660-05:00  INFO 29020 --- [demo] [main] .s.d.r.c.RepositoryConfigurationDelegate : Finished Spring Data repository scanning in 101 ms. Found 6 JPA repository interfaces.
2024-10-28T09:44:35.487-05:00  INFO 29020 --- [demo] [main] o.s.b.w.embedded.tomcat.TomcatWebServer  : Tomcat initialized with port 8080 (http)
2024-10-28T09:44:35.503-05:00  INFO 29020 --- [demo] [main] o.apache.catalina.core.StandardService   : Starting service [Tomcat]
2024-10-28T09:44:35.504-05:00  INFO 29020 --- [demo] [main] o.apache.catalina.core.StandardEngine    : Starting Servlet engine: [Apache Tomcat/10.1.26]
2024-10-28T09:44:35.619-05:00  INFO 29020 --- [demo] [main] o.a.c.c.C.[Tomcat].[localhost].[/]       : Initializing Spring embedded WebApplicationContext
2024-10-28T09:44:35.620-05:00  INFO 29020 --- [demo] [main] w.s.c.ServletWebServerApplicationContext : Root WebApplicationContext: initialization completed in 1909 ms
2024-10-28T09:44:35.672-05:00  INFO 29020 --- [demo] [main] com.zaxxer.hikari.HikariDataSource       : HikariPool-1 - Starting...
2024-10-28T09:44:36.028-05:00  INFO 29020 --- [demo] [main] com.zaxxer.hikari.pool.HikariPool        : HikariPool-1 - Added connection conn0: url=jdbc:h2:mem:testdb user=SA
2024-10-28T09:44:36.030-05:00  INFO 29020 --- [demo] [main] com.zaxxer.hikari.HikariDataSource       : HikariPool-1 - Start completed.
2024-10-28T09:44:36.044-05:00  INFO 29020 --- [demo] [main] o.s.b.a.h2.H2ConsoleAutoConfiguration    : H2 console available at '/h2-console'. Database available at 'jdbc:h2:mem:testdb'
2024-10-28T09:44:36.316-05:00  INFO 29020 --- [demo] [main] o.hibernate.jpa.internal.util.LogHelper  : HHH000204: Processing PersistenceUnitInfo [name: default]
2024-10-28T09:44:36.439-05:00  INFO 29020 --- [demo] [main] org.hibernate.Version                    : HHH000412: Hibernate ORM core version 6.5.2.Final
2024-10-28T09:44:36.502-05:00  INFO 29020 --- [demo] [main] o.h.c.internal.RegionFactoryInitiator    : HHH000026: Second-level cache disabled
2024-10-28T09:44:37.036-05:00  INFO 29020 --- [demo] [main] o.s.o.j.p.SpringPersistenceUnitInfo      : No LoadTimeWeaver setup: ignoring JPA class transformer
2024-10-28T09:44:37.095-05:00  WARN 29020 --- [demo] [main] org.hibernate.orm.deprecation            : HHH90000025: H2Dialect does not need to be specified explicitly using 'hibernate.dialect' (remove the property setting and it will be selected by default)
2024-10-28T09:44:38.065-05:00  INFO 29020 --- [demo] [main] o.h.e.t.j.p.i.JtaPlatformInitiator       : HHH000489: No JTA platform available (set 'hibernate.transaction.jta.platform' to enable JTA platform integration)
2024-10-28T09:44:38.123-05:00  INFO 29020 --- [demo] [main] j.LocalContainerEntityManagerFactoryBean : Initialized JPA EntityManagerFactory for persistence unit 'default'
2024-10-28T09:44:38.569-05:00  INFO 29020 --- [demo] [main] o.s.d.j.r.query.QueryEnhancerFactory     : Hibernate is in classpath; If applicable, HQL parser will be used.
2024-10-28T09:44:39.591-05:00  WARN 29020 --- [demo] [main] JpaBaseConfiguration$JpaWebConfiguration : spring.jpa.open-in-view is enabled by default. Therefore, database queries may be performed during view rendering. Explicitly configure spring.jpa.open-in-view to disable this warning
2024-10-28T09:44:40.292-05:00  WARN 29020 --- [demo] [main] ion$DefaultTemplateResolverConfiguration : Cannot find template location: classpath:/templates/ (please add some templates, check your Thymeleaf configuration, or set spring.thymeleaf.check-template-location=false)
2024-10-28T09:44:40.999-05:00  INFO 29020 --- [demo] [main] o.s.b.w.embedded.tomcat.TomcatWebServer  : Tomcat started on port 8080 (http) with context path '/'
2024-10-28T09:44:41.013-05:00  INFO 29020 --- [demo] [main] com.example.demo.frontend.UseCaseTest    : Started UseCaseTest in 7.704 seconds (process running for 8.729)
2024-10-28T09:44:43.059-05:00  INFO 29020 --- [demo] [main] j.LocalContainerEntityManagerFactoryBean : Closing JPA EntityManagerFactory for persistence unit 'default'
2024-10-28T09:44:43.063-05:00  INFO 29020 --- [demo] [main] com.zaxxer.hikari.HikariDataSource       : HikariPool-1 - Shutdown initiated...
2024-10-28T09:44:43.067-05:00  INFO 29020 --- [demo] [main] com.zaxxer.hikari.HikariDataSource       : HikariPool-1 - Shutdown completed.
2024-10-28T09:44:43.075-05:00  INFO 29020 --- [demo] [main] o.s.b.d.r.RestartApplicationListener     : Restart disabled due to context in which it is running
2024-10-28T09:44:43.103-05:00  INFO 29020 --- [demo] [main] com.example.demo.frontend.UseCaseTest    : Starting UseCaseTest using Java 17.0.12 with PID 29020 (started by Janus in C:\Users\Janus\Documents\GitHub\PetLand\Proyecto\demo)
2024-10-28T09:44:43.103-05:00  INFO 29020 --- [demo] [main] com.example.demo.frontend.UseCaseTest    : The following 1 profile is active: "test"
2024-10-28T09:44:43.288-05:00  INFO 29020 --- [demo] [main] .s.d.r.c.RepositoryConfigurationDelegate : Bootstrapping Spring Data JPA repositories in DEFAULT mode.
2024-10-28T09:44:43.307-05:00  INFO 29020 --- [demo] [main] .s.d.r.c.RepositoryConfigurationDelegate : Finished Spring Data repository scanning in 19 ms. Found 6 JPA repository interfaces.
2024-10-28T09:44:43.380-05:00  INFO 29020 --- [demo] [main] o.s.b.w.embedded.tomcat.TomcatWebServer  : Tomcat initialized with port 8080 (http)
2024-10-28T09:44:43.381-05:00  INFO 29020 --- [demo] [main] o.apache.catalina.core.StandardService   : Starting service [Tomcat]
2024-10-28T09:44:43.382-05:00  INFO 29020 --- [demo] [main] o.apache.catalina.core.StandardEngine    : Starting Servlet engine: [Apache Tomcat/10.1.26]
2024-10-28T09:44:43.424-05:00  INFO 29020 --- [demo] [main] o.a.c.c.C.[Tomcat].[localhost].[/]       : Initializing Spring embedded WebApplicationContext
2024-10-28T09:44:43.424-05:00  INFO 29020 --- [demo] [main] w.s.c.ServletWebServerApplicationContext : Root WebApplicationContext: initialization completed in 319 ms
2024-10-28T09:44:43.436-05:00  INFO 29020 --- [demo] [main] com.zaxxer.hikari.HikariDataSource       : HikariPool-2 - Starting...
2024-10-28T09:44:43.441-05:00  INFO 29020 --- [demo] [main] com.zaxxer.hikari.pool.HikariPool        : HikariPool-2 - Added connection conn10: url=jdbc:h2:mem:testdb user=SA
2024-10-28T09:44:43.442-05:00  INFO 29020 --- [demo] [main] com.zaxxer.hikari.HikariDataSource       : HikariPool-2 - Start completed.
2024-10-28T09:44:43.442-05:00  INFO 29020 --- [demo] [main] o.s.b.a.h2.H2ConsoleAutoConfiguration    : H2 console available at '/h2-console'. Database available at 'jdbc:h2:mem:testdb'
2024-10-28T09:44:43.468-05:00  INFO 29020 --- [demo] [main] o.hibernate.jpa.internal.util.LogHelper  : HHH000204: Processing PersistenceUnitInfo [name: default]
2024-10-28T09:44:43.473-05:00  INFO 29020 --- [demo] [main] o.h.c.internal.RegionFactoryInitiator    : HHH000026: Second-level cache disabled
2024-10-28T09:44:43.492-05:00  INFO 29020 --- [demo] [main] o.s.o.j.p.SpringPersistenceUnitInfo      : No LoadTimeWeaver setup: ignoring JPA class transformer
2024-10-28T09:44:43.496-05:00  WARN 29020 --- [demo] [main] org.hibernate.orm.deprecation            : HHH90000025: H2Dialect does not need to be specified explicitly using 'hibernate.dialect' (remove the property setting and it will be selected by default)
2024-10-28T09:44:43.624-05:00  INFO 29020 --- [demo] [main] o.h.e.t.j.p.i.JtaPlatformInitiator       : HHH000489: No JTA platform available (set 'hibernate.transaction.jta.platform' to enable JTA platform integration)
2024-10-28T09:44:43.632-05:00  INFO 29020 --- [demo] [main] j.LocalContainerEntityManagerFactoryBean : Initialized JPA EntityManagerFactory for persistence unit 'default'
2024-10-28T09:44:43.743-05:00  WARN 29020 --- [demo] [main] JpaBaseConfiguration$JpaWebConfiguration : spring.jpa.open-in-view is enabled by default. Therefore, database queries may be performed during view rendering. Explicitly configure spring.jpa.open-in-view to disable this warning
2024-10-28T09:44:43.808-05:00  WARN 29020 --- [demo] [main] ion$DefaultTemplateResolverConfiguration : Cannot find template location: classpath:/templates/ (please add some templates, check your Thymeleaf configuration, or set spring.thymeleaf.check-template-location=false)
2024-10-28T09:44:43.840-05:00  INFO 29020 --- [demo] [main] o.s.b.w.embedded.tomcat.TomcatWebServer  : Tomcat started on port 8080 (http) with context path '/'
2024-10-28T09:44:43.844-05:00  INFO 29020 --- [demo] [main] com.example.demo.frontend.UseCaseTest    : Started UseCaseTest in 0.77 seconds (process running for 11.559)
2024-10-28T09:44:45.339-05:00  INFO 29020 --- [demo] [main] i.g.bonigarcia.wdm.WebDriverManager      : Using chromedriver 130.0.6723.69 (resolved driver for Chrome 130)
2024-10-28T09:44:45.396-05:00  INFO 29020 --- [demo] [main] i.g.bonigarcia.wdm.WebDriverManager      : Reading https://chromedriver.storage.googleapis.com/ to seek chromedriver
2024-10-28T09:44:46.031-05:00  INFO 29020 --- [demo] [main] i.g.bonigarcia.wdm.online.Downloader     : Downloading https://edgedl.me.gvt1.com/edgedl/chrome/chrome-for-testing/130.0.6723.69/win64/chromedriver-win64.zip
2024-10-28T09:44:46.709-05:00  INFO 29020 --- [demo] [main] i.g.bonigarcia.wdm.online.Downloader     : Extracting driver from compressed file chromedriver-win64.zip
2024-10-28T09:44:46.819-05:00  INFO 29020 --- [demo] [main] i.g.bonigarcia.wdm.WebDriverManager      : Exporting webdriver.chrome.driver as C:\Users\Janus\.cache\selenium\chromedriver\win64\130.0.6723.69\chromedriver.exe
2024-10-28T09:44:48.124-05:00  WARN 29020 --- [demo] [main] o.o.selenium.devtools.CdpVersionFinder   : Unable to find CDP implementation matching 130
2024-10-28T09:44:48.124-05:00  WARN 29020 --- [demo] [main] o.o.selenium.chromium.ChromiumDriver     : Unable to find version of CDP to use for 130.0.6723.70. You may need to include a dependency on a specific version of the CDP using something similar to `org.seleniumhq.selenium:selenium-devtools-v86:4.19.1` where the version ("v86") matches the version of the chromium-based browser you're using and the version number of the artifact is the same as Selenium's.
2024-10-28T09:44:48.817-05:00  INFO 29020 --- [demo] [SpringApplicationShutdownHook] j.LocalContainerEntityManagerFactoryBean : Closing JPA EntityManagerFactory for persistence unit 'default'
2024-10-28T09:44:48.818-05:00  INFO 29020 --- [demo] [SpringApplicationShutdownHook] com.zaxxer.hikari.HikariDataSource       : HikariPool-2 - Shutdown initiated...
2024-10-28T09:44:48.819-05:00  INFO 29020 --- [demo] [SpringApplicationShutdownHook] com.zaxxer.hikari.HikariDataSource       : HikariPool-2 - Shutdown completed.
2024-10-28T09:45:52.648-05:00  INFO 20028 --- [demo] [main] com.example.demo.frontend.UseCaseTest    : Starting UseCaseTest using Java 17.0.12 with PID 20028 (started by Janus in C:\Users\Janus\Documents\GitHub\PetLand\Proyecto\demo)
2024-10-28T09:45:52.650-05:00  INFO 20028 --- [demo] [main] com.example.demo.frontend.UseCaseTest    : The following 1 profile is active: "test"
2024-10-28T09:45:53.561-05:00  INFO 20028 --- [demo] [main] .s.d.r.c.RepositoryConfigurationDelegate : Bootstrapping Spring Data JPA repositories in DEFAULT mode.
2024-10-28T09:45:53.681-05:00  INFO 20028 --- [demo] [main] .s.d.r.c.RepositoryConfigurationDelegate : Finished Spring Data repository scanning in 96 ms. Found 6 JPA repository interfaces.
2024-10-28T09:45:54.695-05:00  INFO 20028 --- [demo] [main] o.s.b.w.embedded.tomcat.TomcatWebServer  : Tomcat initialized with port 8080 (http)
2024-10-28T09:45:54.720-05:00  INFO 20028 --- [demo] [main] o.apache.catalina.core.StandardService   : Starting service [Tomcat]
2024-10-28T09:45:54.721-05:00  INFO 20028 --- [demo] [main] o.apache.catalina.core.StandardEngine    : Starting Servlet engine: [Apache Tomcat/10.1.26]
2024-10-28T09:45:54.889-05:00  INFO 20028 --- [demo] [main] o.a.c.c.C.[Tomcat].[localhost].[/]       : Initializing Spring embedded WebApplicationContext
2024-10-28T09:45:54.890-05:00  INFO 20028 --- [demo] [main] w.s.c.ServletWebServerApplicationContext : Root WebApplicationContext: initialization completed in 2216 ms
2024-10-28T09:45:54.963-05:00  INFO 20028 --- [demo] [main] com.zaxxer.hikari.HikariDataSource       : HikariPool-1 - Starting...
2024-10-28T09:45:55.367-05:00  INFO 20028 --- [demo] [main] com.zaxxer.hikari.pool.HikariPool        : HikariPool-1 - Added connection conn0: url=jdbc:h2:mem:testdb user=SA
2024-10-28T09:45:55.371-05:00  INFO 20028 --- [demo] [main] com.zaxxer.hikari.HikariDataSource       : HikariPool-1 - Start completed.
2024-10-28T09:45:55.393-05:00  INFO 20028 --- [demo] [main] o.s.b.a.h2.H2ConsoleAutoConfiguration    : H2 console available at '/h2-console'. Database available at 'jdbc:h2:mem:testdb'
2024-10-28T09:45:55.702-05:00  INFO 20028 --- [demo] [main] o.hibernate.jpa.internal.util.LogHelper  : HHH000204: Processing PersistenceUnitInfo [name: default]
2024-10-28T09:45:55.854-05:00  INFO 20028 --- [demo] [main] org.hibernate.Version                    : HHH000412: Hibernate ORM core version 6.5.2.Final
2024-10-28T09:45:55.987-05:00  INFO 20028 --- [demo] [main] o.h.c.internal.RegionFactoryInitiator    : HHH000026: Second-level cache disabled
2024-10-28T09:45:56.654-05:00  INFO 20028 --- [demo] [main] o.s.o.j.p.SpringPersistenceUnitInfo      : No LoadTimeWeaver setup: ignoring JPA class transformer
2024-10-28T09:45:56.719-05:00  WARN 20028 --- [demo] [main] org.hibernate.orm.deprecation            : HHH90000025: H2Dialect does not need to be specified explicitly using 'hibernate.dialect' (remove the property setting and it will be selected by default)
2024-10-28T09:45:57.707-05:00  INFO 20028 --- [demo] [main] o.h.e.t.j.p.i.JtaPlatformInitiator       : HHH000489: No JTA platform available (set 'hibernate.transaction.jta.platform' to enable JTA platform integration)
2024-10-28T09:45:57.773-05:00  INFO 20028 --- [demo] [main] j.LocalContainerEntityManagerFactoryBean : Initialized JPA EntityManagerFactory for persistence unit 'default'
2024-10-28T09:45:58.152-05:00  INFO 20028 --- [demo] [main] o.s.d.j.r.query.QueryEnhancerFactory     : Hibernate is in classpath; If applicable, HQL parser will be used.
2024-10-28T09:45:59.145-05:00  WARN 20028 --- [demo] [main] JpaBaseConfiguration$JpaWebConfiguration : spring.jpa.open-in-view is enabled by default. Therefore, database queries may be performed during view rendering. Explicitly configure spring.jpa.open-in-view to disable this warning
2024-10-28T09:45:59.752-05:00  WARN 20028 --- [demo] [main] ion$DefaultTemplateResolverConfiguration : Cannot find template location: classpath:/templates/ (please add some templates, check your Thymeleaf configuration, or set spring.thymeleaf.check-template-location=false)
2024-10-28T09:46:00.356-05:00  INFO 20028 --- [demo] [main] o.s.b.w.embedded.tomcat.TomcatWebServer  : Tomcat started on port 8080 (http) with context path '/'
2024-10-28T09:46:00.366-05:00  INFO 20028 --- [demo] [main] com.example.demo.frontend.UseCaseTest    : Started UseCaseTest in 8.133 seconds (process running for 9.143)
2024-10-28T09:46:02.505-05:00  INFO 20028 --- [demo] [main] j.LocalContainerEntityManagerFactoryBean : Closing JPA EntityManagerFactory for persistence unit 'default'
2024-10-28T09:46:02.508-05:00  INFO 20028 --- [demo] [main] com.zaxxer.hikari.HikariDataSource       : HikariPool-1 - Shutdown initiated...
2024-10-28T09:46:02.513-05:00  INFO 20028 --- [demo] [main] com.zaxxer.hikari.HikariDataSource       : HikariPool-1 - Shutdown completed.
2024-10-28T09:46:02.519-05:00  INFO 20028 --- [demo] [main] o.s.b.d.r.RestartApplicationListener     : Restart disabled due to context in which it is running
2024-10-28T09:46:02.552-05:00  INFO 20028 --- [demo] [main] com.example.demo.frontend.UseCaseTest    : Starting UseCaseTest using Java 17.0.12 with PID 20028 (started by Janus in C:\Users\Janus\Documents\GitHub\PetLand\Proyecto\demo)
2024-10-28T09:46:02.552-05:00  INFO 20028 --- [demo] [main] com.example.demo.frontend.UseCaseTest    : The following 1 profile is active: "test"
2024-10-28T09:46:02.831-05:00  INFO 20028 --- [demo] [main] .s.d.r.c.RepositoryConfigurationDelegate : Bootstrapping Spring Data JPA repositories in DEFAULT mode.
2024-10-28T09:46:02.860-05:00  INFO 20028 --- [demo] [main] .s.d.r.c.RepositoryConfigurationDelegate : Finished Spring Data repository scanning in 28 ms. Found 6 JPA repository interfaces.
2024-10-28T09:46:02.941-05:00  INFO 20028 --- [demo] [main] o.s.b.w.embedded.tomcat.TomcatWebServer  : Tomcat initialized with port 8080 (http)
2024-10-28T09:46:02.942-05:00  INFO 20028 --- [demo] [main] o.apache.catalina.core.StandardService   : Starting service [Tomcat]
2024-10-28T09:46:02.944-05:00  INFO 20028 --- [demo] [main] o.apache.catalina.core.StandardEngine    : Starting Servlet engine: [Apache Tomcat/10.1.26]
2024-10-28T09:46:02.991-05:00  INFO 20028 --- [demo] [main] o.a.c.c.C.[Tomcat].[localhost].[/]       : Initializing Spring embedded WebApplicationContext
2024-10-28T09:46:02.991-05:00  INFO 20028 --- [demo] [main] w.s.c.ServletWebServerApplicationContext : Root WebApplicationContext: initialization completed in 435 ms
2024-10-28T09:46:03.006-05:00  INFO 20028 --- [demo] [main] com.zaxxer.hikari.HikariDataSource       : HikariPool-2 - Starting...
2024-10-28T09:46:03.008-05:00  INFO 20028 --- [demo] [main] com.zaxxer.hikari.pool.HikariPool        : HikariPool-2 - Added connection conn10: url=jdbc:h2:mem:testdb user=SA
2024-10-28T09:46:03.009-05:00  INFO 20028 --- [demo] [main] com.zaxxer.hikari.HikariDataSource       : HikariPool-2 - Start completed.
2024-10-28T09:46:03.009-05:00  INFO 20028 --- [demo] [main] o.s.b.a.h2.H2ConsoleAutoConfiguration    : H2 console available at '/h2-console'. Database available at 'jdbc:h2:mem:testdb'
2024-10-28T09:46:03.036-05:00  INFO 20028 --- [demo] [main] o.hibernate.jpa.internal.util.LogHelper  : HHH000204: Processing PersistenceUnitInfo [name: default]
2024-10-28T09:46:03.043-05:00  INFO 20028 --- [demo] [main] o.h.c.internal.RegionFactoryInitiator    : HHH000026: Second-level cache disabled
2024-10-28T09:46:03.063-05:00  INFO 20028 --- [demo] [main] o.s.o.j.p.SpringPersistenceUnitInfo      : No LoadTimeWeaver setup: ignoring JPA class transformer
2024-10-28T09:46:03.066-05:00  WARN 20028 --- [demo] [main] org.hibernate.orm.deprecation            : HHH90000025: H2Dialect does not need to be specified explicitly using 'hibernate.dialect' (remove the property setting and it will be selected by default)
2024-10-28T09:46:03.253-05:00  INFO 20028 --- [demo] [main] o.h.e.t.j.p.i.JtaPlatformInitiator       : HHH000489: No JTA platform available (set 'hibernate.transaction.jta.platform' to enable JTA platform integration)
2024-10-28T09:46:03.275-05:00  INFO 20028 --- [demo] [main] j.LocalContainerEntityManagerFactoryBean : Initialized JPA EntityManagerFactory for persistence unit 'default'
2024-10-28T09:46:03.465-05:00  WARN 20028 --- [demo] [main] JpaBaseConfiguration$JpaWebConfiguration : spring.jpa.open-in-view is enabled by default. Therefore, database queries may be performed during view rendering. Explicitly configure spring.jpa.open-in-view to disable this warning
2024-10-28T09:46:03.566-05:00  WARN 20028 --- [demo] [main] ion$DefaultTemplateResolverConfiguration : Cannot find template location: classpath:/templates/ (please add some templates, check your Thymeleaf configuration, or set spring.thymeleaf.check-template-location=false)
2024-10-28T09:46:03.626-05:00  INFO 20028 --- [demo] [main] o.s.b.w.embedded.tomcat.TomcatWebServer  : Tomcat started on port 8080 (http) with context path '/'
2024-10-28T09:46:03.631-05:00  INFO 20028 --- [demo] [main] com.example.demo.frontend.UseCaseTest    : Started UseCaseTest in 1.111 seconds (process running for 12.408)
2024-10-28T09:46:05.121-05:00  INFO 20028 --- [demo] [main] i.g.bonigarcia.wdm.WebDriverManager      : Using chromedriver 130.0.6723.69 (resolved driver for Chrome 130)
2024-10-28T09:46:05.181-05:00  INFO 20028 --- [demo] [main] i.g.bonigarcia.wdm.WebDriverManager      : Exporting webdriver.chrome.driver as C:\Users\Janus\.cache\selenium\chromedriver\win64\130.0.6723.69\chromedriver.exe
2024-10-28T09:46:06.110-05:00  WARN 20028 --- [demo] [main] o.o.selenium.devtools.CdpVersionFinder   : Unable to find CDP implementation matching 130
2024-10-28T09:46:06.110-05:00  WARN 20028 --- [demo] [main] o.o.selenium.chromium.ChromiumDriver     : Unable to find version of CDP to use for 130.0.6723.70. You may need to include a dependency on a specific version of the CDP using something similar to `org.seleniumhq.selenium:selenium-devtools-v86:4.19.1` where the version ("v86") matches the version of the chromium-based browser you're using and the version number of the artifact is the same as Selenium's.
2024-10-28T09:46:06.807-05:00  INFO 20028 --- [demo] [SpringApplicationShutdownHook] j.LocalContainerEntityManagerFactoryBean : Closing JPA EntityManagerFactory for persistence unit 'default'
2024-10-28T09:46:06.808-05:00  INFO 20028 --- [demo] [SpringApplicationShutdownHook] com.zaxxer.hikari.HikariDataSource       : HikariPool-2 - Shutdown initiated...
2024-10-28T09:46:06.810-05:00  INFO 20028 --- [demo] [SpringApplicationShutdownHook] com.zaxxer.hikari.HikariDataSource       : HikariPool-2 - Shutdown completed.
2024-10-28T09:56:55.142-05:00  INFO 15140 --- [demo] [main] com.example.demo.frontend.UseCaseTest    : Starting UseCaseTest using Java 17.0.12 with PID 15140 (started by Janus in C:\Users\Janus\Documents\GitHub\PetLand\Proyecto\demo)
2024-10-28T09:56:55.143-05:00  INFO 15140 --- [demo] [main] com.example.demo.frontend.UseCaseTest    : The following 1 profile is active: "test"
2024-10-28T09:56:56.071-05:00  INFO 15140 --- [demo] [main] .s.d.r.c.RepositoryConfigurationDelegate : Bootstrapping Spring Data JPA repositories in DEFAULT mode.
2024-10-28T09:56:56.196-05:00  INFO 15140 --- [demo] [main] .s.d.r.c.RepositoryConfigurationDelegate : Finished Spring Data repository scanning in 104 ms. Found 6 JPA repository interfaces.
2024-10-28T09:56:57.088-05:00  INFO 15140 --- [demo] [main] o.s.b.w.embedded.tomcat.TomcatWebServer  : Tomcat initialized with port 8080 (http)
2024-10-28T09:56:57.111-05:00  INFO 15140 --- [demo] [main] o.apache.catalina.core.StandardService   : Starting service [Tomcat]
2024-10-28T09:56:57.112-05:00  INFO 15140 --- [demo] [main] o.apache.catalina.core.StandardEngine    : Starting Servlet engine: [Apache Tomcat/10.1.26]
2024-10-28T09:56:57.308-05:00  INFO 15140 --- [demo] [main] o.a.c.c.C.[Tomcat].[localhost].[/]       : Initializing Spring embedded WebApplicationContext
2024-10-28T09:56:57.309-05:00  INFO 15140 --- [demo] [main] w.s.c.ServletWebServerApplicationContext : Root WebApplicationContext: initialization completed in 2144 ms
2024-10-28T09:56:57.361-05:00  INFO 15140 --- [demo] [main] com.zaxxer.hikari.HikariDataSource       : HikariPool-1 - Starting...
2024-10-28T09:56:57.661-05:00  INFO 15140 --- [demo] [main] com.zaxxer.hikari.pool.HikariPool        : HikariPool-1 - Added connection conn0: url=jdbc:h2:mem:testdb user=SA
2024-10-28T09:56:57.663-05:00  INFO 15140 --- [demo] [main] com.zaxxer.hikari.HikariDataSource       : HikariPool-1 - Start completed.
2024-10-28T09:56:57.677-05:00  INFO 15140 --- [demo] [main] o.s.b.a.h2.H2ConsoleAutoConfiguration    : H2 console available at '/h2-console'. Database available at 'jdbc:h2:mem:testdb'
2024-10-28T09:56:57.954-05:00  INFO 15140 --- [demo] [main] o.hibernate.jpa.internal.util.LogHelper  : HHH000204: Processing PersistenceUnitInfo [name: default]
2024-10-28T09:56:58.070-05:00  INFO 15140 --- [demo] [main] org.hibernate.Version                    : HHH000412: Hibernate ORM core version 6.5.2.Final
2024-10-28T09:56:58.143-05:00  INFO 15140 --- [demo] [main] o.h.c.internal.RegionFactoryInitiator    : HHH000026: Second-level cache disabled
2024-10-28T09:56:58.681-05:00  INFO 15140 --- [demo] [main] o.s.o.j.p.SpringPersistenceUnitInfo      : No LoadTimeWeaver setup: ignoring JPA class transformer
2024-10-28T09:56:58.742-05:00  WARN 15140 --- [demo] [main] org.hibernate.orm.deprecation            : HHH90000025: H2Dialect does not need to be specified explicitly using 'hibernate.dialect' (remove the property setting and it will be selected by default)
2024-10-28T09:56:59.718-05:00  INFO 15140 --- [demo] [main] o.h.e.t.j.p.i.JtaPlatformInitiator       : HHH000489: No JTA platform available (set 'hibernate.transaction.jta.platform' to enable JTA platform integration)
2024-10-28T09:56:59.788-05:00  INFO 15140 --- [demo] [main] j.LocalContainerEntityManagerFactoryBean : Initialized JPA EntityManagerFactory for persistence unit 'default'
2024-10-28T09:57:00.235-05:00  INFO 15140 --- [demo] [main] o.s.d.j.r.query.QueryEnhancerFactory     : Hibernate is in classpath; If applicable, HQL parser will be used.
2024-10-28T09:57:01.359-05:00  WARN 15140 --- [demo] [main] JpaBaseConfiguration$JpaWebConfiguration : spring.jpa.open-in-view is enabled by default. Therefore, database queries may be performed during view rendering. Explicitly configure spring.jpa.open-in-view to disable this warning
2024-10-28T09:57:02.080-05:00  WARN 15140 --- [demo] [main] ion$DefaultTemplateResolverConfiguration : Cannot find template location: classpath:/templates/ (please add some templates, check your Thymeleaf configuration, or set spring.thymeleaf.check-template-location=false)
2024-10-28T09:57:02.649-05:00  INFO 15140 --- [demo] [main] o.s.b.w.embedded.tomcat.TomcatWebServer  : Tomcat started on port 8080 (http) with context path '/'
2024-10-28T09:57:02.660-05:00  INFO 15140 --- [demo] [main] com.example.demo.frontend.UseCaseTest    : Started UseCaseTest in 7.912 seconds (process running for 8.92)
2024-10-28T09:57:04.683-05:00  INFO 15140 --- [demo] [main] j.LocalContainerEntityManagerFactoryBean : Closing JPA EntityManagerFactory for persistence unit 'default'
2024-10-28T09:57:04.688-05:00  INFO 15140 --- [demo] [main] com.zaxxer.hikari.HikariDataSource       : HikariPool-1 - Shutdown initiated...
2024-10-28T09:57:04.694-05:00  INFO 15140 --- [demo] [main] com.zaxxer.hikari.HikariDataSource       : HikariPool-1 - Shutdown completed.
2024-10-28T09:57:04.707-05:00  INFO 15140 --- [demo] [main] o.s.b.d.r.RestartApplicationListener     : Restart disabled due to context in which it is running
2024-10-28T09:57:04.739-05:00  INFO 15140 --- [demo] [main] com.example.demo.frontend.UseCaseTest    : Starting UseCaseTest using Java 17.0.12 with PID 15140 (started by Janus in C:\Users\Janus\Documents\GitHub\PetLand\Proyecto\demo)
2024-10-28T09:57:04.739-05:00  INFO 15140 --- [demo] [main] com.example.demo.frontend.UseCaseTest    : The following 1 profile is active: "test"
2024-10-28T09:57:04.965-05:00  INFO 15140 --- [demo] [main] .s.d.r.c.RepositoryConfigurationDelegate : Bootstrapping Spring Data JPA repositories in DEFAULT mode.
2024-10-28T09:57:04.989-05:00  INFO 15140 --- [demo] [main] .s.d.r.c.RepositoryConfigurationDelegate : Finished Spring Data repository scanning in 23 ms. Found 6 JPA repository interfaces.
2024-10-28T09:57:05.060-05:00  INFO 15140 --- [demo] [main] o.s.b.w.embedded.tomcat.TomcatWebServer  : Tomcat initialized with port 8080 (http)
2024-10-28T09:57:05.062-05:00  INFO 15140 --- [demo] [main] o.apache.catalina.core.StandardService   : Starting service [Tomcat]
2024-10-28T09:57:05.062-05:00  INFO 15140 --- [demo] [main] o.apache.catalina.core.StandardEngine    : Starting Servlet engine: [Apache Tomcat/10.1.26]
2024-10-28T09:57:05.107-05:00  INFO 15140 --- [demo] [main] o.a.c.c.C.[Tomcat].[localhost].[/]       : Initializing Spring embedded WebApplicationContext
2024-10-28T09:57:05.108-05:00  INFO 15140 --- [demo] [main] w.s.c.ServletWebServerApplicationContext : Root WebApplicationContext: initialization completed in 365 ms
2024-10-28T09:57:05.118-05:00  INFO 15140 --- [demo] [main] com.zaxxer.hikari.HikariDataSource       : HikariPool-2 - Starting...
2024-10-28T09:57:05.121-05:00  INFO 15140 --- [demo] [main] com.zaxxer.hikari.pool.HikariPool        : HikariPool-2 - Added connection conn10: url=jdbc:h2:mem:testdb user=SA
2024-10-28T09:57:05.121-05:00  INFO 15140 --- [demo] [main] com.zaxxer.hikari.HikariDataSource       : HikariPool-2 - Start completed.
2024-10-28T09:57:05.122-05:00  INFO 15140 --- [demo] [main] o.s.b.a.h2.H2ConsoleAutoConfiguration    : H2 console available at '/h2-console'. Database available at 'jdbc:h2:mem:testdb'
2024-10-28T09:57:05.141-05:00  INFO 15140 --- [demo] [main] o.hibernate.jpa.internal.util.LogHelper  : HHH000204: Processing PersistenceUnitInfo [name: default]
2024-10-28T09:57:05.147-05:00  INFO 15140 --- [demo] [main] o.h.c.internal.RegionFactoryInitiator    : HHH000026: Second-level cache disabled
2024-10-28T09:57:05.163-05:00  INFO 15140 --- [demo] [main] o.s.o.j.p.SpringPersistenceUnitInfo      : No LoadTimeWeaver setup: ignoring JPA class transformer
2024-10-28T09:57:05.165-05:00  WARN 15140 --- [demo] [main] org.hibernate.orm.deprecation            : HHH90000025: H2Dialect does not need to be specified explicitly using 'hibernate.dialect' (remove the property setting and it will be selected by default)
2024-10-28T09:57:05.283-05:00  INFO 15140 --- [demo] [main] o.h.e.t.j.p.i.JtaPlatformInitiator       : HHH000489: No JTA platform available (set 'hibernate.transaction.jta.platform' to enable JTA platform integration)
2024-10-28T09:57:05.291-05:00  INFO 15140 --- [demo] [main] j.LocalContainerEntityManagerFactoryBean : Initialized JPA EntityManagerFactory for persistence unit 'default'
2024-10-28T09:57:05.462-05:00  WARN 15140 --- [demo] [main] JpaBaseConfiguration$JpaWebConfiguration : spring.jpa.open-in-view is enabled by default. Therefore, database queries may be performed during view rendering. Explicitly configure spring.jpa.open-in-view to disable this warning
2024-10-28T09:57:05.548-05:00  WARN 15140 --- [demo] [main] ion$DefaultTemplateResolverConfiguration : Cannot find template location: classpath:/templates/ (please add some templates, check your Thymeleaf configuration, or set spring.thymeleaf.check-template-location=false)
2024-10-28T09:57:05.601-05:00  INFO 15140 --- [demo] [main] o.s.b.w.embedded.tomcat.TomcatWebServer  : Tomcat started on port 8080 (http) with context path '/'
2024-10-28T09:57:05.604-05:00  INFO 15140 --- [demo] [main] com.example.demo.frontend.UseCaseTest    : Started UseCaseTest in 0.898 seconds (process running for 11.864)
2024-10-28T09:57:06.719-05:00  INFO 15140 --- [demo] [main] i.g.bonigarcia.wdm.WebDriverManager      : Using chromedriver 130.0.6723.69 (resolved driver for Chrome 130)
2024-10-28T09:57:06.753-05:00  INFO 15140 --- [demo] [main] i.g.bonigarcia.wdm.WebDriverManager      : Exporting webdriver.chrome.driver as C:\Users\Janus\.cache\selenium\chromedriver\win64\130.0.6723.69\chromedriver.exe
2024-10-28T09:57:07.695-05:00  WARN 15140 --- [demo] [main] o.o.selenium.devtools.CdpVersionFinder   : Unable to find CDP implementation matching 130
2024-10-28T09:57:07.696-05:00  WARN 15140 --- [demo] [main] o.o.selenium.chromium.ChromiumDriver     : Unable to find version of CDP to use for 130.0.6723.70. You may need to include a dependency on a specific version of the CDP using something similar to `org.seleniumhq.selenium:selenium-devtools-v86:4.19.1` where the version ("v86") matches the version of the chromium-based browser you're using and the version number of the artifact is the same as Selenium's.
2024-10-28T09:57:08.321-05:00  INFO 15140 --- [demo] [http-nio-8080-exec-1] o.a.c.c.C.[Tomcat].[localhost].[/]       : Initializing Spring DispatcherServlet 'dispatcherServlet'
2024-10-28T09:57:08.322-05:00  INFO 15140 --- [demo] [http-nio-8080-exec-1] o.s.web.servlet.DispatcherServlet        : Initializing Servlet 'dispatcherServlet'
2024-10-28T09:57:08.324-05:00  INFO 15140 --- [demo] [http-nio-8080-exec-1] o.s.web.servlet.DispatcherServlet        : Completed initialization in 2 ms
2024-10-28T09:57:18.627-05:00  INFO 15140 --- [demo] [SpringApplicationShutdownHook] j.LocalContainerEntityManagerFactoryBean : Closing JPA EntityManagerFactory for persistence unit 'default'
2024-10-28T09:57:18.628-05:00  INFO 15140 --- [demo] [SpringApplicationShutdownHook] com.zaxxer.hikari.HikariDataSource       : HikariPool-2 - Shutdown initiated...
2024-10-28T09:57:18.629-05:00  INFO 15140 --- [demo] [SpringApplicationShutdownHook] com.zaxxer.hikari.HikariDataSource       : HikariPool-2 - Shutdown completed.
2024-10-28T10:02:37.840-05:00  INFO 25216 --- [demo] [main] com.example.demo.frontend.UseCaseTest    : Starting UseCaseTest using Java 17.0.12 with PID 25216 (started by Janus in C:\Users\Janus\Documents\GitHub\PetLand\Proyecto\demo)
2024-10-28T10:02:37.841-05:00  INFO 25216 --- [demo] [main] com.example.demo.frontend.UseCaseTest    : The following 1 profile is active: "test"
2024-10-28T10:02:38.746-05:00  INFO 25216 --- [demo] [main] .s.d.r.c.RepositoryConfigurationDelegate : Bootstrapping Spring Data JPA repositories in DEFAULT mode.
2024-10-28T10:02:38.881-05:00  INFO 25216 --- [demo] [main] .s.d.r.c.RepositoryConfigurationDelegate : Finished Spring Data repository scanning in 119 ms. Found 6 JPA repository interfaces.
2024-10-28T10:02:39.945-05:00  INFO 25216 --- [demo] [main] o.s.b.w.embedded.tomcat.TomcatWebServer  : Tomcat initialized with port 8080 (http)
2024-10-28T10:02:39.971-05:00  INFO 25216 --- [demo] [main] o.apache.catalina.core.StandardService   : Starting service [Tomcat]
2024-10-28T10:02:39.972-05:00  INFO 25216 --- [demo] [main] o.apache.catalina.core.StandardEngine    : Starting Servlet engine: [Apache Tomcat/10.1.26]
2024-10-28T10:02:40.101-05:00  INFO 25216 --- [demo] [main] o.a.c.c.C.[Tomcat].[localhost].[/]       : Initializing Spring embedded WebApplicationContext
2024-10-28T10:02:40.102-05:00  INFO 25216 --- [demo] [main] w.s.c.ServletWebServerApplicationContext : Root WebApplicationContext: initialization completed in 2240 ms
2024-10-28T10:02:40.160-05:00  INFO 25216 --- [demo] [main] com.zaxxer.hikari.HikariDataSource       : HikariPool-1 - Starting...
2024-10-28T10:02:40.569-05:00  INFO 25216 --- [demo] [main] com.zaxxer.hikari.pool.HikariPool        : HikariPool-1 - Added connection conn0: url=jdbc:h2:mem:testdb user=SA
2024-10-28T10:02:40.574-05:00  INFO 25216 --- [demo] [main] com.zaxxer.hikari.HikariDataSource       : HikariPool-1 - Start completed.
2024-10-28T10:02:40.592-05:00  INFO 25216 --- [demo] [main] o.s.b.a.h2.H2ConsoleAutoConfiguration    : H2 console available at '/h2-console'. Database available at 'jdbc:h2:mem:testdb'
2024-10-28T10:02:40.838-05:00  INFO 25216 --- [demo] [main] o.hibernate.jpa.internal.util.LogHelper  : HHH000204: Processing PersistenceUnitInfo [name: default]
2024-10-28T10:02:40.979-05:00  INFO 25216 --- [demo] [main] org.hibernate.Version                    : HHH000412: Hibernate ORM core version 6.5.2.Final
2024-10-28T10:02:41.054-05:00  INFO 25216 --- [demo] [main] o.h.c.internal.RegionFactoryInitiator    : HHH000026: Second-level cache disabled
2024-10-28T10:02:41.675-05:00  INFO 25216 --- [demo] [main] o.s.o.j.p.SpringPersistenceUnitInfo      : No LoadTimeWeaver setup: ignoring JPA class transformer
2024-10-28T10:02:41.719-05:00  WARN 25216 --- [demo] [main] org.hibernate.orm.deprecation            : HHH90000025: H2Dialect does not need to be specified explicitly using 'hibernate.dialect' (remove the property setting and it will be selected by default)
2024-10-28T10:02:42.696-05:00  INFO 25216 --- [demo] [main] o.h.e.t.j.p.i.JtaPlatformInitiator       : HHH000489: No JTA platform available (set 'hibernate.transaction.jta.platform' to enable JTA platform integration)
2024-10-28T10:02:42.764-05:00  INFO 25216 --- [demo] [main] j.LocalContainerEntityManagerFactoryBean : Initialized JPA EntityManagerFactory for persistence unit 'default'
2024-10-28T10:02:43.187-05:00  INFO 25216 --- [demo] [main] o.s.d.j.r.query.QueryEnhancerFactory     : Hibernate is in classpath; If applicable, HQL parser will be used.
2024-10-28T10:02:44.224-05:00  WARN 25216 --- [demo] [main] JpaBaseConfiguration$JpaWebConfiguration : spring.jpa.open-in-view is enabled by default. Therefore, database queries may be performed during view rendering. Explicitly configure spring.jpa.open-in-view to disable this warning
2024-10-28T10:02:44.824-05:00  WARN 25216 --- [demo] [main] ion$DefaultTemplateResolverConfiguration : Cannot find template location: classpath:/templates/ (please add some templates, check your Thymeleaf configuration, or set spring.thymeleaf.check-template-location=false)
2024-10-28T10:02:45.394-05:00  INFO 25216 --- [demo] [main] o.s.b.w.embedded.tomcat.TomcatWebServer  : Tomcat started on port 8080 (http) with context path '/'
2024-10-28T10:02:45.405-05:00  INFO 25216 --- [demo] [main] com.example.demo.frontend.UseCaseTest    : Started UseCaseTest in 8.004 seconds (process running for 8.995)
2024-10-28T10:02:47.550-05:00  INFO 25216 --- [demo] [main] j.LocalContainerEntityManagerFactoryBean : Closing JPA EntityManagerFactory for persistence unit 'default'
2024-10-28T10:02:47.555-05:00  INFO 25216 --- [demo] [main] com.zaxxer.hikari.HikariDataSource       : HikariPool-1 - Shutdown initiated...
2024-10-28T10:02:47.559-05:00  INFO 25216 --- [demo] [main] com.zaxxer.hikari.HikariDataSource       : HikariPool-1 - Shutdown completed.
2024-10-28T10:02:47.571-05:00  INFO 25216 --- [demo] [main] o.s.b.d.r.RestartApplicationListener     : Restart disabled due to context in which it is running
2024-10-28T10:02:47.600-05:00  INFO 25216 --- [demo] [main] com.example.demo.frontend.UseCaseTest    : Starting UseCaseTest using Java 17.0.12 with PID 25216 (started by Janus in C:\Users\Janus\Documents\GitHub\PetLand\Proyecto\demo)
2024-10-28T10:02:47.600-05:00  INFO 25216 --- [demo] [main] com.example.demo.frontend.UseCaseTest    : The following 1 profile is active: "test"
2024-10-28T10:02:47.775-05:00  INFO 25216 --- [demo] [main] .s.d.r.c.RepositoryConfigurationDelegate : Bootstrapping Spring Data JPA repositories in DEFAULT mode.
2024-10-28T10:02:47.799-05:00  INFO 25216 --- [demo] [main] .s.d.r.c.RepositoryConfigurationDelegate : Finished Spring Data repository scanning in 22 ms. Found 6 JPA repository interfaces.
2024-10-28T10:02:47.861-05:00  INFO 25216 --- [demo] [main] o.s.b.w.embedded.tomcat.TomcatWebServer  : Tomcat initialized with port 8080 (http)
2024-10-28T10:02:47.862-05:00  INFO 25216 --- [demo] [main] o.apache.catalina.core.StandardService   : Starting service [Tomcat]
2024-10-28T10:02:47.864-05:00  INFO 25216 --- [demo] [main] o.apache.catalina.core.StandardEngine    : Starting Servlet engine: [Apache Tomcat/10.1.26]
2024-10-28T10:02:47.906-05:00  INFO 25216 --- [demo] [main] o.a.c.c.C.[Tomcat].[localhost].[/]       : Initializing Spring embedded WebApplicationContext
2024-10-28T10:02:47.906-05:00  INFO 25216 --- [demo] [main] w.s.c.ServletWebServerApplicationContext : Root WebApplicationContext: initialization completed in 303 ms
2024-10-28T10:02:47.915-05:00  INFO 25216 --- [demo] [main] com.zaxxer.hikari.HikariDataSource       : HikariPool-2 - Starting...
2024-10-28T10:02:47.917-05:00  INFO 25216 --- [demo] [main] com.zaxxer.hikari.pool.HikariPool        : HikariPool-2 - Added connection conn10: url=jdbc:h2:mem:testdb user=SA
2024-10-28T10:02:47.917-05:00  INFO 25216 --- [demo] [main] com.zaxxer.hikari.HikariDataSource       : HikariPool-2 - Start completed.
2024-10-28T10:02:47.918-05:00  INFO 25216 --- [demo] [main] o.s.b.a.h2.H2ConsoleAutoConfiguration    : H2 console available at '/h2-console'. Database available at 'jdbc:h2:mem:testdb'
2024-10-28T10:02:47.939-05:00  INFO 25216 --- [demo] [main] o.hibernate.jpa.internal.util.LogHelper  : HHH000204: Processing PersistenceUnitInfo [name: default]
2024-10-28T10:02:47.945-05:00  INFO 25216 --- [demo] [main] o.h.c.internal.RegionFactoryInitiator    : HHH000026: Second-level cache disabled
2024-10-28T10:02:47.962-05:00  INFO 25216 --- [demo] [main] o.s.o.j.p.SpringPersistenceUnitInfo      : No LoadTimeWeaver setup: ignoring JPA class transformer
2024-10-28T10:02:47.964-05:00  WARN 25216 --- [demo] [main] org.hibernate.orm.deprecation            : HHH90000025: H2Dialect does not need to be specified explicitly using 'hibernate.dialect' (remove the property setting and it will be selected by default)
2024-10-28T10:02:48.127-05:00  INFO 25216 --- [demo] [main] o.h.e.t.j.p.i.JtaPlatformInitiator       : HHH000489: No JTA platform available (set 'hibernate.transaction.jta.platform' to enable JTA platform integration)
2024-10-28T10:02:48.134-05:00  INFO 25216 --- [demo] [main] j.LocalContainerEntityManagerFactoryBean : Initialized JPA EntityManagerFactory for persistence unit 'default'
2024-10-28T10:02:48.248-05:00  WARN 25216 --- [demo] [main] JpaBaseConfiguration$JpaWebConfiguration : spring.jpa.open-in-view is enabled by default. Therefore, database queries may be performed during view rendering. Explicitly configure spring.jpa.open-in-view to disable this warning
2024-10-28T10:02:48.326-05:00  WARN 25216 --- [demo] [main] ion$DefaultTemplateResolverConfiguration : Cannot find template location: classpath:/templates/ (please add some templates, check your Thymeleaf configuration, or set spring.thymeleaf.check-template-location=false)
2024-10-28T10:02:48.361-05:00  INFO 25216 --- [demo] [main] o.s.b.w.embedded.tomcat.TomcatWebServer  : Tomcat started on port 8080 (http) with context path '/'
2024-10-28T10:02:48.364-05:00  INFO 25216 --- [demo] [main] com.example.demo.frontend.UseCaseTest    : Started UseCaseTest in 0.793 seconds (process running for 11.955)
2024-10-28T10:02:49.503-05:00  INFO 25216 --- [demo] [main] i.g.bonigarcia.wdm.WebDriverManager      : Using chromedriver 130.0.6723.69 (resolved driver for Chrome 130)
2024-10-28T10:02:49.546-05:00  INFO 25216 --- [demo] [main] i.g.bonigarcia.wdm.WebDriverManager      : Exporting webdriver.chrome.driver as C:\Users\Janus\.cache\selenium\chromedriver\win64\130.0.6723.69\chromedriver.exe
2024-10-28T10:02:50.500-05:00  WARN 25216 --- [demo] [main] o.o.selenium.devtools.CdpVersionFinder   : Unable to find CDP implementation matching 130
2024-10-28T10:02:50.501-05:00  WARN 25216 --- [demo] [main] o.o.selenium.chromium.ChromiumDriver     : Unable to find version of CDP to use for 130.0.6723.70. You may need to include a dependency on a specific version of the CDP using something similar to `org.seleniumhq.selenium:selenium-devtools-v86:4.19.1` where the version ("v86") matches the version of the chromium-based browser you're using and the version number of the artifact is the same as Selenium's.
2024-10-28T10:02:51.153-05:00  INFO 25216 --- [demo] [http-nio-8080-exec-1] o.a.c.c.C.[Tomcat].[localhost].[/]       : Initializing Spring DispatcherServlet 'dispatcherServlet'
2024-10-28T10:02:51.153-05:00  INFO 25216 --- [demo] [http-nio-8080-exec-1] o.s.web.servlet.DispatcherServlet        : Initializing Servlet 'dispatcherServlet'
2024-10-28T10:02:51.154-05:00  INFO 25216 --- [demo] [http-nio-8080-exec-1] o.s.web.servlet.DispatcherServlet        : Completed initialization in 1 ms
2024-10-28T10:03:01.450-05:00  INFO 25216 --- [demo] [SpringApplicationShutdownHook] j.LocalContainerEntityManagerFactoryBean : Closing JPA EntityManagerFactory for persistence unit 'default'
2024-10-28T10:03:01.451-05:00  INFO 25216 --- [demo] [SpringApplicationShutdownHook] com.zaxxer.hikari.HikariDataSource       : HikariPool-2 - Shutdown initiated...
2024-10-28T10:03:01.452-05:00  INFO 25216 --- [demo] [SpringApplicationShutdownHook] com.zaxxer.hikari.HikariDataSource       : HikariPool-2 - Shutdown completed.
2024-10-28T10:03:31.568-05:00  INFO 15028 --- [demo] [main] com.example.demo.frontend.UseCaseTest    : Starting UseCaseTest using Java 17.0.12 with PID 15028 (started by Janus in C:\Users\Janus\Documents\GitHub\PetLand\Proyecto\demo)
2024-10-28T10:03:31.570-05:00  INFO 15028 --- [demo] [main] com.example.demo.frontend.UseCaseTest    : The following 1 profile is active: "test"
2024-10-28T10:03:32.458-05:00  INFO 15028 --- [demo] [main] .s.d.r.c.RepositoryConfigurationDelegate : Bootstrapping Spring Data JPA repositories in DEFAULT mode.
2024-10-28T10:03:32.575-05:00  INFO 15028 --- [demo] [main] .s.d.r.c.RepositoryConfigurationDelegate : Finished Spring Data repository scanning in 105 ms. Found 6 JPA repository interfaces.
2024-10-28T10:03:33.435-05:00  INFO 15028 --- [demo] [main] o.s.b.w.embedded.tomcat.TomcatWebServer  : Tomcat initialized with port 8080 (http)
2024-10-28T10:03:33.457-05:00  INFO 15028 --- [demo] [main] o.apache.catalina.core.StandardService   : Starting service [Tomcat]
2024-10-28T10:03:33.458-05:00  INFO 15028 --- [demo] [main] o.apache.catalina.core.StandardEngine    : Starting Servlet engine: [Apache Tomcat/10.1.26]
2024-10-28T10:03:33.581-05:00  INFO 15028 --- [demo] [main] o.a.c.c.C.[Tomcat].[localhost].[/]       : Initializing Spring embedded WebApplicationContext
2024-10-28T10:03:33.583-05:00  INFO 15028 --- [demo] [main] w.s.c.ServletWebServerApplicationContext : Root WebApplicationContext: initialization completed in 1992 ms
2024-10-28T10:03:33.621-05:00  INFO 15028 --- [demo] [main] com.zaxxer.hikari.HikariDataSource       : HikariPool-1 - Starting...
2024-10-28T10:03:33.865-05:00  INFO 15028 --- [demo] [main] com.zaxxer.hikari.pool.HikariPool        : HikariPool-1 - Added connection conn0: url=jdbc:h2:mem:testdb user=SA
2024-10-28T10:03:33.868-05:00  INFO 15028 --- [demo] [main] com.zaxxer.hikari.HikariDataSource       : HikariPool-1 - Start completed.
2024-10-28T10:03:33.884-05:00  INFO 15028 --- [demo] [main] o.s.b.a.h2.H2ConsoleAutoConfiguration    : H2 console available at '/h2-console'. Database available at 'jdbc:h2:mem:testdb'
2024-10-28T10:03:34.111-05:00  INFO 15028 --- [demo] [main] o.hibernate.jpa.internal.util.LogHelper  : HHH000204: Processing PersistenceUnitInfo [name: default]
2024-10-28T10:03:34.243-05:00  INFO 15028 --- [demo] [main] org.hibernate.Version                    : HHH000412: Hibernate ORM core version 6.5.2.Final
2024-10-28T10:03:34.341-05:00  INFO 15028 --- [demo] [main] o.h.c.internal.RegionFactoryInitiator    : HHH000026: Second-level cache disabled
2024-10-28T10:03:34.965-05:00  INFO 15028 --- [demo] [main] o.s.o.j.p.SpringPersistenceUnitInfo      : No LoadTimeWeaver setup: ignoring JPA class transformer
2024-10-28T10:03:35.029-05:00  WARN 15028 --- [demo] [main] org.hibernate.orm.deprecation            : HHH90000025: H2Dialect does not need to be specified explicitly using 'hibernate.dialect' (remove the property setting and it will be selected by default)
2024-10-28T10:03:36.073-05:00  INFO 15028 --- [demo] [main] o.h.e.t.j.p.i.JtaPlatformInitiator       : HHH000489: No JTA platform available (set 'hibernate.transaction.jta.platform' to enable JTA platform integration)
2024-10-28T10:03:36.140-05:00  INFO 15028 --- [demo] [main] j.LocalContainerEntityManagerFactoryBean : Initialized JPA EntityManagerFactory for persistence unit 'default'
2024-10-28T10:03:36.578-05:00  INFO 15028 --- [demo] [main] o.s.d.j.r.query.QueryEnhancerFactory     : Hibernate is in classpath; If applicable, HQL parser will be used.
2024-10-28T10:03:37.815-05:00  WARN 15028 --- [demo] [main] JpaBaseConfiguration$JpaWebConfiguration : spring.jpa.open-in-view is enabled by default. Therefore, database queries may be performed during view rendering. Explicitly configure spring.jpa.open-in-view to disable this warning
2024-10-28T10:03:38.463-05:00  WARN 15028 --- [demo] [main] ion$DefaultTemplateResolverConfiguration : Cannot find template location: classpath:/templates/ (please add some templates, check your Thymeleaf configuration, or set spring.thymeleaf.check-template-location=false)
2024-10-28T10:03:39.073-05:00  INFO 15028 --- [demo] [main] o.s.b.w.embedded.tomcat.TomcatWebServer  : Tomcat started on port 8080 (http) with context path '/'
2024-10-28T10:03:39.086-05:00  INFO 15028 --- [demo] [main] com.example.demo.frontend.UseCaseTest    : Started UseCaseTest in 7.904 seconds (process running for 8.87)
2024-10-28T10:03:41.442-05:00  INFO 15028 --- [demo] [main] j.LocalContainerEntityManagerFactoryBean : Closing JPA EntityManagerFactory for persistence unit 'default'
2024-10-28T10:03:41.447-05:00  INFO 15028 --- [demo] [main] com.zaxxer.hikari.HikariDataSource       : HikariPool-1 - Shutdown initiated...
2024-10-28T10:03:41.452-05:00  INFO 15028 --- [demo] [main] com.zaxxer.hikari.HikariDataSource       : HikariPool-1 - Shutdown completed.
2024-10-28T10:03:41.465-05:00  INFO 15028 --- [demo] [main] o.s.b.d.r.RestartApplicationListener     : Restart disabled due to context in which it is running
2024-10-28T10:03:41.541-05:00  INFO 15028 --- [demo] [main] com.example.demo.frontend.UseCaseTest    : Starting UseCaseTest using Java 17.0.12 with PID 15028 (started by Janus in C:\Users\Janus\Documents\GitHub\PetLand\Proyecto\demo)
2024-10-28T10:03:41.548-05:00  INFO 15028 --- [demo] [main] com.example.demo.frontend.UseCaseTest    : The following 1 profile is active: "test"
2024-10-28T10:03:41.963-05:00  INFO 15028 --- [demo] [main] .s.d.r.c.RepositoryConfigurationDelegate : Bootstrapping Spring Data JPA repositories in DEFAULT mode.
2024-10-28T10:03:42.001-05:00  INFO 15028 --- [demo] [main] .s.d.r.c.RepositoryConfigurationDelegate : Finished Spring Data repository scanning in 37 ms. Found 6 JPA repository interfaces.
2024-10-28T10:03:42.167-05:00  INFO 15028 --- [demo] [main] o.s.b.w.embedded.tomcat.TomcatWebServer  : Tomcat initialized with port 8080 (http)
2024-10-28T10:03:42.171-05:00  INFO 15028 --- [demo] [main] o.apache.catalina.core.StandardService   : Starting service [Tomcat]
2024-10-28T10:03:42.176-05:00  INFO 15028 --- [demo] [main] o.apache.catalina.core.StandardEngine    : Starting Servlet engine: [Apache Tomcat/10.1.26]
2024-10-28T10:03:42.281-05:00  INFO 15028 --- [demo] [main] o.a.c.c.C.[Tomcat].[localhost].[/]       : Initializing Spring embedded WebApplicationContext
2024-10-28T10:03:42.281-05:00  INFO 15028 --- [demo] [main] w.s.c.ServletWebServerApplicationContext : Root WebApplicationContext: initialization completed in 723 ms
2024-10-28T10:03:42.304-05:00  INFO 15028 --- [demo] [main] com.zaxxer.hikari.HikariDataSource       : HikariPool-2 - Starting...
2024-10-28T10:03:42.308-05:00  INFO 15028 --- [demo] [main] com.zaxxer.hikari.pool.HikariPool        : HikariPool-2 - Added connection conn10: url=jdbc:h2:mem:testdb user=SA
2024-10-28T10:03:42.309-05:00  INFO 15028 --- [demo] [main] com.zaxxer.hikari.HikariDataSource       : HikariPool-2 - Start completed.
2024-10-28T10:03:42.311-05:00  INFO 15028 --- [demo] [main] o.s.b.a.h2.H2ConsoleAutoConfiguration    : H2 console available at '/h2-console'. Database available at 'jdbc:h2:mem:testdb'
2024-10-28T10:03:42.373-05:00  INFO 15028 --- [demo] [main] o.hibernate.jpa.internal.util.LogHelper  : HHH000204: Processing PersistenceUnitInfo [name: default]
2024-10-28T10:03:42.387-05:00  INFO 15028 --- [demo] [main] o.h.c.internal.RegionFactoryInitiator    : HHH000026: Second-level cache disabled
2024-10-28T10:03:42.427-05:00  INFO 15028 --- [demo] [main] o.s.o.j.p.SpringPersistenceUnitInfo      : No LoadTimeWeaver setup: ignoring JPA class transformer
2024-10-28T10:03:42.431-05:00  WARN 15028 --- [demo] [main] org.hibernate.orm.deprecation            : HHH90000025: H2Dialect does not need to be specified explicitly using 'hibernate.dialect' (remove the property setting and it will be selected by default)
2024-10-28T10:03:42.707-05:00  INFO 15028 --- [demo] [main] o.h.e.t.j.p.i.JtaPlatformInitiator       : HHH000489: No JTA platform available (set 'hibernate.transaction.jta.platform' to enable JTA platform integration)
2024-10-28T10:03:42.721-05:00  INFO 15028 --- [demo] [main] j.LocalContainerEntityManagerFactoryBean : Initialized JPA EntityManagerFactory for persistence unit 'default'
2024-10-28T10:03:42.995-05:00  WARN 15028 --- [demo] [main] JpaBaseConfiguration$JpaWebConfiguration : spring.jpa.open-in-view is enabled by default. Therefore, database queries may be performed during view rendering. Explicitly configure spring.jpa.open-in-view to disable this warning
2024-10-28T10:03:43.147-05:00  WARN 15028 --- [demo] [main] ion$DefaultTemplateResolverConfiguration : Cannot find template location: classpath:/templates/ (please add some templates, check your Thymeleaf configuration, or set spring.thymeleaf.check-template-location=false)
2024-10-28T10:03:43.235-05:00  INFO 15028 --- [demo] [main] o.s.b.w.embedded.tomcat.TomcatWebServer  : Tomcat started on port 8080 (http) with context path '/'
2024-10-28T10:03:43.246-05:00  INFO 15028 --- [demo] [main] com.example.demo.frontend.UseCaseTest    : Started UseCaseTest in 1.781 seconds (process running for 13.03)
2024-10-28T10:03:44.886-05:00  INFO 15028 --- [demo] [main] i.g.bonigarcia.wdm.WebDriverManager      : Using chromedriver 130.0.6723.69 (resolved driver for Chrome 130)
2024-10-28T10:03:44.944-05:00  INFO 15028 --- [demo] [main] i.g.bonigarcia.wdm.WebDriverManager      : Exporting webdriver.chrome.driver as C:\Users\Janus\.cache\selenium\chromedriver\win64\130.0.6723.69\chromedriver.exe
2024-10-28T10:03:45.868-05:00  WARN 15028 --- [demo] [main] o.o.selenium.devtools.CdpVersionFinder   : Unable to find CDP implementation matching 130
2024-10-28T10:03:45.869-05:00  WARN 15028 --- [demo] [main] o.o.selenium.chromium.ChromiumDriver     : Unable to find version of CDP to use for 130.0.6723.70. You may need to include a dependency on a specific version of the CDP using something similar to `org.seleniumhq.selenium:selenium-devtools-v86:4.19.1` where the version ("v86") matches the version of the chromium-based browser you're using and the version number of the artifact is the same as Selenium's.
2024-10-28T10:03:46.576-05:00  INFO 15028 --- [demo] [http-nio-8080-exec-2] o.a.c.c.C.[Tomcat].[localhost].[/]       : Initializing Spring DispatcherServlet 'dispatcherServlet'
2024-10-28T10:03:46.576-05:00  INFO 15028 --- [demo] [http-nio-8080-exec-2] o.s.web.servlet.DispatcherServlet        : Initializing Servlet 'dispatcherServlet'
2024-10-28T10:03:46.579-05:00  INFO 15028 --- [demo] [http-nio-8080-exec-2] o.s.web.servlet.DispatcherServlet        : Completed initialization in 3 ms
2024-10-28T10:03:56.874-05:00  INFO 15028 --- [demo] [SpringApplicationShutdownHook] j.LocalContainerEntityManagerFactoryBean : Closing JPA EntityManagerFactory for persistence unit 'default'
2024-10-28T10:03:56.874-05:00  INFO 15028 --- [demo] [SpringApplicationShutdownHook] com.zaxxer.hikari.HikariDataSource       : HikariPool-2 - Shutdown initiated...
2024-10-28T10:03:56.875-05:00  INFO 15028 --- [demo] [SpringApplicationShutdownHook] com.zaxxer.hikari.HikariDataSource       : HikariPool-2 - Shutdown completed.
2024-10-28T10:09:46.521-05:00  INFO 10660 --- [demo] [main] com.example.demo.frontend.UseCaseTest    : Starting UseCaseTest using Java 17.0.12 with PID 10660 (started by Janus in C:\Users\Janus\Documents\GitHub\PetLand\Proyecto\demo)
2024-10-28T10:09:46.522-05:00  INFO 10660 --- [demo] [main] com.example.demo.frontend.UseCaseTest    : The following 1 profile is active: "test"
2024-10-28T10:09:47.432-05:00  INFO 10660 --- [demo] [main] .s.d.r.c.RepositoryConfigurationDelegate : Bootstrapping Spring Data JPA repositories in DEFAULT mode.
2024-10-28T10:09:47.539-05:00  INFO 10660 --- [demo] [main] .s.d.r.c.RepositoryConfigurationDelegate : Finished Spring Data repository scanning in 95 ms. Found 6 JPA repository interfaces.
2024-10-28T10:09:48.410-05:00  INFO 10660 --- [demo] [main] o.s.b.w.embedded.tomcat.TomcatWebServer  : Tomcat initialized with port 8080 (http)
2024-10-28T10:09:48.432-05:00  INFO 10660 --- [demo] [main] o.apache.catalina.core.StandardService   : Starting service [Tomcat]
2024-10-28T10:09:48.433-05:00  INFO 10660 --- [demo] [main] o.apache.catalina.core.StandardEngine    : Starting Servlet engine: [Apache Tomcat/10.1.26]
2024-10-28T10:09:48.595-05:00  INFO 10660 --- [demo] [main] o.a.c.c.C.[Tomcat].[localhost].[/]       : Initializing Spring embedded WebApplicationContext
2024-10-28T10:09:48.596-05:00  INFO 10660 --- [demo] [main] w.s.c.ServletWebServerApplicationContext : Root WebApplicationContext: initialization completed in 2053 ms
2024-10-28T10:09:48.641-05:00  INFO 10660 --- [demo] [main] com.zaxxer.hikari.HikariDataSource       : HikariPool-1 - Starting...
2024-10-28T10:09:48.983-05:00  INFO 10660 --- [demo] [main] com.zaxxer.hikari.pool.HikariPool        : HikariPool-1 - Added connection conn0: url=jdbc:h2:mem:testdb user=SA
2024-10-28T10:09:48.986-05:00  INFO 10660 --- [demo] [main] com.zaxxer.hikari.HikariDataSource       : HikariPool-1 - Start completed.
2024-10-28T10:09:49.002-05:00  INFO 10660 --- [demo] [main] o.s.b.a.h2.H2ConsoleAutoConfiguration    : H2 console available at '/h2-console'. Database available at 'jdbc:h2:mem:testdb'
2024-10-28T10:09:49.261-05:00  INFO 10660 --- [demo] [main] o.hibernate.jpa.internal.util.LogHelper  : HHH000204: Processing PersistenceUnitInfo [name: default]
2024-10-28T10:09:49.400-05:00  INFO 10660 --- [demo] [main] org.hibernate.Version                    : HHH000412: Hibernate ORM core version 6.5.2.Final
2024-10-28T10:09:49.517-05:00  INFO 10660 --- [demo] [main] o.h.c.internal.RegionFactoryInitiator    : HHH000026: Second-level cache disabled
2024-10-28T10:09:50.155-05:00  INFO 10660 --- [demo] [main] o.s.o.j.p.SpringPersistenceUnitInfo      : No LoadTimeWeaver setup: ignoring JPA class transformer
2024-10-28T10:09:50.202-05:00  WARN 10660 --- [demo] [main] org.hibernate.orm.deprecation            : HHH90000025: H2Dialect does not need to be specified explicitly using 'hibernate.dialect' (remove the property setting and it will be selected by default)
2024-10-28T10:09:51.227-05:00  INFO 10660 --- [demo] [main] o.h.e.t.j.p.i.JtaPlatformInitiator       : HHH000489: No JTA platform available (set 'hibernate.transaction.jta.platform' to enable JTA platform integration)
2024-10-28T10:09:51.295-05:00  INFO 10660 --- [demo] [main] j.LocalContainerEntityManagerFactoryBean : Initialized JPA EntityManagerFactory for persistence unit 'default'
2024-10-28T10:09:51.735-05:00  INFO 10660 --- [demo] [main] o.s.d.j.r.query.QueryEnhancerFactory     : Hibernate is in classpath; If applicable, HQL parser will be used.
2024-10-28T10:09:52.813-05:00  WARN 10660 --- [demo] [main] JpaBaseConfiguration$JpaWebConfiguration : spring.jpa.open-in-view is enabled by default. Therefore, database queries may be performed during view rendering. Explicitly configure spring.jpa.open-in-view to disable this warning
2024-10-28T10:09:53.463-05:00  WARN 10660 --- [demo] [main] ion$DefaultTemplateResolverConfiguration : Cannot find template location: classpath:/templates/ (please add some templates, check your Thymeleaf configuration, or set spring.thymeleaf.check-template-location=false)
2024-10-28T10:09:54.190-05:00  WARN 10660 --- [demo] [main] ConfigServletWebServerApplicationContext : Exception encountered during context initialization - cancelling refresh attempt: org.springframework.context.ApplicationContextException: Failed to start bean 'webServerStartStop'
2024-10-28T10:09:54.192-05:00  INFO 10660 --- [demo] [main] j.LocalContainerEntityManagerFactoryBean : Closing JPA EntityManagerFactory for persistence unit 'default'
2024-10-28T10:09:54.196-05:00  INFO 10660 --- [demo] [main] com.zaxxer.hikari.HikariDataSource       : HikariPool-1 - Shutdown initiated...
2024-10-28T10:09:54.201-05:00  INFO 10660 --- [demo] [main] com.zaxxer.hikari.HikariDataSource       : HikariPool-1 - Shutdown completed.
2024-10-28T10:09:54.225-05:00  INFO 10660 --- [demo] [main] .s.b.a.l.ConditionEvaluationReportLogger : 

Error starting ApplicationContext. To display the condition evaluation report re-run your application with 'debug' enabled.
2024-10-28T10:09:54.295-05:00 ERROR 10660 --- [demo] [main] o.s.b.d.LoggingFailureAnalysisReporter   : 

***************************
APPLICATION FAILED TO START
***************************

Description:

Web server failed to start. Port 8080 was already in use.

Action:

Identify and stop the process that's listening on port 8080 or configure this application to listen on another port.

2024-10-28T10:09:54.305-05:00  WARN 10660 --- [demo] [main] o.s.test.context.TestContextManager      : Caught exception while allowing TestExecutionListener [org.springframework.test.context.support.DependencyInjectionTestExecutionListener] to prepare test instance [com.example.demo.frontend.UseCaseTest@5fab1ec6]

java.lang.IllegalStateException: Failed to load ApplicationContext for [WebMergedContextConfiguration@62c6c467 testClass = com.example.demo.frontend.UseCaseTest, locations = [], classes = [com.example.demo.DemoApplication], contextInitializerClasses = [], activeProfiles = ["test"], propertySourceDescriptors = [], propertySourceProperties = ["org.springframework.boot.test.context.SpringBootTestContextBootstrapper=true"], contextCustomizers = [org.springframework.boot.test.context.filter.ExcludeFilterContextCustomizer@543295b0, org.springframework.boot.test.json.DuplicateJsonObjectContextCustomizerFactory$DuplicateJsonObjectContextCustomizer@3b0fe47a, org.springframework.boot.test.mock.mockito.MockitoContextCustomizer@0, org.springframework.boot.test.web.client.TestRestTemplateContextCustomizer@1c5920df, org.springframework.boot.test.web.reactor.netty.DisableReactorResourceFactoryGlobalResourcesContextCustomizerFactory$DisableReactorResourceFactoryGlobalResourcesContextCustomizerCustomizer@8458f04, org.springframework.boot.test.autoconfigure.actuate.observability.ObservabilityContextCustomizerFactory$DisableObservabilityContextCustomizer@1f, org.springframework.boot.test.autoconfigure.properties.PropertyMappingContextCustomizer@0, org.springframework.boot.test.autoconfigure.web.servlet.WebDriverContextCustomizer@4d1c005e, org.springframework.boot.test.context.SpringBootTestAnnotation@778033c3], resourceBasePath = "src/main/webapp", contextLoader = org.springframework.boot.test.context.SpringBootContextLoader, parent = null]
	at org.springframework.test.context.cache.DefaultCacheAwareContextLoaderDelegate.loadContext(DefaultCacheAwareContextLoaderDelegate.java:180) ~[spring-test-6.1.11.jar:6.1.11]
	at org.springframework.test.context.support.DefaultTestContext.getApplicationContext(DefaultTestContext.java:130) ~[spring-test-6.1.11.jar:6.1.11]
	at org.springframework.test.context.support.DependencyInjectionTestExecutionListener.injectDependencies(DependencyInjectionTestExecutionListener.java:142) ~[spring-test-6.1.11.jar:6.1.11]
	at org.springframework.test.context.support.DependencyInjectionTestExecutionListener.prepareTestInstance(DependencyInjectionTestExecutionListener.java:98) ~[spring-test-6.1.11.jar:6.1.11]
	at org.springframework.test.context.TestContextManager.prepareTestInstance(TestContextManager.java:260) ~[spring-test-6.1.11.jar:6.1.11]
	at org.springframework.test.context.junit.jupiter.SpringExtension.postProcessTestInstance(SpringExtension.java:163) ~[spring-test-6.1.11.jar:6.1.11]
	at org.junit.jupiter.engine.descriptor.ClassBasedTestDescriptor.lambda$invokeTestInstancePostProcessors$10(ClassBasedTestDescriptor.java:378) ~[junit-jupiter-engine-5.10.3.jar:5.10.3]
	at org.junit.jupiter.engine.descriptor.ClassBasedTestDescriptor.executeAndMaskThrowable(ClassBasedTestDescriptor.java:383) ~[junit-jupiter-engine-5.10.3.jar:5.10.3]
	at org.junit.jupiter.engine.descriptor.ClassBasedTestDescriptor.lambda$invokeTestInstancePostProcessors$11(ClassBasedTestDescriptor.java:378) ~[junit-jupiter-engine-5.10.3.jar:5.10.3]
	at java.base/java.util.stream.ReferencePipeline$3$1.accept(ReferencePipeline.java:197) ~[na:na]
	at java.base/java.util.stream.ReferencePipeline$2$1.accept(ReferencePipeline.java:179) ~[na:na]
	at java.base/java.util.ArrayList$ArrayListSpliterator.forEachRemaining(ArrayList.java:1625) ~[na:na]
	at java.base/java.util.stream.AbstractPipeline.copyInto(AbstractPipeline.java:509) ~[na:na]
	at java.base/java.util.stream.AbstractPipeline.wrapAndCopyInto(AbstractPipeline.java:499) ~[na:na]
	at java.base/java.util.stream.StreamSpliterators$WrappingSpliterator.forEachRemaining(StreamSpliterators.java:310) ~[na:na]
	at java.base/java.util.stream.Streams$ConcatSpliterator.forEachRemaining(Streams.java:735) ~[na:na]
	at java.base/java.util.stream.Streams$ConcatSpliterator.forEachRemaining(Streams.java:734) ~[na:na]
	at java.base/java.util.stream.ReferencePipeline$Head.forEach(ReferencePipeline.java:762) ~[na:na]
	at org.junit.jupiter.engine.descriptor.ClassBasedTestDescriptor.invokeTestInstancePostProcessors(ClassBasedTestDescriptor.java:377) ~[junit-jupiter-engine-5.10.3.jar:5.10.3]
	at org.junit.jupiter.engine.descriptor.ClassBasedTestDescriptor.lambda$instantiateAndPostProcessTestInstance$6(ClassBasedTestDescriptor.java:290) ~[junit-jupiter-engine-5.10.3.jar:5.10.3]
	at org.junit.platform.engine.support.hierarchical.ThrowableCollector.execute(ThrowableCollector.java:73) ~[junit-platform-engine-1.10.3.jar:1.10.3]
	at org.junit.jupiter.engine.descriptor.ClassBasedTestDescriptor.instantiateAndPostProcessTestInstance(ClassBasedTestDescriptor.java:289) ~[junit-jupiter-engine-5.10.3.jar:5.10.3]
	at org.junit.jupiter.engine.descriptor.ClassBasedTestDescriptor.lambda$testInstancesProvider$4(ClassBasedTestDescriptor.java:279) ~[junit-jupiter-engine-5.10.3.jar:5.10.3]
	at java.base/java.util.Optional.orElseGet(Optional.java:364) ~[na:na]
	at org.junit.jupiter.engine.descriptor.ClassBasedTestDescriptor.lambda$testInstancesProvider$5(ClassBasedTestDescriptor.java:278) ~[junit-jupiter-engine-5.10.3.jar:5.10.3]
	at org.junit.jupiter.engine.execution.TestInstancesProvider.getTestInstances(TestInstancesProvider.java:31) ~[junit-jupiter-engine-5.10.3.jar:5.10.3]
	at org.junit.jupiter.engine.descriptor.TestMethodTestDescriptor.lambda$prepare$0(TestMethodTestDescriptor.java:106) ~[junit-jupiter-engine-5.10.3.jar:5.10.3]
	at org.junit.platform.engine.support.hierarchical.ThrowableCollector.execute(ThrowableCollector.java:73) ~[junit-platform-engine-1.10.3.jar:1.10.3]
	at org.junit.jupiter.engine.descriptor.TestMethodTestDescriptor.prepare(TestMethodTestDescriptor.java:105) ~[junit-jupiter-engine-5.10.3.jar:5.10.3]
	at org.junit.jupiter.engine.descriptor.TestMethodTestDescriptor.prepare(TestMethodTestDescriptor.java:69) ~[junit-jupiter-engine-5.10.3.jar:5.10.3]
	at org.junit.platform.engine.support.hierarchical.NodeTestTask.lambda$prepare$2(NodeTestTask.java:123) ~[junit-platform-engine-1.10.3.jar:1.10.3]
	at org.junit.platform.engine.support.hierarchical.ThrowableCollector.execute(ThrowableCollector.java:73) ~[junit-platform-engine-1.10.3.jar:1.10.3]
	at org.junit.platform.engine.support.hierarchical.NodeTestTask.prepare(NodeTestTask.java:123) ~[junit-platform-engine-1.10.3.jar:1.10.3]
	at org.junit.platform.engine.support.hierarchical.NodeTestTask.execute(NodeTestTask.java:90) ~[junit-platform-engine-1.10.3.jar:1.10.3]
	at java.base/java.util.ArrayList.forEach(ArrayList.java:1511) ~[na:na]
	at org.junit.platform.engine.support.hierarchical.SameThreadHierarchicalTestExecutorService.invokeAll(SameThreadHierarchicalTestExecutorService.java:41) ~[junit-platform-engine-1.10.3.jar:1.10.3]
	at org.junit.platform.engine.support.hierarchical.NodeTestTask.lambda$executeRecursively$6(NodeTestTask.java:155) ~[junit-platform-engine-1.10.3.jar:1.10.3]
	at org.junit.platform.engine.support.hierarchical.ThrowableCollector.execute(ThrowableCollector.java:73) ~[junit-platform-engine-1.10.3.jar:1.10.3]
	at org.junit.platform.engine.support.hierarchical.NodeTestTask.lambda$executeRecursively$8(NodeTestTask.java:141) ~[junit-platform-engine-1.10.3.jar:1.10.3]
	at org.junit.platform.engine.support.hierarchical.Node.around(Node.java:137) ~[junit-platform-engine-1.10.3.jar:1.10.3]
	at org.junit.platform.engine.support.hierarchical.NodeTestTask.lambda$executeRecursively$9(NodeTestTask.java:139) ~[junit-platform-engine-1.10.3.jar:1.10.3]
	at org.junit.platform.engine.support.hierarchical.ThrowableCollector.execute(ThrowableCollector.java:73) ~[junit-platform-engine-1.10.3.jar:1.10.3]
	at org.junit.platform.engine.support.hierarchical.NodeTestTask.executeRecursively(NodeTestTask.java:138) ~[junit-platform-engine-1.10.3.jar:1.10.3]
	at org.junit.platform.engine.support.hierarchical.NodeTestTask.execute(NodeTestTask.java:95) ~[junit-platform-engine-1.10.3.jar:1.10.3]
	at java.base/java.util.ArrayList.forEach(ArrayList.java:1511) ~[na:na]
	at org.junit.platform.engine.support.hierarchical.SameThreadHierarchicalTestExecutorService.invokeAll(SameThreadHierarchicalTestExecutorService.java:41) ~[junit-platform-engine-1.10.3.jar:1.10.3]
	at org.junit.platform.engine.support.hierarchical.NodeTestTask.lambda$executeRecursively$6(NodeTestTask.java:155) ~[junit-platform-engine-1.10.3.jar:1.10.3]
	at org.junit.platform.engine.support.hierarchical.ThrowableCollector.execute(ThrowableCollector.java:73) ~[junit-platform-engine-1.10.3.jar:1.10.3]
	at org.junit.platform.engine.support.hierarchical.NodeTestTask.lambda$executeRecursively$8(NodeTestTask.java:141) ~[junit-platform-engine-1.10.3.jar:1.10.3]
	at org.junit.platform.engine.support.hierarchical.Node.around(Node.java:137) ~[junit-platform-engine-1.10.3.jar:1.10.3]
	at org.junit.platform.engine.support.hierarchical.NodeTestTask.lambda$executeRecursively$9(NodeTestTask.java:139) ~[junit-platform-engine-1.10.3.jar:1.10.3]
	at org.junit.platform.engine.support.hierarchical.ThrowableCollector.execute(ThrowableCollector.java:73) ~[junit-platform-engine-1.10.3.jar:1.10.3]
	at org.junit.platform.engine.support.hierarchical.NodeTestTask.executeRecursively(NodeTestTask.java:138) ~[junit-platform-engine-1.10.3.jar:1.10.3]
	at org.junit.platform.engine.support.hierarchical.NodeTestTask.execute(NodeTestTask.java:95) ~[junit-platform-engine-1.10.3.jar:1.10.3]
	at org.junit.platform.engine.support.hierarchical.SameThreadHierarchicalTestExecutorService.submit(SameThreadHierarchicalTestExecutorService.java:35) ~[junit-platform-engine-1.10.3.jar:1.10.3]
	at org.junit.platform.engine.support.hierarchical.HierarchicalTestExecutor.execute(HierarchicalTestExecutor.java:57) ~[junit-platform-engine-1.10.3.jar:1.10.3]
	at org.junit.platform.engine.support.hierarchical.HierarchicalTestEngine.execute(HierarchicalTestEngine.java:54) ~[junit-platform-engine-1.10.3.jar:1.10.3]
	at org.junit.platform.launcher.core.EngineExecutionOrchestrator.execute(EngineExecutionOrchestrator.java:198) ~[junit-platform-launcher-1.10.3.jar:1.10.3]
	at org.junit.platform.launcher.core.EngineExecutionOrchestrator.execute(EngineExecutionOrchestrator.java:169) ~[junit-platform-launcher-1.10.3.jar:1.10.3]
	at org.junit.platform.launcher.core.EngineExecutionOrchestrator.execute(EngineExecutionOrchestrator.java:93) ~[junit-platform-launcher-1.10.3.jar:1.10.3]
	at org.junit.platform.launcher.core.EngineExecutionOrchestrator.lambda$execute$0(EngineExecutionOrchestrator.java:58) ~[junit-platform-launcher-1.10.3.jar:1.10.3]
	at org.junit.platform.launcher.core.EngineExecutionOrchestrator.withInterceptedStreams(EngineExecutionOrchestrator.java:141) ~[junit-platform-launcher-1.10.3.jar:1.10.3]
	at org.junit.platform.launcher.core.EngineExecutionOrchestrator.execute(EngineExecutionOrchestrator.java:57) ~[junit-platform-launcher-1.10.3.jar:1.10.3]
	at org.junit.platform.launcher.core.DefaultLauncher.execute(DefaultLauncher.java:103) ~[junit-platform-launcher-1.10.3.jar:1.10.3]
	at org.junit.platform.launcher.core.DefaultLauncher.execute(DefaultLauncher.java:94) ~[junit-platform-launcher-1.10.3.jar:1.10.3]
	at org.junit.platform.launcher.core.DelegatingLauncher.execute(DelegatingLauncher.java:52) ~[junit-platform-launcher-1.10.3.jar:1.10.3]
	at org.junit.platform.launcher.core.SessionPerRequestLauncher.execute(SessionPerRequestLauncher.java:70) ~[junit-platform-launcher-1.10.3.jar:1.10.3]
	at org.eclipse.jdt.internal.junit5.runner.JUnit5TestReference.run(JUnit5TestReference.java:98) ~[.cp/:na]
	at org.eclipse.jdt.internal.junit.runner.TestExecution.run(TestExecution.java:40) ~[.cp/:na]
	at org.eclipse.jdt.internal.junit.runner.RemoteTestRunner.runTests(RemoteTestRunner.java:530) ~[.cp/:na]
	at org.eclipse.jdt.internal.junit.runner.RemoteTestRunner.runTests(RemoteTestRunner.java:758) ~[.cp/:na]
	at org.eclipse.jdt.internal.junit.runner.RemoteTestRunner.run(RemoteTestRunner.java:453) ~[.cp/:na]
	at org.eclipse.jdt.internal.junit.runner.RemoteTestRunner.main(RemoteTestRunner.java:211) ~[.cp/:na]
Caused by: org.springframework.context.ApplicationContextException: Failed to start bean 'webServerStartStop'
	at org.springframework.context.support.DefaultLifecycleProcessor.doStart(DefaultLifecycleProcessor.java:288) ~[spring-context-6.1.11.jar:6.1.11]
	at org.springframework.context.support.DefaultLifecycleProcessor$LifecycleGroup.start(DefaultLifecycleProcessor.java:469) ~[spring-context-6.1.11.jar:6.1.11]
	at java.base/java.lang.Iterable.forEach(Iterable.java:75) ~[na:na]
	at org.springframework.context.support.DefaultLifecycleProcessor.startBeans(DefaultLifecycleProcessor.java:257) ~[spring-context-6.1.11.jar:6.1.11]
	at org.springframework.context.support.DefaultLifecycleProcessor.onRefresh(DefaultLifecycleProcessor.java:202) ~[spring-context-6.1.11.jar:6.1.11]
	at org.springframework.context.support.AbstractApplicationContext.finishRefresh(AbstractApplicationContext.java:990) ~[spring-context-6.1.11.jar:6.1.11]
	at org.springframework.context.support.AbstractApplicationContext.refresh(AbstractApplicationContext.java:628) ~[spring-context-6.1.11.jar:6.1.11]
	at org.springframework.boot.web.servlet.context.ServletWebServerApplicationContext.refresh(ServletWebServerApplicationContext.java:146) ~[spring-boot-3.3.2.jar:3.3.2]
	at org.springframework.boot.SpringApplication.refresh(SpringApplication.java:754) ~[spring-boot-3.3.2.jar:3.3.2]
	at org.springframework.boot.SpringApplication.refreshContext(SpringApplication.java:456) ~[spring-boot-3.3.2.jar:3.3.2]
	at org.springframework.boot.SpringApplication.run(SpringApplication.java:335) ~[spring-boot-3.3.2.jar:3.3.2]
	at org.springframework.boot.test.context.SpringBootContextLoader.lambda$loadContext$3(SpringBootContextLoader.java:137) ~[spring-boot-test-3.3.2.jar:3.3.2]
	at org.springframework.util.function.ThrowingSupplier.get(ThrowingSupplier.java:58) ~[spring-core-6.1.11.jar:6.1.11]
	at org.springframework.util.function.ThrowingSupplier.get(ThrowingSupplier.java:46) ~[spring-core-6.1.11.jar:6.1.11]
	at org.springframework.boot.SpringApplication.withHook(SpringApplication.java:1463) ~[spring-boot-3.3.2.jar:3.3.2]
	at org.springframework.boot.test.context.SpringBootContextLoader$ContextLoaderHook.run(SpringBootContextLoader.java:553) ~[spring-boot-test-3.3.2.jar:3.3.2]
	at org.springframework.boot.test.context.SpringBootContextLoader.loadContext(SpringBootContextLoader.java:137) ~[spring-boot-test-3.3.2.jar:3.3.2]
	at org.springframework.boot.test.context.SpringBootContextLoader.loadContext(SpringBootContextLoader.java:108) ~[spring-boot-test-3.3.2.jar:3.3.2]
	at org.springframework.test.context.cache.DefaultCacheAwareContextLoaderDelegate.loadContextInternal(DefaultCacheAwareContextLoaderDelegate.java:225) ~[spring-test-6.1.11.jar:6.1.11]
	at org.springframework.test.context.cache.DefaultCacheAwareContextLoaderDelegate.loadContext(DefaultCacheAwareContextLoaderDelegate.java:152) ~[spring-test-6.1.11.jar:6.1.11]
	... 72 common frames omitted
Caused by: org.springframework.boot.web.server.PortInUseException: Port 8080 is already in use
	at org.springframework.boot.web.server.PortInUseException.lambda$throwIfPortBindingException$0(PortInUseException.java:70) ~[spring-boot-3.3.2.jar:3.3.2]
	at org.springframework.boot.web.server.PortInUseException.lambda$ifPortBindingException$1(PortInUseException.java:85) ~[spring-boot-3.3.2.jar:3.3.2]
	at org.springframework.boot.web.server.PortInUseException.ifCausedBy(PortInUseException.java:103) ~[spring-boot-3.3.2.jar:3.3.2]
	at org.springframework.boot.web.server.PortInUseException.ifPortBindingException(PortInUseException.java:82) ~[spring-boot-3.3.2.jar:3.3.2]
	at org.springframework.boot.web.server.PortInUseException.throwIfPortBindingException(PortInUseException.java:69) ~[spring-boot-3.3.2.jar:3.3.2]
	at org.springframework.boot.web.embedded.tomcat.TomcatWebServer.start(TomcatWebServer.java:250) ~[spring-boot-3.3.2.jar:3.3.2]
	at org.springframework.boot.web.servlet.context.WebServerStartStopLifecycle.start(WebServerStartStopLifecycle.java:44) ~[spring-boot-3.3.2.jar:3.3.2]
	at org.springframework.context.support.DefaultLifecycleProcessor.doStart(DefaultLifecycleProcessor.java:285) ~[spring-context-6.1.11.jar:6.1.11]
	... 91 common frames omitted
Caused by: java.lang.IllegalArgumentException: standardService.connector.startFailed
	at org.apache.catalina.core.StandardService.addConnector(StandardService.java:222) ~[tomcat-embed-core-10.1.26.jar:10.1.26]
	at org.springframework.boot.web.embedded.tomcat.TomcatWebServer.addPreviouslyRemovedConnectors(TomcatWebServer.java:310) ~[spring-boot-3.3.2.jar:3.3.2]
	at org.springframework.boot.web.embedded.tomcat.TomcatWebServer.start(TomcatWebServer.java:236) ~[spring-boot-3.3.2.jar:3.3.2]
	... 93 common frames omitted
Caused by: org.apache.catalina.LifecycleException: Protocol handler start failed
	at org.apache.catalina.connector.Connector.startInternal(Connector.java:1061) ~[tomcat-embed-core-10.1.26.jar:10.1.26]
	at org.apache.catalina.util.LifecycleBase.start(LifecycleBase.java:164) ~[tomcat-embed-core-10.1.26.jar:10.1.26]
	at org.apache.catalina.core.StandardService.addConnector(StandardService.java:219) ~[tomcat-embed-core-10.1.26.jar:10.1.26]
	... 95 common frames omitted
Caused by: java.net.BindException: Address already in use: bind
	at java.base/sun.nio.ch.Net.bind0(Native Method) ~[na:na]
	at java.base/sun.nio.ch.Net.bind(Net.java:555) ~[na:na]
	at java.base/sun.nio.ch.ServerSocketChannelImpl.netBind(ServerSocketChannelImpl.java:337) ~[na:na]
	at java.base/sun.nio.ch.ServerSocketChannelImpl.bind(ServerSocketChannelImpl.java:294) ~[na:na]
	at org.apache.tomcat.util.net.NioEndpoint.initServerSocket(NioEndpoint.java:239) ~[tomcat-embed-core-10.1.26.jar:10.1.26]
	at org.apache.tomcat.util.net.NioEndpoint.bind(NioEndpoint.java:194) ~[tomcat-embed-core-10.1.26.jar:10.1.26]
	at org.apache.tomcat.util.net.AbstractEndpoint.bindWithCleanup(AbstractEndpoint.java:1304) ~[tomcat-embed-core-10.1.26.jar:10.1.26]
	at org.apache.tomcat.util.net.AbstractEndpoint.start(AbstractEndpoint.java:1390) ~[tomcat-embed-core-10.1.26.jar:10.1.26]
	at org.apache.coyote.AbstractProtocol.start(AbstractProtocol.java:643) ~[tomcat-embed-core-10.1.26.jar:10.1.26]
	at org.apache.catalina.connector.Connector.startInternal(Connector.java:1058) ~[tomcat-embed-core-10.1.26.jar:10.1.26]
	... 97 common frames omitted

2024-10-28T10:10:18.793-05:00  INFO 20540 --- [demo] [main] com.example.demo.frontend.UseCaseTest    : Starting UseCaseTest using Java 17.0.12 with PID 20540 (started by Janus in C:\Users\Janus\Documents\GitHub\PetLand\Proyecto\demo)
2024-10-28T10:10:18.794-05:00  INFO 20540 --- [demo] [main] com.example.demo.frontend.UseCaseTest    : The following 1 profile is active: "test"
2024-10-28T10:10:19.692-05:00  INFO 20540 --- [demo] [main] .s.d.r.c.RepositoryConfigurationDelegate : Bootstrapping Spring Data JPA repositories in DEFAULT mode.
2024-10-28T10:10:19.797-05:00  INFO 20540 --- [demo] [main] .s.d.r.c.RepositoryConfigurationDelegate : Finished Spring Data repository scanning in 95 ms. Found 6 JPA repository interfaces.
2024-10-28T10:10:20.826-05:00  INFO 20540 --- [demo] [main] o.s.b.w.embedded.tomcat.TomcatWebServer  : Tomcat initialized with port 8080 (http)
2024-10-28T10:10:20.846-05:00  INFO 20540 --- [demo] [main] o.apache.catalina.core.StandardService   : Starting service [Tomcat]
2024-10-28T10:10:20.847-05:00  INFO 20540 --- [demo] [main] o.apache.catalina.core.StandardEngine    : Starting Servlet engine: [Apache Tomcat/10.1.26]
2024-10-28T10:10:20.976-05:00  INFO 20540 --- [demo] [main] o.a.c.c.C.[Tomcat].[localhost].[/]       : Initializing Spring embedded WebApplicationContext
2024-10-28T10:10:20.977-05:00  INFO 20540 --- [demo] [main] w.s.c.ServletWebServerApplicationContext : Root WebApplicationContext: initialization completed in 2163 ms
2024-10-28T10:10:21.029-05:00  INFO 20540 --- [demo] [main] com.zaxxer.hikari.HikariDataSource       : HikariPool-1 - Starting...
2024-10-28T10:10:21.302-05:00  INFO 20540 --- [demo] [main] com.zaxxer.hikari.pool.HikariPool        : HikariPool-1 - Added connection conn0: url=jdbc:h2:mem:testdb user=SA
2024-10-28T10:10:21.305-05:00  INFO 20540 --- [demo] [main] com.zaxxer.hikari.HikariDataSource       : HikariPool-1 - Start completed.
2024-10-28T10:10:21.326-05:00  INFO 20540 --- [demo] [main] o.s.b.a.h2.H2ConsoleAutoConfiguration    : H2 console available at '/h2-console'. Database available at 'jdbc:h2:mem:testdb'
2024-10-28T10:10:21.574-05:00  INFO 20540 --- [demo] [main] o.hibernate.jpa.internal.util.LogHelper  : HHH000204: Processing PersistenceUnitInfo [name: default]
2024-10-28T10:10:21.697-05:00  INFO 20540 --- [demo] [main] org.hibernate.Version                    : HHH000412: Hibernate ORM core version 6.5.2.Final
2024-10-28T10:10:21.825-05:00  INFO 20540 --- [demo] [main] o.h.c.internal.RegionFactoryInitiator    : HHH000026: Second-level cache disabled
2024-10-28T10:10:22.435-05:00  INFO 20540 --- [demo] [main] o.s.o.j.p.SpringPersistenceUnitInfo      : No LoadTimeWeaver setup: ignoring JPA class transformer
2024-10-28T10:10:22.489-05:00  WARN 20540 --- [demo] [main] org.hibernate.orm.deprecation            : HHH90000025: H2Dialect does not need to be specified explicitly using 'hibernate.dialect' (remove the property setting and it will be selected by default)
2024-10-28T10:10:23.440-05:00  INFO 20540 --- [demo] [main] o.h.e.t.j.p.i.JtaPlatformInitiator       : HHH000489: No JTA platform available (set 'hibernate.transaction.jta.platform' to enable JTA platform integration)
2024-10-28T10:10:23.504-05:00  INFO 20540 --- [demo] [main] j.LocalContainerEntityManagerFactoryBean : Initialized JPA EntityManagerFactory for persistence unit 'default'
2024-10-28T10:10:23.864-05:00  INFO 20540 --- [demo] [main] o.s.d.j.r.query.QueryEnhancerFactory     : Hibernate is in classpath; If applicable, HQL parser will be used.
2024-10-28T10:10:24.992-05:00  WARN 20540 --- [demo] [main] JpaBaseConfiguration$JpaWebConfiguration : spring.jpa.open-in-view is enabled by default. Therefore, database queries may be performed during view rendering. Explicitly configure spring.jpa.open-in-view to disable this warning
2024-10-28T10:10:25.643-05:00  WARN 20540 --- [demo] [main] ion$DefaultTemplateResolverConfiguration : Cannot find template location: classpath:/templates/ (please add some templates, check your Thymeleaf configuration, or set spring.thymeleaf.check-template-location=false)
2024-10-28T10:10:26.279-05:00  INFO 20540 --- [demo] [main] o.s.b.w.embedded.tomcat.TomcatWebServer  : Tomcat started on port 8080 (http) with context path '/'
2024-10-28T10:10:26.295-05:00  INFO 20540 --- [demo] [main] com.example.demo.frontend.UseCaseTest    : Started UseCaseTest in 7.876 seconds (process running for 8.877)
2024-10-28T10:10:28.523-05:00  INFO 20540 --- [demo] [main] j.LocalContainerEntityManagerFactoryBean : Closing JPA EntityManagerFactory for persistence unit 'default'
2024-10-28T10:10:28.525-05:00  INFO 20540 --- [demo] [main] com.zaxxer.hikari.HikariDataSource       : HikariPool-1 - Shutdown initiated...
2024-10-28T10:10:28.528-05:00  INFO 20540 --- [demo] [main] com.zaxxer.hikari.HikariDataSource       : HikariPool-1 - Shutdown completed.
2024-10-28T10:10:28.536-05:00  INFO 20540 --- [demo] [main] o.s.b.d.r.RestartApplicationListener     : Restart disabled due to context in which it is running
2024-10-28T10:10:28.571-05:00  INFO 20540 --- [demo] [main] com.example.demo.frontend.UseCaseTest    : Starting UseCaseTest using Java 17.0.12 with PID 20540 (started by Janus in C:\Users\Janus\Documents\GitHub\PetLand\Proyecto\demo)
2024-10-28T10:10:28.571-05:00  INFO 20540 --- [demo] [main] com.example.demo.frontend.UseCaseTest    : The following 1 profile is active: "test"
2024-10-28T10:10:28.756-05:00  INFO 20540 --- [demo] [main] .s.d.r.c.RepositoryConfigurationDelegate : Bootstrapping Spring Data JPA repositories in DEFAULT mode.
2024-10-28T10:10:28.777-05:00  INFO 20540 --- [demo] [main] .s.d.r.c.RepositoryConfigurationDelegate : Finished Spring Data repository scanning in 21 ms. Found 6 JPA repository interfaces.
2024-10-28T10:10:28.860-05:00  INFO 20540 --- [demo] [main] o.s.b.w.embedded.tomcat.TomcatWebServer  : Tomcat initialized with port 8080 (http)
2024-10-28T10:10:28.865-05:00  INFO 20540 --- [demo] [main] o.apache.catalina.core.StandardService   : Starting service [Tomcat]
2024-10-28T10:10:28.866-05:00  INFO 20540 --- [demo] [main] o.apache.catalina.core.StandardEngine    : Starting Servlet engine: [Apache Tomcat/10.1.26]
2024-10-28T10:10:28.910-05:00  INFO 20540 --- [demo] [main] o.a.c.c.C.[Tomcat].[localhost].[/]       : Initializing Spring embedded WebApplicationContext
2024-10-28T10:10:28.910-05:00  INFO 20540 --- [demo] [main] w.s.c.ServletWebServerApplicationContext : Root WebApplicationContext: initialization completed in 336 ms
2024-10-28T10:10:28.922-05:00  INFO 20540 --- [demo] [main] com.zaxxer.hikari.HikariDataSource       : HikariPool-2 - Starting...
2024-10-28T10:10:28.925-05:00  INFO 20540 --- [demo] [main] com.zaxxer.hikari.pool.HikariPool        : HikariPool-2 - Added connection conn10: url=jdbc:h2:mem:testdb user=SA
2024-10-28T10:10:28.925-05:00  INFO 20540 --- [demo] [main] com.zaxxer.hikari.HikariDataSource       : HikariPool-2 - Start completed.
2024-10-28T10:10:28.925-05:00  INFO 20540 --- [demo] [main] o.s.b.a.h2.H2ConsoleAutoConfiguration    : H2 console available at '/h2-console'. Database available at 'jdbc:h2:mem:testdb'
2024-10-28T10:10:28.952-05:00  INFO 20540 --- [demo] [main] o.hibernate.jpa.internal.util.LogHelper  : HHH000204: Processing PersistenceUnitInfo [name: default]
2024-10-28T10:10:28.957-05:00  INFO 20540 --- [demo] [main] o.h.c.internal.RegionFactoryInitiator    : HHH000026: Second-level cache disabled
2024-10-28T10:10:28.975-05:00  INFO 20540 --- [demo] [main] o.s.o.j.p.SpringPersistenceUnitInfo      : No LoadTimeWeaver setup: ignoring JPA class transformer
2024-10-28T10:10:28.977-05:00  WARN 20540 --- [demo] [main] org.hibernate.orm.deprecation            : HHH90000025: H2Dialect does not need to be specified explicitly using 'hibernate.dialect' (remove the property setting and it will be selected by default)
2024-10-28T10:10:29.099-05:00  INFO 20540 --- [demo] [main] o.h.e.t.j.p.i.JtaPlatformInitiator       : HHH000489: No JTA platform available (set 'hibernate.transaction.jta.platform' to enable JTA platform integration)
2024-10-28T10:10:29.107-05:00  INFO 20540 --- [demo] [main] j.LocalContainerEntityManagerFactoryBean : Initialized JPA EntityManagerFactory for persistence unit 'default'
2024-10-28T10:10:29.244-05:00  WARN 20540 --- [demo] [main] JpaBaseConfiguration$JpaWebConfiguration : spring.jpa.open-in-view is enabled by default. Therefore, database queries may be performed during view rendering. Explicitly configure spring.jpa.open-in-view to disable this warning
2024-10-28T10:10:29.333-05:00  WARN 20540 --- [demo] [main] ion$DefaultTemplateResolverConfiguration : Cannot find template location: classpath:/templates/ (please add some templates, check your Thymeleaf configuration, or set spring.thymeleaf.check-template-location=false)
2024-10-28T10:10:29.371-05:00  INFO 20540 --- [demo] [main] o.s.b.w.embedded.tomcat.TomcatWebServer  : Tomcat started on port 8080 (http) with context path '/'
2024-10-28T10:10:29.375-05:00  INFO 20540 --- [demo] [main] com.example.demo.frontend.UseCaseTest    : Started UseCaseTest in 0.839 seconds (process running for 11.958)
2024-10-28T10:10:30.696-05:00  INFO 20540 --- [demo] [main] i.g.bonigarcia.wdm.WebDriverManager      : Using chromedriver 130.0.6723.69 (resolved driver for Chrome 130)
2024-10-28T10:10:30.755-05:00  INFO 20540 --- [demo] [main] i.g.bonigarcia.wdm.WebDriverManager      : Exporting webdriver.chrome.driver as C:\Users\Janus\.cache\selenium\chromedriver\win64\130.0.6723.69\chromedriver.exe
2024-10-28T10:10:31.814-05:00  WARN 20540 --- [demo] [main] o.o.selenium.devtools.CdpVersionFinder   : Unable to find CDP implementation matching 130
2024-10-28T10:10:31.815-05:00  WARN 20540 --- [demo] [main] o.o.selenium.chromium.ChromiumDriver     : Unable to find version of CDP to use for 130.0.6723.70. You may need to include a dependency on a specific version of the CDP using something similar to `org.seleniumhq.selenium:selenium-devtools-v86:4.19.1` where the version ("v86") matches the version of the chromium-based browser you're using and the version number of the artifact is the same as Selenium's.
2024-10-28T10:10:32.387-05:00  INFO 20540 --- [demo] [http-nio-8080-exec-1] o.a.c.c.C.[Tomcat].[localhost].[/]       : Initializing Spring DispatcherServlet 'dispatcherServlet'
2024-10-28T10:10:32.388-05:00  INFO 20540 --- [demo] [http-nio-8080-exec-1] o.s.web.servlet.DispatcherServlet        : Initializing Servlet 'dispatcherServlet'
2024-10-28T10:10:32.389-05:00  INFO 20540 --- [demo] [http-nio-8080-exec-1] o.s.web.servlet.DispatcherServlet        : Completed initialization in 1 ms
2024-10-28T10:10:33.802-05:00  INFO 20540 --- [demo] [SpringApplicationShutdownHook] j.LocalContainerEntityManagerFactoryBean : Closing JPA EntityManagerFactory for persistence unit 'default'
2024-10-28T10:10:33.802-05:00  INFO 20540 --- [demo] [SpringApplicationShutdownHook] com.zaxxer.hikari.HikariDataSource       : HikariPool-2 - Shutdown initiated...
2024-10-28T10:10:33.803-05:00  INFO 20540 --- [demo] [SpringApplicationShutdownHook] com.zaxxer.hikari.HikariDataSource       : HikariPool-2 - Shutdown completed.
2024-10-28T10:14:30.962-05:00  INFO 27224 --- [demo] [main] com.example.demo.frontend.UseCaseTest    : Starting UseCaseTest using Java 17.0.12 with PID 27224 (started by Janus in C:\Users\Janus\Documents\GitHub\PetLand\Proyecto\demo)
2024-10-28T10:14:30.965-05:00  INFO 27224 --- [demo] [main] com.example.demo.frontend.UseCaseTest    : The following 1 profile is active: "test"
2024-10-28T10:14:31.861-05:00  INFO 27224 --- [demo] [main] .s.d.r.c.RepositoryConfigurationDelegate : Bootstrapping Spring Data JPA repositories in DEFAULT mode.
2024-10-28T10:14:32.004-05:00  INFO 27224 --- [demo] [main] .s.d.r.c.RepositoryConfigurationDelegate : Finished Spring Data repository scanning in 126 ms. Found 6 JPA repository interfaces.
2024-10-28T10:14:32.858-05:00  INFO 27224 --- [demo] [main] o.s.b.w.embedded.tomcat.TomcatWebServer  : Tomcat initialized with port 8080 (http)
2024-10-28T10:14:32.879-05:00  INFO 27224 --- [demo] [main] o.apache.catalina.core.StandardService   : Starting service [Tomcat]
2024-10-28T10:14:32.881-05:00  INFO 27224 --- [demo] [main] o.apache.catalina.core.StandardEngine    : Starting Servlet engine: [Apache Tomcat/10.1.26]
2024-10-28T10:14:32.993-05:00  INFO 27224 --- [demo] [main] o.a.c.c.C.[Tomcat].[localhost].[/]       : Initializing Spring embedded WebApplicationContext
2024-10-28T10:14:32.994-05:00  INFO 27224 --- [demo] [main] w.s.c.ServletWebServerApplicationContext : Root WebApplicationContext: initialization completed in 2010 ms
2024-10-28T10:14:33.052-05:00  INFO 27224 --- [demo] [main] com.zaxxer.hikari.HikariDataSource       : HikariPool-1 - Starting...
2024-10-28T10:14:33.355-05:00  INFO 27224 --- [demo] [main] com.zaxxer.hikari.pool.HikariPool        : HikariPool-1 - Added connection conn0: url=jdbc:h2:mem:testdb user=SA
2024-10-28T10:14:33.358-05:00  INFO 27224 --- [demo] [main] com.zaxxer.hikari.HikariDataSource       : HikariPool-1 - Start completed.
2024-10-28T10:14:33.373-05:00  INFO 27224 --- [demo] [main] o.s.b.a.h2.H2ConsoleAutoConfiguration    : H2 console available at '/h2-console'. Database available at 'jdbc:h2:mem:testdb'
2024-10-28T10:14:33.749-05:00  INFO 27224 --- [demo] [main] o.hibernate.jpa.internal.util.LogHelper  : HHH000204: Processing PersistenceUnitInfo [name: default]
2024-10-28T10:14:33.943-05:00  INFO 27224 --- [demo] [main] org.hibernate.Version                    : HHH000412: Hibernate ORM core version 6.5.2.Final
2024-10-28T10:14:33.999-05:00  INFO 27224 --- [demo] [main] o.h.c.internal.RegionFactoryInitiator    : HHH000026: Second-level cache disabled
2024-10-28T10:14:34.603-05:00  INFO 27224 --- [demo] [main] o.s.o.j.p.SpringPersistenceUnitInfo      : No LoadTimeWeaver setup: ignoring JPA class transformer
2024-10-28T10:14:34.657-05:00  WARN 27224 --- [demo] [main] org.hibernate.orm.deprecation            : HHH90000025: H2Dialect does not need to be specified explicitly using 'hibernate.dialect' (remove the property setting and it will be selected by default)
2024-10-28T10:14:35.658-05:00  INFO 27224 --- [demo] [main] o.h.e.t.j.p.i.JtaPlatformInitiator       : HHH000489: No JTA platform available (set 'hibernate.transaction.jta.platform' to enable JTA platform integration)
2024-10-28T10:14:35.724-05:00  INFO 27224 --- [demo] [main] j.LocalContainerEntityManagerFactoryBean : Initialized JPA EntityManagerFactory for persistence unit 'default'
2024-10-28T10:14:36.098-05:00  INFO 27224 --- [demo] [main] o.s.d.j.r.query.QueryEnhancerFactory     : Hibernate is in classpath; If applicable, HQL parser will be used.
2024-10-28T10:14:37.197-05:00  WARN 27224 --- [demo] [main] JpaBaseConfiguration$JpaWebConfiguration : spring.jpa.open-in-view is enabled by default. Therefore, database queries may be performed during view rendering. Explicitly configure spring.jpa.open-in-view to disable this warning
2024-10-28T10:14:37.965-05:00  WARN 27224 --- [demo] [main] ion$DefaultTemplateResolverConfiguration : Cannot find template location: classpath:/templates/ (please add some templates, check your Thymeleaf configuration, or set spring.thymeleaf.check-template-location=false)
2024-10-28T10:14:38.605-05:00  INFO 27224 --- [demo] [main] o.s.b.w.embedded.tomcat.TomcatWebServer  : Tomcat started on port 8080 (http) with context path '/'
2024-10-28T10:14:38.617-05:00  INFO 27224 --- [demo] [main] com.example.demo.frontend.UseCaseTest    : Started UseCaseTest in 8.048 seconds (process running for 9.072)
2024-10-28T10:14:40.909-05:00  INFO 27224 --- [demo] [main] j.LocalContainerEntityManagerFactoryBean : Closing JPA EntityManagerFactory for persistence unit 'default'
2024-10-28T10:14:40.913-05:00  INFO 27224 --- [demo] [main] com.zaxxer.hikari.HikariDataSource       : HikariPool-1 - Shutdown initiated...
2024-10-28T10:14:40.917-05:00  INFO 27224 --- [demo] [main] com.zaxxer.hikari.HikariDataSource       : HikariPool-1 - Shutdown completed.
2024-10-28T10:14:40.928-05:00  INFO 27224 --- [demo] [main] o.s.b.d.r.RestartApplicationListener     : Restart disabled due to context in which it is running
2024-10-28T10:14:40.966-05:00  INFO 27224 --- [demo] [main] com.example.demo.frontend.UseCaseTest    : Starting UseCaseTest using Java 17.0.12 with PID 27224 (started by Janus in C:\Users\Janus\Documents\GitHub\PetLand\Proyecto\demo)
2024-10-28T10:14:40.966-05:00  INFO 27224 --- [demo] [main] com.example.demo.frontend.UseCaseTest    : The following 1 profile is active: "test"
2024-10-28T10:14:41.215-05:00  INFO 27224 --- [demo] [main] .s.d.r.c.RepositoryConfigurationDelegate : Bootstrapping Spring Data JPA repositories in DEFAULT mode.
2024-10-28T10:14:41.239-05:00  INFO 27224 --- [demo] [main] .s.d.r.c.RepositoryConfigurationDelegate : Finished Spring Data repository scanning in 23 ms. Found 6 JPA repository interfaces.
2024-10-28T10:14:41.309-05:00  INFO 27224 --- [demo] [main] o.s.b.w.embedded.tomcat.TomcatWebServer  : Tomcat initialized with port 8080 (http)
2024-10-28T10:14:41.310-05:00  INFO 27224 --- [demo] [main] o.apache.catalina.core.StandardService   : Starting service [Tomcat]
2024-10-28T10:14:41.310-05:00  INFO 27224 --- [demo] [main] o.apache.catalina.core.StandardEngine    : Starting Servlet engine: [Apache Tomcat/10.1.26]
2024-10-28T10:14:41.356-05:00  INFO 27224 --- [demo] [main] o.a.c.c.C.[Tomcat].[localhost].[/]       : Initializing Spring embedded WebApplicationContext
2024-10-28T10:14:41.357-05:00  INFO 27224 --- [demo] [main] w.s.c.ServletWebServerApplicationContext : Root WebApplicationContext: initialization completed in 387 ms
2024-10-28T10:14:41.366-05:00  INFO 27224 --- [demo] [main] com.zaxxer.hikari.HikariDataSource       : HikariPool-2 - Starting...
2024-10-28T10:14:41.368-05:00  INFO 27224 --- [demo] [main] com.zaxxer.hikari.pool.HikariPool        : HikariPool-2 - Added connection conn10: url=jdbc:h2:mem:testdb user=SA
2024-10-28T10:14:41.368-05:00  INFO 27224 --- [demo] [main] com.zaxxer.hikari.HikariDataSource       : HikariPool-2 - Start completed.
2024-10-28T10:14:41.368-05:00  INFO 27224 --- [demo] [main] o.s.b.a.h2.H2ConsoleAutoConfiguration    : H2 console available at '/h2-console'. Database available at 'jdbc:h2:mem:testdb'
2024-10-28T10:14:41.391-05:00  INFO 27224 --- [demo] [main] o.hibernate.jpa.internal.util.LogHelper  : HHH000204: Processing PersistenceUnitInfo [name: default]
2024-10-28T10:14:41.396-05:00  INFO 27224 --- [demo] [main] o.h.c.internal.RegionFactoryInitiator    : HHH000026: Second-level cache disabled
2024-10-28T10:14:41.414-05:00  INFO 27224 --- [demo] [main] o.s.o.j.p.SpringPersistenceUnitInfo      : No LoadTimeWeaver setup: ignoring JPA class transformer
2024-10-28T10:14:41.417-05:00  WARN 27224 --- [demo] [main] org.hibernate.orm.deprecation            : HHH90000025: H2Dialect does not need to be specified explicitly using 'hibernate.dialect' (remove the property setting and it will be selected by default)
2024-10-28T10:14:41.539-05:00  INFO 27224 --- [demo] [main] o.h.e.t.j.p.i.JtaPlatformInitiator       : HHH000489: No JTA platform available (set 'hibernate.transaction.jta.platform' to enable JTA platform integration)
2024-10-28T10:14:41.547-05:00  INFO 27224 --- [demo] [main] j.LocalContainerEntityManagerFactoryBean : Initialized JPA EntityManagerFactory for persistence unit 'default'
2024-10-28T10:14:41.733-05:00  WARN 27224 --- [demo] [main] JpaBaseConfiguration$JpaWebConfiguration : spring.jpa.open-in-view is enabled by default. Therefore, database queries may be performed during view rendering. Explicitly configure spring.jpa.open-in-view to disable this warning
2024-10-28T10:14:41.814-05:00  WARN 27224 --- [demo] [main] ion$DefaultTemplateResolverConfiguration : Cannot find template location: classpath:/templates/ (please add some templates, check your Thymeleaf configuration, or set spring.thymeleaf.check-template-location=false)
2024-10-28T10:14:41.858-05:00  INFO 27224 --- [demo] [main] o.s.b.w.embedded.tomcat.TomcatWebServer  : Tomcat started on port 8080 (http) with context path '/'
2024-10-28T10:14:41.862-05:00  INFO 27224 --- [demo] [main] com.example.demo.frontend.UseCaseTest    : Started UseCaseTest in 0.934 seconds (process running for 12.317)
2024-10-28T10:14:42.801-05:00  INFO 27224 --- [demo] [main] i.g.bonigarcia.wdm.WebDriverManager      : Using chromedriver 130.0.6723.69 (resolved driver for Chrome 130)
2024-10-28T10:14:42.851-05:00  INFO 27224 --- [demo] [main] i.g.bonigarcia.wdm.WebDriverManager      : Exporting webdriver.chrome.driver as C:\Users\Janus\.cache\selenium\chromedriver\win64\130.0.6723.69\chromedriver.exe
2024-10-28T10:14:43.807-05:00  WARN 27224 --- [demo] [main] o.o.selenium.devtools.CdpVersionFinder   : Unable to find CDP implementation matching 130
2024-10-28T10:14:43.808-05:00  WARN 27224 --- [demo] [main] o.o.selenium.chromium.ChromiumDriver     : Unable to find version of CDP to use for 130.0.6723.70. You may need to include a dependency on a specific version of the CDP using something similar to `org.seleniumhq.selenium:selenium-devtools-v86:4.19.1` where the version ("v86") matches the version of the chromium-based browser you're using and the version number of the artifact is the same as Selenium's.
2024-10-28T10:14:44.327-05:00  INFO 27224 --- [demo] [http-nio-8080-exec-1] o.a.c.c.C.[Tomcat].[localhost].[/]       : Initializing Spring DispatcherServlet 'dispatcherServlet'
2024-10-28T10:14:44.327-05:00  INFO 27224 --- [demo] [http-nio-8080-exec-1] o.s.web.servlet.DispatcherServlet        : Initializing Servlet 'dispatcherServlet'
2024-10-28T10:14:44.328-05:00  INFO 27224 --- [demo] [http-nio-8080-exec-1] o.s.web.servlet.DispatcherServlet        : Completed initialization in 1 ms
2024-10-28T10:14:45.875-05:00  INFO 27224 --- [demo] [SpringApplicationShutdownHook] j.LocalContainerEntityManagerFactoryBean : Closing JPA EntityManagerFactory for persistence unit 'default'
2024-10-28T10:14:45.875-05:00  INFO 27224 --- [demo] [SpringApplicationShutdownHook] com.zaxxer.hikari.HikariDataSource       : HikariPool-2 - Shutdown initiated...
2024-10-28T10:14:45.877-05:00  INFO 27224 --- [demo] [SpringApplicationShutdownHook] com.zaxxer.hikari.HikariDataSource       : HikariPool-2 - Shutdown completed.
2024-10-28T10:28:38.655-05:00  INFO 3328 --- [demo] [main] com.example.demo.frontend.UseCaseTest    : Starting UseCaseTest using Java 17.0.12 with PID 3328 (started by Janus in C:\Users\Janus\Documents\GitHub\PetLand\Proyecto\demo)
2024-10-28T10:28:38.657-05:00  INFO 3328 --- [demo] [main] com.example.demo.frontend.UseCaseTest    : The following 1 profile is active: "test"
2024-10-28T10:28:39.594-05:00  INFO 3328 --- [demo] [main] .s.d.r.c.RepositoryConfigurationDelegate : Bootstrapping Spring Data JPA repositories in DEFAULT mode.
2024-10-28T10:28:39.695-05:00  INFO 3328 --- [demo] [main] .s.d.r.c.RepositoryConfigurationDelegate : Finished Spring Data repository scanning in 86 ms. Found 6 JPA repository interfaces.
2024-10-28T10:28:40.596-05:00  INFO 3328 --- [demo] [main] o.s.b.w.embedded.tomcat.TomcatWebServer  : Tomcat initialized with port 8080 (http)
2024-10-28T10:28:40.615-05:00  INFO 3328 --- [demo] [main] o.apache.catalina.core.StandardService   : Starting service [Tomcat]
2024-10-28T10:28:40.617-05:00  INFO 3328 --- [demo] [main] o.apache.catalina.core.StandardEngine    : Starting Servlet engine: [Apache Tomcat/10.1.26]
2024-10-28T10:28:40.779-05:00  INFO 3328 --- [demo] [main] o.a.c.c.C.[Tomcat].[localhost].[/]       : Initializing Spring embedded WebApplicationContext
2024-10-28T10:28:40.780-05:00  INFO 3328 --- [demo] [main] w.s.c.ServletWebServerApplicationContext : Root WebApplicationContext: initialization completed in 2101 ms
2024-10-28T10:28:40.836-05:00  INFO 3328 --- [demo] [main] com.zaxxer.hikari.HikariDataSource       : HikariPool-1 - Starting...
2024-10-28T10:28:41.142-05:00  INFO 3328 --- [demo] [main] com.zaxxer.hikari.pool.HikariPool        : HikariPool-1 - Added connection conn0: url=jdbc:h2:mem:testdb user=SA
2024-10-28T10:28:41.145-05:00  INFO 3328 --- [demo] [main] com.zaxxer.hikari.HikariDataSource       : HikariPool-1 - Start completed.
2024-10-28T10:28:41.164-05:00  INFO 3328 --- [demo] [main] o.s.b.a.h2.H2ConsoleAutoConfiguration    : H2 console available at '/h2-console'. Database available at 'jdbc:h2:mem:testdb'
2024-10-28T10:28:41.455-05:00  INFO 3328 --- [demo] [main] o.hibernate.jpa.internal.util.LogHelper  : HHH000204: Processing PersistenceUnitInfo [name: default]
2024-10-28T10:28:41.584-05:00  INFO 3328 --- [demo] [main] org.hibernate.Version                    : HHH000412: Hibernate ORM core version 6.5.2.Final
2024-10-28T10:28:41.694-05:00  INFO 3328 --- [demo] [main] o.h.c.internal.RegionFactoryInitiator    : HHH000026: Second-level cache disabled
2024-10-28T10:28:42.475-05:00  INFO 3328 --- [demo] [main] o.s.o.j.p.SpringPersistenceUnitInfo      : No LoadTimeWeaver setup: ignoring JPA class transformer
2024-10-28T10:28:42.532-05:00  WARN 3328 --- [demo] [main] org.hibernate.orm.deprecation            : HHH90000025: H2Dialect does not need to be specified explicitly using 'hibernate.dialect' (remove the property setting and it will be selected by default)
2024-10-28T10:28:43.558-05:00  INFO 3328 --- [demo] [main] o.h.e.t.j.p.i.JtaPlatformInitiator       : HHH000489: No JTA platform available (set 'hibernate.transaction.jta.platform' to enable JTA platform integration)
2024-10-28T10:28:43.625-05:00  INFO 3328 --- [demo] [main] j.LocalContainerEntityManagerFactoryBean : Initialized JPA EntityManagerFactory for persistence unit 'default'
2024-10-28T10:28:44.072-05:00  INFO 3328 --- [demo] [main] o.s.d.j.r.query.QueryEnhancerFactory     : Hibernate is in classpath; If applicable, HQL parser will be used.
2024-10-28T10:28:45.241-05:00  WARN 3328 --- [demo] [main] JpaBaseConfiguration$JpaWebConfiguration : spring.jpa.open-in-view is enabled by default. Therefore, database queries may be performed during view rendering. Explicitly configure spring.jpa.open-in-view to disable this warning
2024-10-28T10:28:45.907-05:00  WARN 3328 --- [demo] [main] ion$DefaultTemplateResolverConfiguration : Cannot find template location: classpath:/templates/ (please add some templates, check your Thymeleaf configuration, or set spring.thymeleaf.check-template-location=false)
2024-10-28T10:28:46.525-05:00  INFO 3328 --- [demo] [main] o.s.b.w.embedded.tomcat.TomcatWebServer  : Tomcat started on port 8080 (http) with context path '/'
2024-10-28T10:28:46.537-05:00  INFO 3328 --- [demo] [main] com.example.demo.frontend.UseCaseTest    : Started UseCaseTest in 8.305 seconds (process running for 9.372)
2024-10-28T10:28:48.668-05:00  INFO 3328 --- [demo] [main] j.LocalContainerEntityManagerFactoryBean : Closing JPA EntityManagerFactory for persistence unit 'default'
2024-10-28T10:28:48.671-05:00  INFO 3328 --- [demo] [main] com.zaxxer.hikari.HikariDataSource       : HikariPool-1 - Shutdown initiated...
2024-10-28T10:28:48.675-05:00  INFO 3328 --- [demo] [main] com.zaxxer.hikari.HikariDataSource       : HikariPool-1 - Shutdown completed.
2024-10-28T10:28:48.683-05:00  INFO 3328 --- [demo] [main] o.s.b.d.r.RestartApplicationListener     : Restart disabled due to context in which it is running
2024-10-28T10:28:48.720-05:00  INFO 3328 --- [demo] [main] com.example.demo.frontend.UseCaseTest    : Starting UseCaseTest using Java 17.0.12 with PID 3328 (started by Janus in C:\Users\Janus\Documents\GitHub\PetLand\Proyecto\demo)
2024-10-28T10:28:48.720-05:00  INFO 3328 --- [demo] [main] com.example.demo.frontend.UseCaseTest    : The following 1 profile is active: "test"
2024-10-28T10:28:48.911-05:00  INFO 3328 --- [demo] [main] .s.d.r.c.RepositoryConfigurationDelegate : Bootstrapping Spring Data JPA repositories in DEFAULT mode.
2024-10-28T10:28:48.939-05:00  INFO 3328 --- [demo] [main] .s.d.r.c.RepositoryConfigurationDelegate : Finished Spring Data repository scanning in 27 ms. Found 6 JPA repository interfaces.
2024-10-28T10:28:49.016-05:00  INFO 3328 --- [demo] [main] o.s.b.w.embedded.tomcat.TomcatWebServer  : Tomcat initialized with port 8080 (http)
2024-10-28T10:28:49.018-05:00  INFO 3328 --- [demo] [main] o.apache.catalina.core.StandardService   : Starting service [Tomcat]
2024-10-28T10:28:49.018-05:00  INFO 3328 --- [demo] [main] o.apache.catalina.core.StandardEngine    : Starting Servlet engine: [Apache Tomcat/10.1.26]
2024-10-28T10:28:49.062-05:00  INFO 3328 --- [demo] [main] o.a.c.c.C.[Tomcat].[localhost].[/]       : Initializing Spring embedded WebApplicationContext
2024-10-28T10:28:49.063-05:00  INFO 3328 --- [demo] [main] w.s.c.ServletWebServerApplicationContext : Root WebApplicationContext: initialization completed in 339 ms
2024-10-28T10:28:49.076-05:00  INFO 3328 --- [demo] [main] com.zaxxer.hikari.HikariDataSource       : HikariPool-2 - Starting...
2024-10-28T10:28:49.078-05:00  INFO 3328 --- [demo] [main] com.zaxxer.hikari.pool.HikariPool        : HikariPool-2 - Added connection conn10: url=jdbc:h2:mem:testdb user=SA
2024-10-28T10:28:49.078-05:00  INFO 3328 --- [demo] [main] com.zaxxer.hikari.HikariDataSource       : HikariPool-2 - Start completed.
2024-10-28T10:28:49.078-05:00  INFO 3328 --- [demo] [main] o.s.b.a.h2.H2ConsoleAutoConfiguration    : H2 console available at '/h2-console'. Database available at 'jdbc:h2:mem:testdb'
2024-10-28T10:28:49.101-05:00  INFO 3328 --- [demo] [main] o.hibernate.jpa.internal.util.LogHelper  : HHH000204: Processing PersistenceUnitInfo [name: default]
2024-10-28T10:28:49.106-05:00  INFO 3328 --- [demo] [main] o.h.c.internal.RegionFactoryInitiator    : HHH000026: Second-level cache disabled
2024-10-28T10:28:49.125-05:00  INFO 3328 --- [demo] [main] o.s.o.j.p.SpringPersistenceUnitInfo      : No LoadTimeWeaver setup: ignoring JPA class transformer
2024-10-28T10:28:49.127-05:00  WARN 3328 --- [demo] [main] org.hibernate.orm.deprecation            : HHH90000025: H2Dialect does not need to be specified explicitly using 'hibernate.dialect' (remove the property setting and it will be selected by default)
2024-10-28T10:28:49.272-05:00  INFO 3328 --- [demo] [main] o.h.e.t.j.p.i.JtaPlatformInitiator       : HHH000489: No JTA platform available (set 'hibernate.transaction.jta.platform' to enable JTA platform integration)
2024-10-28T10:28:49.286-05:00  INFO 3328 --- [demo] [main] j.LocalContainerEntityManagerFactoryBean : Initialized JPA EntityManagerFactory for persistence unit 'default'
2024-10-28T10:28:49.562-05:00  WARN 3328 --- [demo] [main] JpaBaseConfiguration$JpaWebConfiguration : spring.jpa.open-in-view is enabled by default. Therefore, database queries may be performed during view rendering. Explicitly configure spring.jpa.open-in-view to disable this warning
2024-10-28T10:28:49.685-05:00  WARN 3328 --- [demo] [main] ion$DefaultTemplateResolverConfiguration : Cannot find template location: classpath:/templates/ (please add some templates, check your Thymeleaf configuration, or set spring.thymeleaf.check-template-location=false)
2024-10-28T10:28:49.732-05:00  INFO 3328 --- [demo] [main] o.s.b.w.embedded.tomcat.TomcatWebServer  : Tomcat started on port 8080 (http) with context path '/'
2024-10-28T10:28:49.737-05:00  INFO 3328 --- [demo] [main] com.example.demo.frontend.UseCaseTest    : Started UseCaseTest in 1.055 seconds (process running for 12.572)
2024-10-28T10:28:50.892-05:00  INFO 3328 --- [demo] [main] i.g.bonigarcia.wdm.WebDriverManager      : Using chromedriver 130.0.6723.69 (resolved driver for Chrome 130)
2024-10-28T10:28:50.938-05:00  INFO 3328 --- [demo] [main] i.g.bonigarcia.wdm.WebDriverManager      : Exporting webdriver.chrome.driver as C:\Users\Janus\.cache\selenium\chromedriver\win64\130.0.6723.69\chromedriver.exe
2024-10-28T10:28:51.906-05:00  WARN 3328 --- [demo] [main] o.o.selenium.devtools.CdpVersionFinder   : Unable to find CDP implementation matching 130
2024-10-28T10:28:51.906-05:00  WARN 3328 --- [demo] [main] o.o.selenium.chromium.ChromiumDriver     : Unable to find version of CDP to use for 130.0.6723.70. You may need to include a dependency on a specific version of the CDP using something similar to `org.seleniumhq.selenium:selenium-devtools-v86:4.19.1` where the version ("v86") matches the version of the chromium-based browser you're using and the version number of the artifact is the same as Selenium's.
2024-10-28T10:28:52.794-05:00  INFO 3328 --- [demo] [http-nio-8080-exec-1] o.a.c.c.C.[Tomcat].[localhost].[/]       : Initializing Spring DispatcherServlet 'dispatcherServlet'
2024-10-28T10:28:52.794-05:00  INFO 3328 --- [demo] [http-nio-8080-exec-1] o.s.web.servlet.DispatcherServlet        : Initializing Servlet 'dispatcherServlet'
2024-10-28T10:28:52.795-05:00  INFO 3328 --- [demo] [http-nio-8080-exec-1] o.s.web.servlet.DispatcherServlet        : Completed initialization in 1 ms
2024-10-28T10:28:54.471-05:00  INFO 3328 --- [demo] [SpringApplicationShutdownHook] j.LocalContainerEntityManagerFactoryBean : Closing JPA EntityManagerFactory for persistence unit 'default'
2024-10-28T10:28:54.473-05:00  INFO 3328 --- [demo] [SpringApplicationShutdownHook] com.zaxxer.hikari.HikariDataSource       : HikariPool-2 - Shutdown initiated...
2024-10-28T10:28:54.475-05:00  INFO 3328 --- [demo] [SpringApplicationShutdownHook] com.zaxxer.hikari.HikariDataSource       : HikariPool-2 - Shutdown completed.
2024-10-28T10:29:53.512-05:00  INFO 27052 --- [demo] [main] com.example.demo.frontend.UseCaseTest    : Starting UseCaseTest using Java 17.0.12 with PID 27052 (started by Janus in C:\Users\Janus\Documents\GitHub\PetLand\Proyecto\demo)
2024-10-28T10:29:53.514-05:00  INFO 27052 --- [demo] [main] com.example.demo.frontend.UseCaseTest    : The following 1 profile is active: "test"
2024-10-28T10:29:54.467-05:00  INFO 27052 --- [demo] [main] .s.d.r.c.RepositoryConfigurationDelegate : Bootstrapping Spring Data JPA repositories in DEFAULT mode.
2024-10-28T10:29:54.597-05:00  INFO 27052 --- [demo] [main] .s.d.r.c.RepositoryConfigurationDelegate : Finished Spring Data repository scanning in 113 ms. Found 6 JPA repository interfaces.
2024-10-28T10:29:55.448-05:00  INFO 27052 --- [demo] [main] o.s.b.w.embedded.tomcat.TomcatWebServer  : Tomcat initialized with port 8080 (http)
2024-10-28T10:29:55.466-05:00  INFO 27052 --- [demo] [main] o.apache.catalina.core.StandardService   : Starting service [Tomcat]
2024-10-28T10:29:55.468-05:00  INFO 27052 --- [demo] [main] o.apache.catalina.core.StandardEngine    : Starting Servlet engine: [Apache Tomcat/10.1.26]
2024-10-28T10:29:55.595-05:00  INFO 27052 --- [demo] [main] o.a.c.c.C.[Tomcat].[localhost].[/]       : Initializing Spring embedded WebApplicationContext
2024-10-28T10:29:55.596-05:00  INFO 27052 --- [demo] [main] w.s.c.ServletWebServerApplicationContext : Root WebApplicationContext: initialization completed in 2059 ms
2024-10-28T10:29:55.640-05:00  INFO 27052 --- [demo] [main] com.zaxxer.hikari.HikariDataSource       : HikariPool-1 - Starting...
2024-10-28T10:29:55.921-05:00  INFO 27052 --- [demo] [main] com.zaxxer.hikari.pool.HikariPool        : HikariPool-1 - Added connection conn0: url=jdbc:h2:mem:testdb user=SA
2024-10-28T10:29:55.924-05:00  INFO 27052 --- [demo] [main] com.zaxxer.hikari.HikariDataSource       : HikariPool-1 - Start completed.
2024-10-28T10:29:55.940-05:00  INFO 27052 --- [demo] [main] o.s.b.a.h2.H2ConsoleAutoConfiguration    : H2 console available at '/h2-console'. Database available at 'jdbc:h2:mem:testdb'
2024-10-28T10:29:56.168-05:00  INFO 27052 --- [demo] [main] o.hibernate.jpa.internal.util.LogHelper  : HHH000204: Processing PersistenceUnitInfo [name: default]
2024-10-28T10:29:56.282-05:00  INFO 27052 --- [demo] [main] org.hibernate.Version                    : HHH000412: Hibernate ORM core version 6.5.2.Final
2024-10-28T10:29:56.338-05:00  INFO 27052 --- [demo] [main] o.h.c.internal.RegionFactoryInitiator    : HHH000026: Second-level cache disabled
2024-10-28T10:29:56.866-05:00  INFO 27052 --- [demo] [main] o.s.o.j.p.SpringPersistenceUnitInfo      : No LoadTimeWeaver setup: ignoring JPA class transformer
2024-10-28T10:29:56.909-05:00  WARN 27052 --- [demo] [main] org.hibernate.orm.deprecation            : HHH90000025: H2Dialect does not need to be specified explicitly using 'hibernate.dialect' (remove the property setting and it will be selected by default)
2024-10-28T10:29:57.917-05:00  INFO 27052 --- [demo] [main] o.h.e.t.j.p.i.JtaPlatformInitiator       : HHH000489: No JTA platform available (set 'hibernate.transaction.jta.platform' to enable JTA platform integration)
2024-10-28T10:29:57.986-05:00  INFO 27052 --- [demo] [main] j.LocalContainerEntityManagerFactoryBean : Initialized JPA EntityManagerFactory for persistence unit 'default'
2024-10-28T10:29:58.440-05:00  INFO 27052 --- [demo] [main] o.s.d.j.r.query.QueryEnhancerFactory     : Hibernate is in classpath; If applicable, HQL parser will be used.
2024-10-28T10:29:59.636-05:00  WARN 27052 --- [demo] [main] JpaBaseConfiguration$JpaWebConfiguration : spring.jpa.open-in-view is enabled by default. Therefore, database queries may be performed during view rendering. Explicitly configure spring.jpa.open-in-view to disable this warning
2024-10-28T10:30:00.321-05:00  WARN 27052 --- [demo] [main] ion$DefaultTemplateResolverConfiguration : Cannot find template location: classpath:/templates/ (please add some templates, check your Thymeleaf configuration, or set spring.thymeleaf.check-template-location=false)
2024-10-28T10:30:00.912-05:00  INFO 27052 --- [demo] [main] o.s.b.w.embedded.tomcat.TomcatWebServer  : Tomcat started on port 8080 (http) with context path '/'
2024-10-28T10:30:00.922-05:00  INFO 27052 --- [demo] [main] com.example.demo.frontend.UseCaseTest    : Started UseCaseTest in 7.827 seconds (process running for 8.863)
2024-10-28T10:30:03.215-05:00  INFO 27052 --- [demo] [main] j.LocalContainerEntityManagerFactoryBean : Closing JPA EntityManagerFactory for persistence unit 'default'
2024-10-28T10:30:03.220-05:00  INFO 27052 --- [demo] [main] com.zaxxer.hikari.HikariDataSource       : HikariPool-1 - Shutdown initiated...
2024-10-28T10:30:03.225-05:00  INFO 27052 --- [demo] [main] com.zaxxer.hikari.HikariDataSource       : HikariPool-1 - Shutdown completed.
2024-10-28T10:30:03.233-05:00  INFO 27052 --- [demo] [main] o.s.b.d.r.RestartApplicationListener     : Restart disabled due to context in which it is running
2024-10-28T10:30:03.271-05:00  INFO 27052 --- [demo] [main] com.example.demo.frontend.UseCaseTest    : Starting UseCaseTest using Java 17.0.12 with PID 27052 (started by Janus in C:\Users\Janus\Documents\GitHub\PetLand\Proyecto\demo)
2024-10-28T10:30:03.271-05:00  INFO 27052 --- [demo] [main] com.example.demo.frontend.UseCaseTest    : The following 1 profile is active: "test"
2024-10-28T10:30:03.456-05:00  INFO 27052 --- [demo] [main] .s.d.r.c.RepositoryConfigurationDelegate : Bootstrapping Spring Data JPA repositories in DEFAULT mode.
2024-10-28T10:30:03.481-05:00  INFO 27052 --- [demo] [main] .s.d.r.c.RepositoryConfigurationDelegate : Finished Spring Data repository scanning in 25 ms. Found 6 JPA repository interfaces.
2024-10-28T10:30:03.559-05:00  INFO 27052 --- [demo] [main] o.s.b.w.embedded.tomcat.TomcatWebServer  : Tomcat initialized with port 8080 (http)
2024-10-28T10:30:03.560-05:00  INFO 27052 --- [demo] [main] o.apache.catalina.core.StandardService   : Starting service [Tomcat]
2024-10-28T10:30:03.561-05:00  INFO 27052 --- [demo] [main] o.apache.catalina.core.StandardEngine    : Starting Servlet engine: [Apache Tomcat/10.1.26]
2024-10-28T10:30:03.645-05:00  INFO 27052 --- [demo] [main] o.a.c.c.C.[Tomcat].[localhost].[/]       : Initializing Spring embedded WebApplicationContext
2024-10-28T10:30:03.646-05:00  INFO 27052 --- [demo] [main] w.s.c.ServletWebServerApplicationContext : Root WebApplicationContext: initialization completed in 373 ms
2024-10-28T10:30:03.661-05:00  INFO 27052 --- [demo] [main] com.zaxxer.hikari.HikariDataSource       : HikariPool-2 - Starting...
2024-10-28T10:30:03.663-05:00  INFO 27052 --- [demo] [main] com.zaxxer.hikari.pool.HikariPool        : HikariPool-2 - Added connection conn10: url=jdbc:h2:mem:testdb user=SA
2024-10-28T10:30:03.663-05:00  INFO 27052 --- [demo] [main] com.zaxxer.hikari.HikariDataSource       : HikariPool-2 - Start completed.
2024-10-28T10:30:03.663-05:00  INFO 27052 --- [demo] [main] o.s.b.a.h2.H2ConsoleAutoConfiguration    : H2 console available at '/h2-console'. Database available at 'jdbc:h2:mem:testdb'
2024-10-28T10:30:03.688-05:00  INFO 27052 --- [demo] [main] o.hibernate.jpa.internal.util.LogHelper  : HHH000204: Processing PersistenceUnitInfo [name: default]
2024-10-28T10:30:03.695-05:00  INFO 27052 --- [demo] [main] o.h.c.internal.RegionFactoryInitiator    : HHH000026: Second-level cache disabled
2024-10-28T10:30:03.714-05:00  INFO 27052 --- [demo] [main] o.s.o.j.p.SpringPersistenceUnitInfo      : No LoadTimeWeaver setup: ignoring JPA class transformer
2024-10-28T10:30:03.716-05:00  WARN 27052 --- [demo] [main] org.hibernate.orm.deprecation            : HHH90000025: H2Dialect does not need to be specified explicitly using 'hibernate.dialect' (remove the property setting and it will be selected by default)
2024-10-28T10:30:03.902-05:00  INFO 27052 --- [demo] [main] o.h.e.t.j.p.i.JtaPlatformInitiator       : HHH000489: No JTA platform available (set 'hibernate.transaction.jta.platform' to enable JTA platform integration)
2024-10-28T10:30:03.918-05:00  INFO 27052 --- [demo] [main] j.LocalContainerEntityManagerFactoryBean : Initialized JPA EntityManagerFactory for persistence unit 'default'
2024-10-28T10:30:04.096-05:00  WARN 27052 --- [demo] [main] JpaBaseConfiguration$JpaWebConfiguration : spring.jpa.open-in-view is enabled by default. Therefore, database queries may be performed during view rendering. Explicitly configure spring.jpa.open-in-view to disable this warning
2024-10-28T10:30:04.242-05:00  WARN 27052 --- [demo] [main] ion$DefaultTemplateResolverConfiguration : Cannot find template location: classpath:/templates/ (please add some templates, check your Thymeleaf configuration, or set spring.thymeleaf.check-template-location=false)
2024-10-28T10:30:04.329-05:00  INFO 27052 --- [demo] [main] o.s.b.w.embedded.tomcat.TomcatWebServer  : Tomcat started on port 8080 (http) with context path '/'
2024-10-28T10:30:04.335-05:00  INFO 27052 --- [demo] [main] com.example.demo.frontend.UseCaseTest    : Started UseCaseTest in 1.102 seconds (process running for 12.277)
2024-10-28T10:30:05.713-05:00  INFO 27052 --- [demo] [main] i.g.bonigarcia.wdm.WebDriverManager      : Using chromedriver 130.0.6723.69 (resolved driver for Chrome 130)
2024-10-28T10:30:05.759-05:00  INFO 27052 --- [demo] [main] i.g.bonigarcia.wdm.WebDriverManager      : Exporting webdriver.chrome.driver as C:\Users\Janus\.cache\selenium\chromedriver\win64\130.0.6723.69\chromedriver.exe
2024-10-28T10:30:06.729-05:00  WARN 27052 --- [demo] [main] o.o.selenium.devtools.CdpVersionFinder   : Unable to find CDP implementation matching 130
2024-10-28T10:30:06.729-05:00  WARN 27052 --- [demo] [main] o.o.selenium.chromium.ChromiumDriver     : Unable to find version of CDP to use for 130.0.6723.70. You may need to include a dependency on a specific version of the CDP using something similar to `org.seleniumhq.selenium:selenium-devtools-v86:4.19.1` where the version ("v86") matches the version of the chromium-based browser you're using and the version number of the artifact is the same as Selenium's.
2024-10-28T10:30:07.343-05:00  INFO 27052 --- [demo] [http-nio-8080-exec-1] o.a.c.c.C.[Tomcat].[localhost].[/]       : Initializing Spring DispatcherServlet 'dispatcherServlet'
2024-10-28T10:30:07.344-05:00  INFO 27052 --- [demo] [http-nio-8080-exec-1] o.s.web.servlet.DispatcherServlet        : Initializing Servlet 'dispatcherServlet'
2024-10-28T10:30:07.346-05:00  INFO 27052 --- [demo] [http-nio-8080-exec-1] o.s.web.servlet.DispatcherServlet        : Completed initialization in 2 ms
2024-10-28T10:30:08.961-05:00  INFO 27052 --- [demo] [SpringApplicationShutdownHook] j.LocalContainerEntityManagerFactoryBean : Closing JPA EntityManagerFactory for persistence unit 'default'
2024-10-28T10:30:08.962-05:00  INFO 27052 --- [demo] [SpringApplicationShutdownHook] com.zaxxer.hikari.HikariDataSource       : HikariPool-2 - Shutdown initiated...
2024-10-28T10:30:08.964-05:00  INFO 27052 --- [demo] [SpringApplicationShutdownHook] com.zaxxer.hikari.HikariDataSource       : HikariPool-2 - Shutdown completed.
2024-10-28T10:35:28.418-05:00  INFO 20376 --- [demo] [main] com.example.demo.frontend.UseCaseTest    : Starting UseCaseTest using Java 17.0.12 with PID 20376 (started by Janus in C:\Users\Janus\Documents\GitHub\PetLand\Proyecto\demo)
2024-10-28T10:35:28.419-05:00  INFO 20376 --- [demo] [main] com.example.demo.frontend.UseCaseTest    : The following 1 profile is active: "test"
2024-10-28T10:35:29.435-05:00  INFO 20376 --- [demo] [main] .s.d.r.c.RepositoryConfigurationDelegate : Bootstrapping Spring Data JPA repositories in DEFAULT mode.
2024-10-28T10:35:29.552-05:00  INFO 20376 --- [demo] [main] .s.d.r.c.RepositoryConfigurationDelegate : Finished Spring Data repository scanning in 103 ms. Found 6 JPA repository interfaces.
2024-10-28T10:35:30.492-05:00  INFO 20376 --- [demo] [main] o.s.b.w.embedded.tomcat.TomcatWebServer  : Tomcat initialized with port 8080 (http)
2024-10-28T10:35:30.513-05:00  INFO 20376 --- [demo] [main] o.apache.catalina.core.StandardService   : Starting service [Tomcat]
2024-10-28T10:35:30.514-05:00  INFO 20376 --- [demo] [main] o.apache.catalina.core.StandardEngine    : Starting Servlet engine: [Apache Tomcat/10.1.26]
2024-10-28T10:35:30.637-05:00  INFO 20376 --- [demo] [main] o.a.c.c.C.[Tomcat].[localhost].[/]       : Initializing Spring embedded WebApplicationContext
2024-10-28T10:35:30.638-05:00  INFO 20376 --- [demo] [main] w.s.c.ServletWebServerApplicationContext : Root WebApplicationContext: initialization completed in 2197 ms
2024-10-28T10:35:30.690-05:00  INFO 20376 --- [demo] [main] com.zaxxer.hikari.HikariDataSource       : HikariPool-1 - Starting...
2024-10-28T10:35:31.035-05:00  INFO 20376 --- [demo] [main] com.zaxxer.hikari.pool.HikariPool        : HikariPool-1 - Added connection conn0: url=jdbc:h2:mem:testdb user=SA
2024-10-28T10:35:31.039-05:00  INFO 20376 --- [demo] [main] com.zaxxer.hikari.HikariDataSource       : HikariPool-1 - Start completed.
2024-10-28T10:35:31.055-05:00  INFO 20376 --- [demo] [main] o.s.b.a.h2.H2ConsoleAutoConfiguration    : H2 console available at '/h2-console'. Database available at 'jdbc:h2:mem:testdb'
2024-10-28T10:35:31.286-05:00  INFO 20376 --- [demo] [main] o.hibernate.jpa.internal.util.LogHelper  : HHH000204: Processing PersistenceUnitInfo [name: default]
2024-10-28T10:35:31.390-05:00  INFO 20376 --- [demo] [main] org.hibernate.Version                    : HHH000412: Hibernate ORM core version 6.5.2.Final
2024-10-28T10:35:31.466-05:00  INFO 20376 --- [demo] [main] o.h.c.internal.RegionFactoryInitiator    : HHH000026: Second-level cache disabled
2024-10-28T10:35:32.057-05:00  INFO 20376 --- [demo] [main] o.s.o.j.p.SpringPersistenceUnitInfo      : No LoadTimeWeaver setup: ignoring JPA class transformer
2024-10-28T10:35:32.120-05:00  WARN 20376 --- [demo] [main] org.hibernate.orm.deprecation            : HHH90000025: H2Dialect does not need to be specified explicitly using 'hibernate.dialect' (remove the property setting and it will be selected by default)
2024-10-28T10:35:33.156-05:00  INFO 20376 --- [demo] [main] o.h.e.t.j.p.i.JtaPlatformInitiator       : HHH000489: No JTA platform available (set 'hibernate.transaction.jta.platform' to enable JTA platform integration)
2024-10-28T10:35:33.224-05:00  INFO 20376 --- [demo] [main] j.LocalContainerEntityManagerFactoryBean : Initialized JPA EntityManagerFactory for persistence unit 'default'
2024-10-28T10:35:33.764-05:00  INFO 20376 --- [demo] [main] o.s.d.j.r.query.QueryEnhancerFactory     : Hibernate is in classpath; If applicable, HQL parser will be used.
2024-10-28T10:35:34.948-05:00  WARN 20376 --- [demo] [main] JpaBaseConfiguration$JpaWebConfiguration : spring.jpa.open-in-view is enabled by default. Therefore, database queries may be performed during view rendering. Explicitly configure spring.jpa.open-in-view to disable this warning
2024-10-28T10:35:35.721-05:00  WARN 20376 --- [demo] [main] ion$DefaultTemplateResolverConfiguration : Cannot find template location: classpath:/templates/ (please add some templates, check your Thymeleaf configuration, or set spring.thymeleaf.check-template-location=false)
2024-10-28T10:35:36.582-05:00  INFO 20376 --- [demo] [main] o.s.b.w.embedded.tomcat.TomcatWebServer  : Tomcat started on port 8080 (http) with context path '/'
2024-10-28T10:35:36.599-05:00  INFO 20376 --- [demo] [main] com.example.demo.frontend.UseCaseTest    : Started UseCaseTest in 8.638 seconds (process running for 9.704)
2024-10-28T10:35:38.931-05:00  INFO 20376 --- [demo] [main] j.LocalContainerEntityManagerFactoryBean : Closing JPA EntityManagerFactory for persistence unit 'default'
2024-10-28T10:35:38.935-05:00  INFO 20376 --- [demo] [main] com.zaxxer.hikari.HikariDataSource       : HikariPool-1 - Shutdown initiated...
2024-10-28T10:35:38.940-05:00  INFO 20376 --- [demo] [main] com.zaxxer.hikari.HikariDataSource       : HikariPool-1 - Shutdown completed.
2024-10-28T10:35:38.950-05:00  INFO 20376 --- [demo] [main] o.s.b.d.r.RestartApplicationListener     : Restart disabled due to context in which it is running
2024-10-28T10:35:38.990-05:00  INFO 20376 --- [demo] [main] com.example.demo.frontend.UseCaseTest    : Starting UseCaseTest using Java 17.0.12 with PID 20376 (started by Janus in C:\Users\Janus\Documents\GitHub\PetLand\Proyecto\demo)
2024-10-28T10:35:38.990-05:00  INFO 20376 --- [demo] [main] com.example.demo.frontend.UseCaseTest    : The following 1 profile is active: "test"
2024-10-28T10:35:39.225-05:00  INFO 20376 --- [demo] [main] .s.d.r.c.RepositoryConfigurationDelegate : Bootstrapping Spring Data JPA repositories in DEFAULT mode.
2024-10-28T10:35:39.251-05:00  INFO 20376 --- [demo] [main] .s.d.r.c.RepositoryConfigurationDelegate : Finished Spring Data repository scanning in 25 ms. Found 6 JPA repository interfaces.
2024-10-28T10:35:39.346-05:00  INFO 20376 --- [demo] [main] o.s.b.w.embedded.tomcat.TomcatWebServer  : Tomcat initialized with port 8080 (http)
2024-10-28T10:35:39.348-05:00  INFO 20376 --- [demo] [main] o.apache.catalina.core.StandardService   : Starting service [Tomcat]
2024-10-28T10:35:39.348-05:00  INFO 20376 --- [demo] [main] o.apache.catalina.core.StandardEngine    : Starting Servlet engine: [Apache Tomcat/10.1.26]
2024-10-28T10:35:39.396-05:00  INFO 20376 --- [demo] [main] o.a.c.c.C.[Tomcat].[localhost].[/]       : Initializing Spring embedded WebApplicationContext
2024-10-28T10:35:39.397-05:00  INFO 20376 --- [demo] [main] w.s.c.ServletWebServerApplicationContext : Root WebApplicationContext: initialization completed in 404 ms
2024-10-28T10:35:39.408-05:00  INFO 20376 --- [demo] [main] com.zaxxer.hikari.HikariDataSource       : HikariPool-2 - Starting...
2024-10-28T10:35:39.410-05:00  INFO 20376 --- [demo] [main] com.zaxxer.hikari.pool.HikariPool        : HikariPool-2 - Added connection conn10: url=jdbc:h2:mem:testdb user=SA
2024-10-28T10:35:39.410-05:00  INFO 20376 --- [demo] [main] com.zaxxer.hikari.HikariDataSource       : HikariPool-2 - Start completed.
2024-10-28T10:35:39.410-05:00  INFO 20376 --- [demo] [main] o.s.b.a.h2.H2ConsoleAutoConfiguration    : H2 console available at '/h2-console'. Database available at 'jdbc:h2:mem:testdb'
2024-10-28T10:35:39.437-05:00  INFO 20376 --- [demo] [main] o.hibernate.jpa.internal.util.LogHelper  : HHH000204: Processing PersistenceUnitInfo [name: default]
2024-10-28T10:35:39.444-05:00  INFO 20376 --- [demo] [main] o.h.c.internal.RegionFactoryInitiator    : HHH000026: Second-level cache disabled
2024-10-28T10:35:39.465-05:00  INFO 20376 --- [demo] [main] o.s.o.j.p.SpringPersistenceUnitInfo      : No LoadTimeWeaver setup: ignoring JPA class transformer
2024-10-28T10:35:39.468-05:00  WARN 20376 --- [demo] [main] org.hibernate.orm.deprecation            : HHH90000025: H2Dialect does not need to be specified explicitly using 'hibernate.dialect' (remove the property setting and it will be selected by default)
2024-10-28T10:35:39.620-05:00  INFO 20376 --- [demo] [main] o.h.e.t.j.p.i.JtaPlatformInitiator       : HHH000489: No JTA platform available (set 'hibernate.transaction.jta.platform' to enable JTA platform integration)
2024-10-28T10:35:39.627-05:00  INFO 20376 --- [demo] [main] j.LocalContainerEntityManagerFactoryBean : Initialized JPA EntityManagerFactory for persistence unit 'default'
2024-10-28T10:35:39.823-05:00  WARN 20376 --- [demo] [main] JpaBaseConfiguration$JpaWebConfiguration : spring.jpa.open-in-view is enabled by default. Therefore, database queries may be performed during view rendering. Explicitly configure spring.jpa.open-in-view to disable this warning
2024-10-28T10:35:39.944-05:00  WARN 20376 --- [demo] [main] ion$DefaultTemplateResolverConfiguration : Cannot find template location: classpath:/templates/ (please add some templates, check your Thymeleaf configuration, or set spring.thymeleaf.check-template-location=false)
2024-10-28T10:35:39.999-05:00  INFO 20376 --- [demo] [main] o.s.b.w.embedded.tomcat.TomcatWebServer  : Tomcat started on port 8080 (http) with context path '/'
2024-10-28T10:35:40.004-05:00  INFO 20376 --- [demo] [main] com.example.demo.frontend.UseCaseTest    : Started UseCaseTest in 1.055 seconds (process running for 13.108)
2024-10-28T10:35:41.319-05:00  INFO 20376 --- [demo] [main] i.g.bonigarcia.wdm.WebDriverManager      : Using chromedriver 130.0.6723.69 (resolved driver for Chrome 130)
2024-10-28T10:35:41.350-05:00  INFO 20376 --- [demo] [main] i.g.bonigarcia.wdm.WebDriverManager      : Exporting webdriver.chrome.driver as C:\Users\Janus\.cache\selenium\chromedriver\win64\130.0.6723.69\chromedriver.exe
2024-10-28T10:35:42.352-05:00  WARN 20376 --- [demo] [main] o.o.selenium.devtools.CdpVersionFinder   : Unable to find CDP implementation matching 130
2024-10-28T10:35:42.353-05:00  WARN 20376 --- [demo] [main] o.o.selenium.chromium.ChromiumDriver     : Unable to find version of CDP to use for 130.0.6723.70. You may need to include a dependency on a specific version of the CDP using something similar to `org.seleniumhq.selenium:selenium-devtools-v86:4.19.1` where the version ("v86") matches the version of the chromium-based browser you're using and the version number of the artifact is the same as Selenium's.
2024-10-28T10:35:42.963-05:00  INFO 20376 --- [demo] [http-nio-8080-exec-1] o.a.c.c.C.[Tomcat].[localhost].[/]       : Initializing Spring DispatcherServlet 'dispatcherServlet'
2024-10-28T10:35:42.963-05:00  INFO 20376 --- [demo] [http-nio-8080-exec-1] o.s.web.servlet.DispatcherServlet        : Initializing Servlet 'dispatcherServlet'
2024-10-28T10:35:42.965-05:00  INFO 20376 --- [demo] [http-nio-8080-exec-1] o.s.web.servlet.DispatcherServlet        : Completed initialization in 2 ms
2024-10-28T10:35:44.669-05:00  INFO 20376 --- [demo] [SpringApplicationShutdownHook] j.LocalContainerEntityManagerFactoryBean : Closing JPA EntityManagerFactory for persistence unit 'default'
2024-10-28T10:35:44.670-05:00  INFO 20376 --- [demo] [SpringApplicationShutdownHook] com.zaxxer.hikari.HikariDataSource       : HikariPool-2 - Shutdown initiated...
2024-10-28T10:35:44.672-05:00  INFO 20376 --- [demo] [SpringApplicationShutdownHook] com.zaxxer.hikari.HikariDataSource       : HikariPool-2 - Shutdown completed.
2024-10-28T10:36:41.259-05:00  INFO 11144 --- [demo] [main] com.example.demo.frontend.UseCaseTest    : Starting UseCaseTest using Java 17.0.12 with PID 11144 (started by Janus in C:\Users\Janus\Documents\GitHub\PetLand\Proyecto\demo)
2024-10-28T10:36:41.261-05:00  INFO 11144 --- [demo] [main] com.example.demo.frontend.UseCaseTest    : The following 1 profile is active: "test"
2024-10-28T10:36:42.279-05:00  INFO 11144 --- [demo] [main] .s.d.r.c.RepositoryConfigurationDelegate : Bootstrapping Spring Data JPA repositories in DEFAULT mode.
2024-10-28T10:36:42.415-05:00  INFO 11144 --- [demo] [main] .s.d.r.c.RepositoryConfigurationDelegate : Finished Spring Data repository scanning in 114 ms. Found 6 JPA repository interfaces.
2024-10-28T10:36:43.463-05:00  INFO 11144 --- [demo] [main] o.s.b.w.embedded.tomcat.TomcatWebServer  : Tomcat initialized with port 8080 (http)
2024-10-28T10:36:43.498-05:00  INFO 11144 --- [demo] [main] o.apache.catalina.core.StandardService   : Starting service [Tomcat]
2024-10-28T10:36:43.500-05:00  INFO 11144 --- [demo] [main] o.apache.catalina.core.StandardEngine    : Starting Servlet engine: [Apache Tomcat/10.1.26]
2024-10-28T10:36:43.673-05:00  INFO 11144 --- [demo] [main] o.a.c.c.C.[Tomcat].[localhost].[/]       : Initializing Spring embedded WebApplicationContext
2024-10-28T10:36:43.674-05:00  INFO 11144 --- [demo] [main] w.s.c.ServletWebServerApplicationContext : Root WebApplicationContext: initialization completed in 2394 ms
2024-10-28T10:36:43.740-05:00  INFO 11144 --- [demo] [main] com.zaxxer.hikari.HikariDataSource       : HikariPool-1 - Starting...
2024-10-28T10:36:44.057-05:00  INFO 11144 --- [demo] [main] com.zaxxer.hikari.pool.HikariPool        : HikariPool-1 - Added connection conn0: url=jdbc:h2:mem:testdb user=SA
2024-10-28T10:36:44.059-05:00  INFO 11144 --- [demo] [main] com.zaxxer.hikari.HikariDataSource       : HikariPool-1 - Start completed.
2024-10-28T10:36:44.070-05:00  INFO 11144 --- [demo] [main] o.s.b.a.h2.H2ConsoleAutoConfiguration    : H2 console available at '/h2-console'. Database available at 'jdbc:h2:mem:testdb'
2024-10-28T10:36:44.318-05:00  INFO 11144 --- [demo] [main] o.hibernate.jpa.internal.util.LogHelper  : HHH000204: Processing PersistenceUnitInfo [name: default]
2024-10-28T10:36:44.421-05:00  INFO 11144 --- [demo] [main] org.hibernate.Version                    : HHH000412: Hibernate ORM core version 6.5.2.Final
2024-10-28T10:36:44.491-05:00  INFO 11144 --- [demo] [main] o.h.c.internal.RegionFactoryInitiator    : HHH000026: Second-level cache disabled
2024-10-28T10:36:45.101-05:00  INFO 11144 --- [demo] [main] o.s.o.j.p.SpringPersistenceUnitInfo      : No LoadTimeWeaver setup: ignoring JPA class transformer
2024-10-28T10:36:45.162-05:00  WARN 11144 --- [demo] [main] org.hibernate.orm.deprecation            : HHH90000025: H2Dialect does not need to be specified explicitly using 'hibernate.dialect' (remove the property setting and it will be selected by default)
2024-10-28T10:36:46.218-05:00  INFO 11144 --- [demo] [main] o.h.e.t.j.p.i.JtaPlatformInitiator       : HHH000489: No JTA platform available (set 'hibernate.transaction.jta.platform' to enable JTA platform integration)
2024-10-28T10:36:46.279-05:00  INFO 11144 --- [demo] [main] j.LocalContainerEntityManagerFactoryBean : Initialized JPA EntityManagerFactory for persistence unit 'default'
2024-10-28T10:36:46.735-05:00  INFO 11144 --- [demo] [main] o.s.d.j.r.query.QueryEnhancerFactory     : Hibernate is in classpath; If applicable, HQL parser will be used.
2024-10-28T10:36:47.876-05:00  WARN 11144 --- [demo] [main] JpaBaseConfiguration$JpaWebConfiguration : spring.jpa.open-in-view is enabled by default. Therefore, database queries may be performed during view rendering. Explicitly configure spring.jpa.open-in-view to disable this warning
2024-10-28T10:36:48.501-05:00  WARN 11144 --- [demo] [main] ion$DefaultTemplateResolverConfiguration : Cannot find template location: classpath:/templates/ (please add some templates, check your Thymeleaf configuration, or set spring.thymeleaf.check-template-location=false)
2024-10-28T10:36:49.198-05:00  INFO 11144 --- [demo] [main] o.s.b.w.embedded.tomcat.TomcatWebServer  : Tomcat started on port 8080 (http) with context path '/'
2024-10-28T10:36:49.209-05:00  INFO 11144 --- [demo] [main] com.example.demo.frontend.UseCaseTest    : Started UseCaseTest in 8.34 seconds (process running for 9.367)
2024-10-28T10:36:51.370-05:00  INFO 11144 --- [demo] [main] j.LocalContainerEntityManagerFactoryBean : Closing JPA EntityManagerFactory for persistence unit 'default'
2024-10-28T10:36:51.372-05:00  INFO 11144 --- [demo] [main] com.zaxxer.hikari.HikariDataSource       : HikariPool-1 - Shutdown initiated...
2024-10-28T10:36:51.375-05:00  INFO 11144 --- [demo] [main] com.zaxxer.hikari.HikariDataSource       : HikariPool-1 - Shutdown completed.
2024-10-28T10:36:51.383-05:00  INFO 11144 --- [demo] [main] o.s.b.d.r.RestartApplicationListener     : Restart disabled due to context in which it is running
2024-10-28T10:36:51.419-05:00  INFO 11144 --- [demo] [main] com.example.demo.frontend.UseCaseTest    : Starting UseCaseTest using Java 17.0.12 with PID 11144 (started by Janus in C:\Users\Janus\Documents\GitHub\PetLand\Proyecto\demo)
2024-10-28T10:36:51.419-05:00  INFO 11144 --- [demo] [main] com.example.demo.frontend.UseCaseTest    : The following 1 profile is active: "test"
2024-10-28T10:36:51.645-05:00  INFO 11144 --- [demo] [main] .s.d.r.c.RepositoryConfigurationDelegate : Bootstrapping Spring Data JPA repositories in DEFAULT mode.
2024-10-28T10:36:51.676-05:00  INFO 11144 --- [demo] [main] .s.d.r.c.RepositoryConfigurationDelegate : Finished Spring Data repository scanning in 30 ms. Found 6 JPA repository interfaces.
2024-10-28T10:36:51.762-05:00  INFO 11144 --- [demo] [main] o.s.b.w.embedded.tomcat.TomcatWebServer  : Tomcat initialized with port 8080 (http)
2024-10-28T10:36:51.763-05:00  INFO 11144 --- [demo] [main] o.apache.catalina.core.StandardService   : Starting service [Tomcat]
2024-10-28T10:36:51.764-05:00  INFO 11144 --- [demo] [main] o.apache.catalina.core.StandardEngine    : Starting Servlet engine: [Apache Tomcat/10.1.26]
2024-10-28T10:36:51.847-05:00  INFO 11144 --- [demo] [main] o.a.c.c.C.[Tomcat].[localhost].[/]       : Initializing Spring embedded WebApplicationContext
2024-10-28T10:36:51.847-05:00  INFO 11144 --- [demo] [main] w.s.c.ServletWebServerApplicationContext : Root WebApplicationContext: initialization completed in 424 ms
2024-10-28T10:36:51.859-05:00  INFO 11144 --- [demo] [main] com.zaxxer.hikari.HikariDataSource       : HikariPool-2 - Starting...
2024-10-28T10:36:51.861-05:00  INFO 11144 --- [demo] [main] com.zaxxer.hikari.pool.HikariPool        : HikariPool-2 - Added connection conn10: url=jdbc:h2:mem:testdb user=SA
2024-10-28T10:36:51.861-05:00  INFO 11144 --- [demo] [main] com.zaxxer.hikari.HikariDataSource       : HikariPool-2 - Start completed.
2024-10-28T10:36:51.861-05:00  INFO 11144 --- [demo] [main] o.s.b.a.h2.H2ConsoleAutoConfiguration    : H2 console available at '/h2-console'. Database available at 'jdbc:h2:mem:testdb'
2024-10-28T10:36:51.888-05:00  INFO 11144 --- [demo] [main] o.hibernate.jpa.internal.util.LogHelper  : HHH000204: Processing PersistenceUnitInfo [name: default]
2024-10-28T10:36:51.895-05:00  INFO 11144 --- [demo] [main] o.h.c.internal.RegionFactoryInitiator    : HHH000026: Second-level cache disabled
2024-10-28T10:36:51.917-05:00  INFO 11144 --- [demo] [main] o.s.o.j.p.SpringPersistenceUnitInfo      : No LoadTimeWeaver setup: ignoring JPA class transformer
2024-10-28T10:36:51.921-05:00  WARN 11144 --- [demo] [main] org.hibernate.orm.deprecation            : HHH90000025: H2Dialect does not need to be specified explicitly using 'hibernate.dialect' (remove the property setting and it will be selected by default)
2024-10-28T10:36:52.096-05:00  INFO 11144 --- [demo] [main] o.h.e.t.j.p.i.JtaPlatformInitiator       : HHH000489: No JTA platform available (set 'hibernate.transaction.jta.platform' to enable JTA platform integration)
2024-10-28T10:36:52.112-05:00  INFO 11144 --- [demo] [main] j.LocalContainerEntityManagerFactoryBean : Initialized JPA EntityManagerFactory for persistence unit 'default'
2024-10-28T10:36:52.274-05:00  WARN 11144 --- [demo] [main] JpaBaseConfiguration$JpaWebConfiguration : spring.jpa.open-in-view is enabled by default. Therefore, database queries may be performed during view rendering. Explicitly configure spring.jpa.open-in-view to disable this warning
2024-10-28T10:36:52.381-05:00  WARN 11144 --- [demo] [main] ion$DefaultTemplateResolverConfiguration : Cannot find template location: classpath:/templates/ (please add some templates, check your Thymeleaf configuration, or set spring.thymeleaf.check-template-location=false)
2024-10-28T10:36:52.442-05:00  INFO 11144 --- [demo] [main] o.s.b.w.embedded.tomcat.TomcatWebServer  : Tomcat started on port 8080 (http) with context path '/'
2024-10-28T10:36:52.446-05:00  INFO 11144 --- [demo] [main] com.example.demo.frontend.UseCaseTest    : Started UseCaseTest in 1.064 seconds (process running for 12.605)
2024-10-28T10:36:53.569-05:00  INFO 11144 --- [demo] [main] i.g.bonigarcia.wdm.WebDriverManager      : Using chromedriver 130.0.6723.69 (resolved driver for Chrome 130)
2024-10-28T10:36:53.624-05:00  INFO 11144 --- [demo] [main] i.g.bonigarcia.wdm.WebDriverManager      : Exporting webdriver.chrome.driver as C:\Users\Janus\.cache\selenium\chromedriver\win64\130.0.6723.69\chromedriver.exe
2024-10-28T10:36:54.565-05:00  WARN 11144 --- [demo] [main] o.o.selenium.devtools.CdpVersionFinder   : Unable to find CDP implementation matching 130
2024-10-28T10:36:54.566-05:00  WARN 11144 --- [demo] [main] o.o.selenium.chromium.ChromiumDriver     : Unable to find version of CDP to use for 130.0.6723.70. You may need to include a dependency on a specific version of the CDP using something similar to `org.seleniumhq.selenium:selenium-devtools-v86:4.19.1` where the version ("v86") matches the version of the chromium-based browser you're using and the version number of the artifact is the same as Selenium's.
2024-10-28T10:36:55.245-05:00  INFO 11144 --- [demo] [http-nio-8080-exec-1] o.a.c.c.C.[Tomcat].[localhost].[/]       : Initializing Spring DispatcherServlet 'dispatcherServlet'
2024-10-28T10:36:55.245-05:00  INFO 11144 --- [demo] [http-nio-8080-exec-1] o.s.web.servlet.DispatcherServlet        : Initializing Servlet 'dispatcherServlet'
2024-10-28T10:36:55.247-05:00  INFO 11144 --- [demo] [http-nio-8080-exec-1] o.s.web.servlet.DispatcherServlet        : Completed initialization in 2 ms
2024-10-28T10:36:56.971-05:00  INFO 11144 --- [demo] [SpringApplicationShutdownHook] j.LocalContainerEntityManagerFactoryBean : Closing JPA EntityManagerFactory for persistence unit 'default'
2024-10-28T10:36:56.971-05:00  INFO 11144 --- [demo] [SpringApplicationShutdownHook] com.zaxxer.hikari.HikariDataSource       : HikariPool-2 - Shutdown initiated...
2024-10-28T10:36:56.973-05:00  INFO 11144 --- [demo] [SpringApplicationShutdownHook] com.zaxxer.hikari.HikariDataSource       : HikariPool-2 - Shutdown completed.
2024-10-28T10:38:59.809-05:00  INFO 15244 --- [demo] [main] com.example.demo.frontend.UseCaseTest    : Starting UseCaseTest using Java 17.0.12 with PID 15244 (started by Janus in C:\Users\Janus\Documents\GitHub\PetLand\Proyecto\demo)
2024-10-28T10:38:59.810-05:00  INFO 15244 --- [demo] [main] com.example.demo.frontend.UseCaseTest    : The following 1 profile is active: "test"
2024-10-28T10:39:00.778-05:00  INFO 15244 --- [demo] [main] .s.d.r.c.RepositoryConfigurationDelegate : Bootstrapping Spring Data JPA repositories in DEFAULT mode.
2024-10-28T10:39:00.901-05:00  INFO 15244 --- [demo] [main] .s.d.r.c.RepositoryConfigurationDelegate : Finished Spring Data repository scanning in 99 ms. Found 6 JPA repository interfaces.
2024-10-28T10:39:01.842-05:00  INFO 15244 --- [demo] [main] o.s.b.w.embedded.tomcat.TomcatWebServer  : Tomcat initialized with port 8080 (http)
2024-10-28T10:39:01.867-05:00  INFO 15244 --- [demo] [main] o.apache.catalina.core.StandardService   : Starting service [Tomcat]
2024-10-28T10:39:01.869-05:00  INFO 15244 --- [demo] [main] o.apache.catalina.core.StandardEngine    : Starting Servlet engine: [Apache Tomcat/10.1.26]
2024-10-28T10:39:02.018-05:00  INFO 15244 --- [demo] [main] o.a.c.c.C.[Tomcat].[localhost].[/]       : Initializing Spring embedded WebApplicationContext
2024-10-28T10:39:02.018-05:00  INFO 15244 --- [demo] [main] w.s.c.ServletWebServerApplicationContext : Root WebApplicationContext: initialization completed in 2190 ms
2024-10-28T10:39:02.080-05:00  INFO 15244 --- [demo] [main] com.zaxxer.hikari.HikariDataSource       : HikariPool-1 - Starting...
2024-10-28T10:39:02.413-05:00  INFO 15244 --- [demo] [main] com.zaxxer.hikari.pool.HikariPool        : HikariPool-1 - Added connection conn0: url=jdbc:h2:mem:testdb user=SA
2024-10-28T10:39:02.417-05:00  INFO 15244 --- [demo] [main] com.zaxxer.hikari.HikariDataSource       : HikariPool-1 - Start completed.
2024-10-28T10:39:02.431-05:00  INFO 15244 --- [demo] [main] o.s.b.a.h2.H2ConsoleAutoConfiguration    : H2 console available at '/h2-console'. Database available at 'jdbc:h2:mem:testdb'
2024-10-28T10:39:02.714-05:00  INFO 15244 --- [demo] [main] o.hibernate.jpa.internal.util.LogHelper  : HHH000204: Processing PersistenceUnitInfo [name: default]
2024-10-28T10:39:02.825-05:00  INFO 15244 --- [demo] [main] org.hibernate.Version                    : HHH000412: Hibernate ORM core version 6.5.2.Final
2024-10-28T10:39:02.902-05:00  INFO 15244 --- [demo] [main] o.h.c.internal.RegionFactoryInitiator    : HHH000026: Second-level cache disabled
2024-10-28T10:39:03.430-05:00  INFO 15244 --- [demo] [main] o.s.o.j.p.SpringPersistenceUnitInfo      : No LoadTimeWeaver setup: ignoring JPA class transformer
2024-10-28T10:39:03.476-05:00  WARN 15244 --- [demo] [main] org.hibernate.orm.deprecation            : HHH90000025: H2Dialect does not need to be specified explicitly using 'hibernate.dialect' (remove the property setting and it will be selected by default)
2024-10-28T10:39:04.474-05:00  INFO 15244 --- [demo] [main] o.h.e.t.j.p.i.JtaPlatformInitiator       : HHH000489: No JTA platform available (set 'hibernate.transaction.jta.platform' to enable JTA platform integration)
2024-10-28T10:39:04.535-05:00  INFO 15244 --- [demo] [main] j.LocalContainerEntityManagerFactoryBean : Initialized JPA EntityManagerFactory for persistence unit 'default'
2024-10-28T10:39:04.946-05:00  INFO 15244 --- [demo] [main] o.s.d.j.r.query.QueryEnhancerFactory     : Hibernate is in classpath; If applicable, HQL parser will be used.
2024-10-28T10:39:06.004-05:00  WARN 15244 --- [demo] [main] JpaBaseConfiguration$JpaWebConfiguration : spring.jpa.open-in-view is enabled by default. Therefore, database queries may be performed during view rendering. Explicitly configure spring.jpa.open-in-view to disable this warning
2024-10-28T10:39:06.659-05:00  WARN 15244 --- [demo] [main] ion$DefaultTemplateResolverConfiguration : Cannot find template location: classpath:/templates/ (please add some templates, check your Thymeleaf configuration, or set spring.thymeleaf.check-template-location=false)
2024-10-28T10:39:07.393-05:00  INFO 15244 --- [demo] [main] o.s.b.w.embedded.tomcat.TomcatWebServer  : Tomcat started on port 8080 (http) with context path '/'
2024-10-28T10:39:07.409-05:00  INFO 15244 --- [demo] [main] com.example.demo.frontend.UseCaseTest    : Started UseCaseTest in 8.006 seconds (process running for 9.073)
2024-10-28T10:39:09.535-05:00  INFO 15244 --- [demo] [main] j.LocalContainerEntityManagerFactoryBean : Closing JPA EntityManagerFactory for persistence unit 'default'
2024-10-28T10:39:09.541-05:00  INFO 15244 --- [demo] [main] com.zaxxer.hikari.HikariDataSource       : HikariPool-1 - Shutdown initiated...
2024-10-28T10:39:09.545-05:00  INFO 15244 --- [demo] [main] com.zaxxer.hikari.HikariDataSource       : HikariPool-1 - Shutdown completed.
2024-10-28T10:39:09.556-05:00  INFO 15244 --- [demo] [main] o.s.b.d.r.RestartApplicationListener     : Restart disabled due to context in which it is running
2024-10-28T10:39:09.591-05:00  INFO 15244 --- [demo] [main] com.example.demo.frontend.UseCaseTest    : Starting UseCaseTest using Java 17.0.12 with PID 15244 (started by Janus in C:\Users\Janus\Documents\GitHub\PetLand\Proyecto\demo)
2024-10-28T10:39:09.592-05:00  INFO 15244 --- [demo] [main] com.example.demo.frontend.UseCaseTest    : The following 1 profile is active: "test"
2024-10-28T10:39:09.790-05:00  INFO 15244 --- [demo] [main] .s.d.r.c.RepositoryConfigurationDelegate : Bootstrapping Spring Data JPA repositories in DEFAULT mode.
2024-10-28T10:39:09.814-05:00  INFO 15244 --- [demo] [main] .s.d.r.c.RepositoryConfigurationDelegate : Finished Spring Data repository scanning in 23 ms. Found 6 JPA repository interfaces.
2024-10-28T10:39:09.898-05:00  INFO 15244 --- [demo] [main] o.s.b.w.embedded.tomcat.TomcatWebServer  : Tomcat initialized with port 8080 (http)
2024-10-28T10:39:09.899-05:00  INFO 15244 --- [demo] [main] o.apache.catalina.core.StandardService   : Starting service [Tomcat]
2024-10-28T10:39:09.900-05:00  INFO 15244 --- [demo] [main] o.apache.catalina.core.StandardEngine    : Starting Servlet engine: [Apache Tomcat/10.1.26]
2024-10-28T10:39:09.941-05:00  INFO 15244 --- [demo] [main] o.a.c.c.C.[Tomcat].[localhost].[/]       : Initializing Spring embedded WebApplicationContext
2024-10-28T10:39:09.941-05:00  INFO 15244 --- [demo] [main] w.s.c.ServletWebServerApplicationContext : Root WebApplicationContext: initialization completed in 346 ms
2024-10-28T10:39:09.954-05:00  INFO 15244 --- [demo] [main] com.zaxxer.hikari.HikariDataSource       : HikariPool-2 - Starting...
2024-10-28T10:39:09.956-05:00  INFO 15244 --- [demo] [main] com.zaxxer.hikari.pool.HikariPool        : HikariPool-2 - Added connection conn10: url=jdbc:h2:mem:testdb user=SA
2024-10-28T10:39:09.956-05:00  INFO 15244 --- [demo] [main] com.zaxxer.hikari.HikariDataSource       : HikariPool-2 - Start completed.
2024-10-28T10:39:09.957-05:00  INFO 15244 --- [demo] [main] o.s.b.a.h2.H2ConsoleAutoConfiguration    : H2 console available at '/h2-console'. Database available at 'jdbc:h2:mem:testdb'
2024-10-28T10:39:09.978-05:00  INFO 15244 --- [demo] [main] o.hibernate.jpa.internal.util.LogHelper  : HHH000204: Processing PersistenceUnitInfo [name: default]
2024-10-28T10:39:09.984-05:00  INFO 15244 --- [demo] [main] o.h.c.internal.RegionFactoryInitiator    : HHH000026: Second-level cache disabled
2024-10-28T10:39:10.002-05:00  INFO 15244 --- [demo] [main] o.s.o.j.p.SpringPersistenceUnitInfo      : No LoadTimeWeaver setup: ignoring JPA class transformer
2024-10-28T10:39:10.005-05:00  WARN 15244 --- [demo] [main] org.hibernate.orm.deprecation            : HHH90000025: H2Dialect does not need to be specified explicitly using 'hibernate.dialect' (remove the property setting and it will be selected by default)
2024-10-28T10:39:10.142-05:00  INFO 15244 --- [demo] [main] o.h.e.t.j.p.i.JtaPlatformInitiator       : HHH000489: No JTA platform available (set 'hibernate.transaction.jta.platform' to enable JTA platform integration)
2024-10-28T10:39:10.161-05:00  INFO 15244 --- [demo] [main] j.LocalContainerEntityManagerFactoryBean : Initialized JPA EntityManagerFactory for persistence unit 'default'
2024-10-28T10:39:10.442-05:00  WARN 15244 --- [demo] [main] JpaBaseConfiguration$JpaWebConfiguration : spring.jpa.open-in-view is enabled by default. Therefore, database queries may be performed during view rendering. Explicitly configure spring.jpa.open-in-view to disable this warning
2024-10-28T10:39:10.563-05:00  WARN 15244 --- [demo] [main] ion$DefaultTemplateResolverConfiguration : Cannot find template location: classpath:/templates/ (please add some templates, check your Thymeleaf configuration, or set spring.thymeleaf.check-template-location=false)
2024-10-28T10:39:10.639-05:00  INFO 15244 --- [demo] [main] o.s.b.w.embedded.tomcat.TomcatWebServer  : Tomcat started on port 8080 (http) with context path '/'
2024-10-28T10:39:10.645-05:00  INFO 15244 --- [demo] [main] com.example.demo.frontend.UseCaseTest    : Started UseCaseTest in 1.089 seconds (process running for 12.309)
2024-10-28T10:39:11.708-05:00  INFO 15244 --- [demo] [main] i.g.bonigarcia.wdm.WebDriverManager      : Using chromedriver 130.0.6723.69 (resolved driver for Chrome 130)
2024-10-28T10:39:11.763-05:00  INFO 15244 --- [demo] [main] i.g.bonigarcia.wdm.WebDriverManager      : Exporting webdriver.chrome.driver as C:\Users\Janus\.cache\selenium\chromedriver\win64\130.0.6723.69\chromedriver.exe
2024-10-28T10:39:12.688-05:00  WARN 15244 --- [demo] [main] o.o.selenium.devtools.CdpVersionFinder   : Unable to find CDP implementation matching 130
2024-10-28T10:39:12.688-05:00  WARN 15244 --- [demo] [main] o.o.selenium.chromium.ChromiumDriver     : Unable to find version of CDP to use for 130.0.6723.70. You may need to include a dependency on a specific version of the CDP using something similar to `org.seleniumhq.selenium:selenium-devtools-v86:4.19.1` where the version ("v86") matches the version of the chromium-based browser you're using and the version number of the artifact is the same as Selenium's.
2024-10-28T10:39:13.497-05:00  INFO 15244 --- [demo] [http-nio-8080-exec-1] o.a.c.c.C.[Tomcat].[localhost].[/]       : Initializing Spring DispatcherServlet 'dispatcherServlet'
2024-10-28T10:39:13.497-05:00  INFO 15244 --- [demo] [http-nio-8080-exec-1] o.s.web.servlet.DispatcherServlet        : Initializing Servlet 'dispatcherServlet'
2024-10-28T10:39:13.499-05:00  INFO 15244 --- [demo] [http-nio-8080-exec-1] o.s.web.servlet.DispatcherServlet        : Completed initialization in 1 ms
2024-10-28T10:39:15.391-05:00  WARN 15244 --- [demo] [http-nio-8080-exec-5] .w.s.m.s.DefaultHandlerExceptionResolver : Resolved [org.springframework.web.context.request.async.AsyncRequestNotUsableException: ServletOutputStream failed to flush: java.io.IOException: Connection reset by peer]
2024-10-28T10:39:15.476-05:00  INFO 15244 --- [demo] [SpringApplicationShutdownHook] j.LocalContainerEntityManagerFactoryBean : Closing JPA EntityManagerFactory for persistence unit 'default'
2024-10-28T10:39:15.476-05:00  INFO 15244 --- [demo] [SpringApplicationShutdownHook] com.zaxxer.hikari.HikariDataSource       : HikariPool-2 - Shutdown initiated...
2024-10-28T10:39:15.478-05:00  INFO 15244 --- [demo] [SpringApplicationShutdownHook] com.zaxxer.hikari.HikariDataSource       : HikariPool-2 - Shutdown completed.
2024-10-28T10:39:44.145-05:00  INFO 22472 --- [demo] [main] com.example.demo.frontend.UseCaseTest    : Starting UseCaseTest using Java 17.0.12 with PID 22472 (started by Janus in C:\Users\Janus\Documents\GitHub\PetLand\Proyecto\demo)
2024-10-28T10:39:44.146-05:00  INFO 22472 --- [demo] [main] com.example.demo.frontend.UseCaseTest    : The following 1 profile is active: "test"
2024-10-28T10:39:45.169-05:00  INFO 22472 --- [demo] [main] .s.d.r.c.RepositoryConfigurationDelegate : Bootstrapping Spring Data JPA repositories in DEFAULT mode.
2024-10-28T10:39:45.284-05:00  INFO 22472 --- [demo] [main] .s.d.r.c.RepositoryConfigurationDelegate : Finished Spring Data repository scanning in 98 ms. Found 6 JPA repository interfaces.
2024-10-28T10:39:46.283-05:00  INFO 22472 --- [demo] [main] o.s.b.w.embedded.tomcat.TomcatWebServer  : Tomcat initialized with port 8080 (http)
2024-10-28T10:39:46.304-05:00  INFO 22472 --- [demo] [main] o.apache.catalina.core.StandardService   : Starting service [Tomcat]
2024-10-28T10:39:46.304-05:00  INFO 22472 --- [demo] [main] o.apache.catalina.core.StandardEngine    : Starting Servlet engine: [Apache Tomcat/10.1.26]
2024-10-28T10:39:46.472-05:00  INFO 22472 --- [demo] [main] o.a.c.c.C.[Tomcat].[localhost].[/]       : Initializing Spring embedded WebApplicationContext
2024-10-28T10:39:46.473-05:00  INFO 22472 --- [demo] [main] w.s.c.ServletWebServerApplicationContext : Root WebApplicationContext: initialization completed in 2300 ms
2024-10-28T10:39:46.537-05:00  INFO 22472 --- [demo] [main] com.zaxxer.hikari.HikariDataSource       : HikariPool-1 - Starting...
2024-10-28T10:39:46.834-05:00  INFO 22472 --- [demo] [main] com.zaxxer.hikari.pool.HikariPool        : HikariPool-1 - Added connection conn0: url=jdbc:h2:mem:testdb user=SA
2024-10-28T10:39:46.836-05:00  INFO 22472 --- [demo] [main] com.zaxxer.hikari.HikariDataSource       : HikariPool-1 - Start completed.
2024-10-28T10:39:46.847-05:00  INFO 22472 --- [demo] [main] o.s.b.a.h2.H2ConsoleAutoConfiguration    : H2 console available at '/h2-console'. Database available at 'jdbc:h2:mem:testdb'
2024-10-28T10:39:47.116-05:00  INFO 22472 --- [demo] [main] o.hibernate.jpa.internal.util.LogHelper  : HHH000204: Processing PersistenceUnitInfo [name: default]
2024-10-28T10:39:47.231-05:00  INFO 22472 --- [demo] [main] org.hibernate.Version                    : HHH000412: Hibernate ORM core version 6.5.2.Final
2024-10-28T10:39:47.303-05:00  INFO 22472 --- [demo] [main] o.h.c.internal.RegionFactoryInitiator    : HHH000026: Second-level cache disabled
2024-10-28T10:39:47.868-05:00  INFO 22472 --- [demo] [main] o.s.o.j.p.SpringPersistenceUnitInfo      : No LoadTimeWeaver setup: ignoring JPA class transformer
2024-10-28T10:39:47.937-05:00  WARN 22472 --- [demo] [main] org.hibernate.orm.deprecation            : HHH90000025: H2Dialect does not need to be specified explicitly using 'hibernate.dialect' (remove the property setting and it will be selected by default)
2024-10-28T10:39:48.870-05:00  INFO 22472 --- [demo] [main] o.h.e.t.j.p.i.JtaPlatformInitiator       : HHH000489: No JTA platform available (set 'hibernate.transaction.jta.platform' to enable JTA platform integration)
2024-10-28T10:39:48.936-05:00  INFO 22472 --- [demo] [main] j.LocalContainerEntityManagerFactoryBean : Initialized JPA EntityManagerFactory for persistence unit 'default'
2024-10-28T10:39:49.340-05:00  INFO 22472 --- [demo] [main] o.s.d.j.r.query.QueryEnhancerFactory     : Hibernate is in classpath; If applicable, HQL parser will be used.
2024-10-28T10:39:50.548-05:00  WARN 22472 --- [demo] [main] JpaBaseConfiguration$JpaWebConfiguration : spring.jpa.open-in-view is enabled by default. Therefore, database queries may be performed during view rendering. Explicitly configure spring.jpa.open-in-view to disable this warning
2024-10-28T10:39:51.280-05:00  WARN 22472 --- [demo] [main] ion$DefaultTemplateResolverConfiguration : Cannot find template location: classpath:/templates/ (please add some templates, check your Thymeleaf configuration, or set spring.thymeleaf.check-template-location=false)
2024-10-28T10:39:51.812-05:00  INFO 22472 --- [demo] [main] o.s.b.w.embedded.tomcat.TomcatWebServer  : Tomcat started on port 8080 (http) with context path '/'
2024-10-28T10:39:51.824-05:00  INFO 22472 --- [demo] [main] com.example.demo.frontend.UseCaseTest    : Started UseCaseTest in 8.084 seconds (process running for 9.098)
2024-10-28T10:39:53.975-05:00  INFO 22472 --- [demo] [main] j.LocalContainerEntityManagerFactoryBean : Closing JPA EntityManagerFactory for persistence unit 'default'
2024-10-28T10:39:53.978-05:00  INFO 22472 --- [demo] [main] com.zaxxer.hikari.HikariDataSource       : HikariPool-1 - Shutdown initiated...
2024-10-28T10:39:53.984-05:00  INFO 22472 --- [demo] [main] com.zaxxer.hikari.HikariDataSource       : HikariPool-1 - Shutdown completed.
2024-10-28T10:39:53.996-05:00  INFO 22472 --- [demo] [main] o.s.b.d.r.RestartApplicationListener     : Restart disabled due to context in which it is running
2024-10-28T10:39:54.033-05:00  INFO 22472 --- [demo] [main] com.example.demo.frontend.UseCaseTest    : Starting UseCaseTest using Java 17.0.12 with PID 22472 (started by Janus in C:\Users\Janus\Documents\GitHub\PetLand\Proyecto\demo)
2024-10-28T10:39:54.034-05:00  INFO 22472 --- [demo] [main] com.example.demo.frontend.UseCaseTest    : The following 1 profile is active: "test"
2024-10-28T10:39:54.231-05:00  INFO 22472 --- [demo] [main] .s.d.r.c.RepositoryConfigurationDelegate : Bootstrapping Spring Data JPA repositories in DEFAULT mode.
2024-10-28T10:39:54.281-05:00  INFO 22472 --- [demo] [main] .s.d.r.c.RepositoryConfigurationDelegate : Finished Spring Data repository scanning in 49 ms. Found 6 JPA repository interfaces.
2024-10-28T10:39:54.373-05:00  INFO 22472 --- [demo] [main] o.s.b.w.embedded.tomcat.TomcatWebServer  : Tomcat initialized with port 8080 (http)
2024-10-28T10:39:54.374-05:00  INFO 22472 --- [demo] [main] o.apache.catalina.core.StandardService   : Starting service [Tomcat]
2024-10-28T10:39:54.375-05:00  INFO 22472 --- [demo] [main] o.apache.catalina.core.StandardEngine    : Starting Servlet engine: [Apache Tomcat/10.1.26]
2024-10-28T10:39:54.419-05:00  INFO 22472 --- [demo] [main] o.a.c.c.C.[Tomcat].[localhost].[/]       : Initializing Spring embedded WebApplicationContext
2024-10-28T10:39:54.419-05:00  INFO 22472 --- [demo] [main] w.s.c.ServletWebServerApplicationContext : Root WebApplicationContext: initialization completed in 382 ms
2024-10-28T10:39:54.432-05:00  INFO 22472 --- [demo] [main] com.zaxxer.hikari.HikariDataSource       : HikariPool-2 - Starting...
2024-10-28T10:39:54.433-05:00  INFO 22472 --- [demo] [main] com.zaxxer.hikari.pool.HikariPool        : HikariPool-2 - Added connection conn10: url=jdbc:h2:mem:testdb user=SA
2024-10-28T10:39:54.434-05:00  INFO 22472 --- [demo] [main] com.zaxxer.hikari.HikariDataSource       : HikariPool-2 - Start completed.
2024-10-28T10:39:54.434-05:00  INFO 22472 --- [demo] [main] o.s.b.a.h2.H2ConsoleAutoConfiguration    : H2 console available at '/h2-console'. Database available at 'jdbc:h2:mem:testdb'
2024-10-28T10:39:54.456-05:00  INFO 22472 --- [demo] [main] o.hibernate.jpa.internal.util.LogHelper  : HHH000204: Processing PersistenceUnitInfo [name: default]
2024-10-28T10:39:54.462-05:00  INFO 22472 --- [demo] [main] o.h.c.internal.RegionFactoryInitiator    : HHH000026: Second-level cache disabled
2024-10-28T10:39:54.478-05:00  INFO 22472 --- [demo] [main] o.s.o.j.p.SpringPersistenceUnitInfo      : No LoadTimeWeaver setup: ignoring JPA class transformer
2024-10-28T10:39:54.481-05:00  WARN 22472 --- [demo] [main] org.hibernate.orm.deprecation            : HHH90000025: H2Dialect does not need to be specified explicitly using 'hibernate.dialect' (remove the property setting and it will be selected by default)
2024-10-28T10:39:54.636-05:00  INFO 22472 --- [demo] [main] o.h.e.t.j.p.i.JtaPlatformInitiator       : HHH000489: No JTA platform available (set 'hibernate.transaction.jta.platform' to enable JTA platform integration)
2024-10-28T10:39:54.645-05:00  INFO 22472 --- [demo] [main] j.LocalContainerEntityManagerFactoryBean : Initialized JPA EntityManagerFactory for persistence unit 'default'
2024-10-28T10:39:54.821-05:00  WARN 22472 --- [demo] [main] JpaBaseConfiguration$JpaWebConfiguration : spring.jpa.open-in-view is enabled by default. Therefore, database queries may be performed during view rendering. Explicitly configure spring.jpa.open-in-view to disable this warning
2024-10-28T10:39:54.942-05:00  WARN 22472 --- [demo] [main] ion$DefaultTemplateResolverConfiguration : Cannot find template location: classpath:/templates/ (please add some templates, check your Thymeleaf configuration, or set spring.thymeleaf.check-template-location=false)
2024-10-28T10:39:55.017-05:00  INFO 22472 --- [demo] [main] o.s.b.w.embedded.tomcat.TomcatWebServer  : Tomcat started on port 8080 (http) with context path '/'
2024-10-28T10:39:55.024-05:00  INFO 22472 --- [demo] [main] com.example.demo.frontend.UseCaseTest    : Started UseCaseTest in 1.027 seconds (process running for 12.297)
2024-10-28T10:39:56.361-05:00  INFO 22472 --- [demo] [main] i.g.bonigarcia.wdm.WebDriverManager      : Using chromedriver 130.0.6723.69 (resolved driver for Chrome 130)
2024-10-28T10:39:56.404-05:00  INFO 22472 --- [demo] [main] i.g.bonigarcia.wdm.WebDriverManager      : Exporting webdriver.chrome.driver as C:\Users\Janus\.cache\selenium\chromedriver\win64\130.0.6723.69\chromedriver.exe
2024-10-28T10:39:57.363-05:00  WARN 22472 --- [demo] [main] o.o.selenium.devtools.CdpVersionFinder   : Unable to find CDP implementation matching 130
2024-10-28T10:39:57.365-05:00  WARN 22472 --- [demo] [main] o.o.selenium.chromium.ChromiumDriver     : Unable to find version of CDP to use for 130.0.6723.70. You may need to include a dependency on a specific version of the CDP using something similar to `org.seleniumhq.selenium:selenium-devtools-v86:4.19.1` where the version ("v86") matches the version of the chromium-based browser you're using and the version number of the artifact is the same as Selenium's.
2024-10-28T10:39:58.014-05:00  INFO 22472 --- [demo] [http-nio-8080-exec-2] o.a.c.c.C.[Tomcat].[localhost].[/]       : Initializing Spring DispatcherServlet 'dispatcherServlet'
2024-10-28T10:39:58.014-05:00  INFO 22472 --- [demo] [http-nio-8080-exec-2] o.s.web.servlet.DispatcherServlet        : Initializing Servlet 'dispatcherServlet'
2024-10-28T10:39:58.015-05:00  INFO 22472 --- [demo] [http-nio-8080-exec-2] o.s.web.servlet.DispatcherServlet        : Completed initialization in 1 ms
2024-10-28T10:40:00.061-05:00  WARN 22472 --- [demo] [http-nio-8080-exec-6] .w.s.m.s.DefaultHandlerExceptionResolver : Resolved [org.springframework.web.context.request.async.AsyncRequestNotUsableException: ServletOutputStream failed to flush: java.nio.channels.ClosedChannelException]
2024-10-28T10:40:00.064-05:00  INFO 22472 --- [demo] [SpringApplicationShutdownHook] j.LocalContainerEntityManagerFactoryBean : Closing JPA EntityManagerFactory for persistence unit 'default'
2024-10-28T10:40:00.064-05:00  INFO 22472 --- [demo] [SpringApplicationShutdownHook] com.zaxxer.hikari.HikariDataSource       : HikariPool-2 - Shutdown initiated...
2024-10-28T10:40:00.065-05:00  INFO 22472 --- [demo] [SpringApplicationShutdownHook] com.zaxxer.hikari.HikariDataSource       : HikariPool-2 - Shutdown completed.
2024-10-28T10:40:14.654-05:00  INFO 27328 --- [demo] [main] com.example.demo.frontend.UseCaseTest    : Starting UseCaseTest using Java 17.0.12 with PID 27328 (started by Janus in C:\Users\Janus\Documents\GitHub\PetLand\Proyecto\demo)
2024-10-28T10:40:14.655-05:00  INFO 27328 --- [demo] [main] com.example.demo.frontend.UseCaseTest    : The following 1 profile is active: "test"
2024-10-28T10:40:15.634-05:00  INFO 27328 --- [demo] [main] .s.d.r.c.RepositoryConfigurationDelegate : Bootstrapping Spring Data JPA repositories in DEFAULT mode.
2024-10-28T10:40:15.766-05:00  INFO 27328 --- [demo] [main] .s.d.r.c.RepositoryConfigurationDelegate : Finished Spring Data repository scanning in 117 ms. Found 6 JPA repository interfaces.
2024-10-28T10:40:16.707-05:00  INFO 27328 --- [demo] [main] o.s.b.w.embedded.tomcat.TomcatWebServer  : Tomcat initialized with port 8080 (http)
2024-10-28T10:40:16.732-05:00  INFO 27328 --- [demo] [main] o.apache.catalina.core.StandardService   : Starting service [Tomcat]
2024-10-28T10:40:16.733-05:00  INFO 27328 --- [demo] [main] o.apache.catalina.core.StandardEngine    : Starting Servlet engine: [Apache Tomcat/10.1.26]
2024-10-28T10:40:16.918-05:00  INFO 27328 --- [demo] [main] o.a.c.c.C.[Tomcat].[localhost].[/]       : Initializing Spring embedded WebApplicationContext
2024-10-28T10:40:16.919-05:00  INFO 27328 --- [demo] [main] w.s.c.ServletWebServerApplicationContext : Root WebApplicationContext: initialization completed in 2243 ms
2024-10-28T10:40:16.976-05:00  INFO 27328 --- [demo] [main] com.zaxxer.hikari.HikariDataSource       : HikariPool-1 - Starting...
2024-10-28T10:40:17.288-05:00  INFO 27328 --- [demo] [main] com.zaxxer.hikari.pool.HikariPool        : HikariPool-1 - Added connection conn0: url=jdbc:h2:mem:testdb user=SA
2024-10-28T10:40:17.290-05:00  INFO 27328 --- [demo] [main] com.zaxxer.hikari.HikariDataSource       : HikariPool-1 - Start completed.
2024-10-28T10:40:17.308-05:00  INFO 27328 --- [demo] [main] o.s.b.a.h2.H2ConsoleAutoConfiguration    : H2 console available at '/h2-console'. Database available at 'jdbc:h2:mem:testdb'
2024-10-28T10:40:17.644-05:00  INFO 27328 --- [demo] [main] o.hibernate.jpa.internal.util.LogHelper  : HHH000204: Processing PersistenceUnitInfo [name: default]
2024-10-28T10:40:17.757-05:00  INFO 27328 --- [demo] [main] org.hibernate.Version                    : HHH000412: Hibernate ORM core version 6.5.2.Final
2024-10-28T10:40:17.826-05:00  INFO 27328 --- [demo] [main] o.h.c.internal.RegionFactoryInitiator    : HHH000026: Second-level cache disabled
2024-10-28T10:40:18.392-05:00  INFO 27328 --- [demo] [main] o.s.o.j.p.SpringPersistenceUnitInfo      : No LoadTimeWeaver setup: ignoring JPA class transformer
2024-10-28T10:40:18.465-05:00  WARN 27328 --- [demo] [main] org.hibernate.orm.deprecation            : HHH90000025: H2Dialect does not need to be specified explicitly using 'hibernate.dialect' (remove the property setting and it will be selected by default)
2024-10-28T10:40:19.498-05:00  INFO 27328 --- [demo] [main] o.h.e.t.j.p.i.JtaPlatformInitiator       : HHH000489: No JTA platform available (set 'hibernate.transaction.jta.platform' to enable JTA platform integration)
2024-10-28T10:40:19.559-05:00  INFO 27328 --- [demo] [main] j.LocalContainerEntityManagerFactoryBean : Initialized JPA EntityManagerFactory for persistence unit 'default'
2024-10-28T10:40:19.987-05:00  INFO 27328 --- [demo] [main] o.s.d.j.r.query.QueryEnhancerFactory     : Hibernate is in classpath; If applicable, HQL parser will be used.
2024-10-28T10:40:21.258-05:00  WARN 27328 --- [demo] [main] JpaBaseConfiguration$JpaWebConfiguration : spring.jpa.open-in-view is enabled by default. Therefore, database queries may be performed during view rendering. Explicitly configure spring.jpa.open-in-view to disable this warning
2024-10-28T10:40:21.907-05:00  WARN 27328 --- [demo] [main] ion$DefaultTemplateResolverConfiguration : Cannot find template location: classpath:/templates/ (please add some templates, check your Thymeleaf configuration, or set spring.thymeleaf.check-template-location=false)
2024-10-28T10:40:22.563-05:00  INFO 27328 --- [demo] [main] o.s.b.w.embedded.tomcat.TomcatWebServer  : Tomcat started on port 8080 (http) with context path '/'
2024-10-28T10:40:22.577-05:00  INFO 27328 --- [demo] [main] com.example.demo.frontend.UseCaseTest    : Started UseCaseTest in 8.32 seconds (process running for 9.418)
2024-10-28T10:40:25.128-05:00  INFO 27328 --- [demo] [main] j.LocalContainerEntityManagerFactoryBean : Closing JPA EntityManagerFactory for persistence unit 'default'
2024-10-28T10:40:25.132-05:00  INFO 27328 --- [demo] [main] com.zaxxer.hikari.HikariDataSource       : HikariPool-1 - Shutdown initiated...
2024-10-28T10:40:25.137-05:00  INFO 27328 --- [demo] [main] com.zaxxer.hikari.HikariDataSource       : HikariPool-1 - Shutdown completed.
2024-10-28T10:40:25.150-05:00  INFO 27328 --- [demo] [main] o.s.b.d.r.RestartApplicationListener     : Restart disabled due to context in which it is running
2024-10-28T10:40:25.204-05:00  INFO 27328 --- [demo] [main] com.example.demo.frontend.UseCaseTest    : Starting UseCaseTest using Java 17.0.12 with PID 27328 (started by Janus in C:\Users\Janus\Documents\GitHub\PetLand\Proyecto\demo)
2024-10-28T10:40:25.205-05:00  INFO 27328 --- [demo] [main] com.example.demo.frontend.UseCaseTest    : The following 1 profile is active: "test"
2024-10-28T10:40:25.528-05:00  INFO 27328 --- [demo] [main] .s.d.r.c.RepositoryConfigurationDelegate : Bootstrapping Spring Data JPA repositories in DEFAULT mode.
2024-10-28T10:40:25.560-05:00  INFO 27328 --- [demo] [main] .s.d.r.c.RepositoryConfigurationDelegate : Finished Spring Data repository scanning in 30 ms. Found 6 JPA repository interfaces.
2024-10-28T10:40:25.641-05:00  INFO 27328 --- [demo] [main] o.s.b.w.embedded.tomcat.TomcatWebServer  : Tomcat initialized with port 8080 (http)
2024-10-28T10:40:25.642-05:00  INFO 27328 --- [demo] [main] o.apache.catalina.core.StandardService   : Starting service [Tomcat]
2024-10-28T10:40:25.643-05:00  INFO 27328 --- [demo] [main] o.apache.catalina.core.StandardEngine    : Starting Servlet engine: [Apache Tomcat/10.1.26]
2024-10-28T10:40:25.694-05:00  INFO 27328 --- [demo] [main] o.a.c.c.C.[Tomcat].[localhost].[/]       : Initializing Spring embedded WebApplicationContext
2024-10-28T10:40:25.694-05:00  INFO 27328 --- [demo] [main] w.s.c.ServletWebServerApplicationContext : Root WebApplicationContext: initialization completed in 484 ms
2024-10-28T10:40:25.708-05:00  INFO 27328 --- [demo] [main] com.zaxxer.hikari.HikariDataSource       : HikariPool-2 - Starting...
2024-10-28T10:40:25.714-05:00  INFO 27328 --- [demo] [main] com.zaxxer.hikari.pool.HikariPool        : HikariPool-2 - Added connection conn10: url=jdbc:h2:mem:testdb user=SA
2024-10-28T10:40:25.715-05:00  INFO 27328 --- [demo] [main] com.zaxxer.hikari.HikariDataSource       : HikariPool-2 - Start completed.
2024-10-28T10:40:25.715-05:00  INFO 27328 --- [demo] [main] o.s.b.a.h2.H2ConsoleAutoConfiguration    : H2 console available at '/h2-console'. Database available at 'jdbc:h2:mem:testdb'
2024-10-28T10:40:25.770-05:00  INFO 27328 --- [demo] [main] o.hibernate.jpa.internal.util.LogHelper  : HHH000204: Processing PersistenceUnitInfo [name: default]
2024-10-28T10:40:25.784-05:00  INFO 27328 --- [demo] [main] o.h.c.internal.RegionFactoryInitiator    : HHH000026: Second-level cache disabled
2024-10-28T10:40:25.829-05:00  INFO 27328 --- [demo] [main] o.s.o.j.p.SpringPersistenceUnitInfo      : No LoadTimeWeaver setup: ignoring JPA class transformer
2024-10-28T10:40:25.836-05:00  WARN 27328 --- [demo] [main] org.hibernate.orm.deprecation            : HHH90000025: H2Dialect does not need to be specified explicitly using 'hibernate.dialect' (remove the property setting and it will be selected by default)
2024-10-28T10:40:26.096-05:00  INFO 27328 --- [demo] [main] o.h.e.t.j.p.i.JtaPlatformInitiator       : HHH000489: No JTA platform available (set 'hibernate.transaction.jta.platform' to enable JTA platform integration)
2024-10-28T10:40:26.114-05:00  INFO 27328 --- [demo] [main] j.LocalContainerEntityManagerFactoryBean : Initialized JPA EntityManagerFactory for persistence unit 'default'
2024-10-28T10:40:26.319-05:00  WARN 27328 --- [demo] [main] JpaBaseConfiguration$JpaWebConfiguration : spring.jpa.open-in-view is enabled by default. Therefore, database queries may be performed during view rendering. Explicitly configure spring.jpa.open-in-view to disable this warning
2024-10-28T10:40:26.449-05:00  WARN 27328 --- [demo] [main] ion$DefaultTemplateResolverConfiguration : Cannot find template location: classpath:/templates/ (please add some templates, check your Thymeleaf configuration, or set spring.thymeleaf.check-template-location=false)
2024-10-28T10:40:26.536-05:00  INFO 27328 --- [demo] [main] o.s.b.w.embedded.tomcat.TomcatWebServer  : Tomcat started on port 8080 (http) with context path '/'
2024-10-28T10:40:26.541-05:00  INFO 27328 --- [demo] [main] com.example.demo.frontend.UseCaseTest    : Started UseCaseTest in 1.391 seconds (process running for 13.382)
2024-10-28T10:40:28.168-05:00  INFO 27328 --- [demo] [main] i.g.bonigarcia.wdm.WebDriverManager      : Using chromedriver 130.0.6723.69 (resolved driver for Chrome 130)
2024-10-28T10:40:28.214-05:00  INFO 27328 --- [demo] [main] i.g.bonigarcia.wdm.WebDriverManager      : Exporting webdriver.chrome.driver as C:\Users\Janus\.cache\selenium\chromedriver\win64\130.0.6723.69\chromedriver.exe
2024-10-28T10:40:29.331-05:00  WARN 27328 --- [demo] [main] o.o.selenium.devtools.CdpVersionFinder   : Unable to find CDP implementation matching 130
2024-10-28T10:40:29.332-05:00  WARN 27328 --- [demo] [main] o.o.selenium.chromium.ChromiumDriver     : Unable to find version of CDP to use for 130.0.6723.70. You may need to include a dependency on a specific version of the CDP using something similar to `org.seleniumhq.selenium:selenium-devtools-v86:4.19.1` where the version ("v86") matches the version of the chromium-based browser you're using and the version number of the artifact is the same as Selenium's.
2024-10-28T10:40:30.013-05:00  INFO 27328 --- [demo] [http-nio-8080-exec-1] o.a.c.c.C.[Tomcat].[localhost].[/]       : Initializing Spring DispatcherServlet 'dispatcherServlet'
2024-10-28T10:40:30.013-05:00  INFO 27328 --- [demo] [http-nio-8080-exec-1] o.s.web.servlet.DispatcherServlet        : Initializing Servlet 'dispatcherServlet'
2024-10-28T10:40:30.015-05:00  INFO 27328 --- [demo] [http-nio-8080-exec-1] o.s.web.servlet.DispatcherServlet        : Completed initialization in 2 ms
2024-10-28T10:40:31.858-05:00  WARN 27328 --- [demo] [http-nio-8080-exec-5] .w.s.m.s.DefaultHandlerExceptionResolver : Resolved [org.springframework.web.context.request.async.AsyncRequestNotUsableException: ServletOutputStream failed to flush: java.nio.channels.ClosedChannelException]
2024-10-28T10:40:31.860-05:00  INFO 27328 --- [demo] [SpringApplicationShutdownHook] j.LocalContainerEntityManagerFactoryBean : Closing JPA EntityManagerFactory for persistence unit 'default'
2024-10-28T10:40:31.861-05:00  INFO 27328 --- [demo] [SpringApplicationShutdownHook] com.zaxxer.hikari.HikariDataSource       : HikariPool-2 - Shutdown initiated...
2024-10-28T10:40:31.862-05:00  INFO 27328 --- [demo] [SpringApplicationShutdownHook] com.zaxxer.hikari.HikariDataSource       : HikariPool-2 - Shutdown completed.
2024-10-28T10:46:36.938-05:00  INFO 5648 --- [demo] [main] com.example.demo.frontend.UseCaseTest    : Starting UseCaseTest using Java 17.0.12 with PID 5648 (started by Janus in C:\Users\Janus\Documents\GitHub\PetLand\Proyecto\demo)
2024-10-28T10:46:36.939-05:00  INFO 5648 --- [demo] [main] com.example.demo.frontend.UseCaseTest    : The following 1 profile is active: "test"
2024-10-28T10:46:37.849-05:00  INFO 5648 --- [demo] [main] .s.d.r.c.RepositoryConfigurationDelegate : Bootstrapping Spring Data JPA repositories in DEFAULT mode.
2024-10-28T10:46:37.962-05:00  INFO 5648 --- [demo] [main] .s.d.r.c.RepositoryConfigurationDelegate : Finished Spring Data repository scanning in 94 ms. Found 6 JPA repository interfaces.
2024-10-28T10:46:38.855-05:00  INFO 5648 --- [demo] [main] o.s.b.w.embedded.tomcat.TomcatWebServer  : Tomcat initialized with port 8080 (http)
2024-10-28T10:46:38.879-05:00  INFO 5648 --- [demo] [main] o.apache.catalina.core.StandardService   : Starting service [Tomcat]
2024-10-28T10:46:38.880-05:00  INFO 5648 --- [demo] [main] o.apache.catalina.core.StandardEngine    : Starting Servlet engine: [Apache Tomcat/10.1.26]
2024-10-28T10:46:39.029-05:00  INFO 5648 --- [demo] [main] o.a.c.c.C.[Tomcat].[localhost].[/]       : Initializing Spring embedded WebApplicationContext
2024-10-28T10:46:39.030-05:00  INFO 5648 --- [demo] [main] w.s.c.ServletWebServerApplicationContext : Root WebApplicationContext: initialization completed in 2070 ms
2024-10-28T10:46:39.083-05:00  INFO 5648 --- [demo] [main] com.zaxxer.hikari.HikariDataSource       : HikariPool-1 - Starting...
2024-10-28T10:46:39.405-05:00  INFO 5648 --- [demo] [main] com.zaxxer.hikari.pool.HikariPool        : HikariPool-1 - Added connection conn0: url=jdbc:h2:mem:testdb user=SA
2024-10-28T10:46:39.407-05:00  INFO 5648 --- [demo] [main] com.zaxxer.hikari.HikariDataSource       : HikariPool-1 - Start completed.
2024-10-28T10:46:39.422-05:00  INFO 5648 --- [demo] [main] o.s.b.a.h2.H2ConsoleAutoConfiguration    : H2 console available at '/h2-console'. Database available at 'jdbc:h2:mem:testdb'
2024-10-28T10:46:39.659-05:00  INFO 5648 --- [demo] [main] o.hibernate.jpa.internal.util.LogHelper  : HHH000204: Processing PersistenceUnitInfo [name: default]
2024-10-28T10:46:39.772-05:00  INFO 5648 --- [demo] [main] org.hibernate.Version                    : HHH000412: Hibernate ORM core version 6.5.2.Final
2024-10-28T10:46:39.841-05:00  INFO 5648 --- [demo] [main] o.h.c.internal.RegionFactoryInitiator    : HHH000026: Second-level cache disabled
2024-10-28T10:46:40.405-05:00  INFO 5648 --- [demo] [main] o.s.o.j.p.SpringPersistenceUnitInfo      : No LoadTimeWeaver setup: ignoring JPA class transformer
2024-10-28T10:46:40.482-05:00  WARN 5648 --- [demo] [main] org.hibernate.orm.deprecation            : HHH90000025: H2Dialect does not need to be specified explicitly using 'hibernate.dialect' (remove the property setting and it will be selected by default)
2024-10-28T10:46:41.553-05:00  INFO 5648 --- [demo] [main] o.h.e.t.j.p.i.JtaPlatformInitiator       : HHH000489: No JTA platform available (set 'hibernate.transaction.jta.platform' to enable JTA platform integration)
2024-10-28T10:46:41.619-05:00  INFO 5648 --- [demo] [main] j.LocalContainerEntityManagerFactoryBean : Initialized JPA EntityManagerFactory for persistence unit 'default'
2024-10-28T10:46:42.074-05:00  INFO 5648 --- [demo] [main] o.s.d.j.r.query.QueryEnhancerFactory     : Hibernate is in classpath; If applicable, HQL parser will be used.
2024-10-28T10:46:43.144-05:00  WARN 5648 --- [demo] [main] JpaBaseConfiguration$JpaWebConfiguration : spring.jpa.open-in-view is enabled by default. Therefore, database queries may be performed during view rendering. Explicitly configure spring.jpa.open-in-view to disable this warning
2024-10-28T10:46:43.758-05:00  WARN 5648 --- [demo] [main] ion$DefaultTemplateResolverConfiguration : Cannot find template location: classpath:/templates/ (please add some templates, check your Thymeleaf configuration, or set spring.thymeleaf.check-template-location=false)
2024-10-28T10:46:44.438-05:00  INFO 5648 --- [demo] [main] o.s.b.w.embedded.tomcat.TomcatWebServer  : Tomcat started on port 8080 (http) with context path '/'
2024-10-28T10:46:44.450-05:00  INFO 5648 --- [demo] [main] com.example.demo.frontend.UseCaseTest    : Started UseCaseTest in 7.911 seconds (process running for 9.153)
2024-10-28T10:46:46.648-05:00  INFO 5648 --- [demo] [main] j.LocalContainerEntityManagerFactoryBean : Closing JPA EntityManagerFactory for persistence unit 'default'
2024-10-28T10:46:46.651-05:00  INFO 5648 --- [demo] [main] com.zaxxer.hikari.HikariDataSource       : HikariPool-1 - Shutdown initiated...
2024-10-28T10:46:46.654-05:00  INFO 5648 --- [demo] [main] com.zaxxer.hikari.HikariDataSource       : HikariPool-1 - Shutdown completed.
2024-10-28T10:46:46.663-05:00  INFO 5648 --- [demo] [main] o.s.b.d.r.RestartApplicationListener     : Restart disabled due to context in which it is running
2024-10-28T10:46:46.698-05:00  INFO 5648 --- [demo] [main] com.example.demo.frontend.UseCaseTest    : Starting UseCaseTest using Java 17.0.12 with PID 5648 (started by Janus in C:\Users\Janus\Documents\GitHub\PetLand\Proyecto\demo)
2024-10-28T10:46:46.699-05:00  INFO 5648 --- [demo] [main] com.example.demo.frontend.UseCaseTest    : The following 1 profile is active: "test"
2024-10-28T10:46:46.923-05:00  INFO 5648 --- [demo] [main] .s.d.r.c.RepositoryConfigurationDelegate : Bootstrapping Spring Data JPA repositories in DEFAULT mode.
2024-10-28T10:46:46.958-05:00  INFO 5648 --- [demo] [main] .s.d.r.c.RepositoryConfigurationDelegate : Finished Spring Data repository scanning in 34 ms. Found 6 JPA repository interfaces.
2024-10-28T10:46:47.038-05:00  INFO 5648 --- [demo] [main] o.s.b.w.embedded.tomcat.TomcatWebServer  : Tomcat initialized with port 8080 (http)
2024-10-28T10:46:47.040-05:00  INFO 5648 --- [demo] [main] o.apache.catalina.core.StandardService   : Starting service [Tomcat]
2024-10-28T10:46:47.040-05:00  INFO 5648 --- [demo] [main] o.apache.catalina.core.StandardEngine    : Starting Servlet engine: [Apache Tomcat/10.1.26]
2024-10-28T10:46:47.084-05:00  INFO 5648 --- [demo] [main] o.a.c.c.C.[Tomcat].[localhost].[/]       : Initializing Spring embedded WebApplicationContext
2024-10-28T10:46:47.086-05:00  INFO 5648 --- [demo] [main] w.s.c.ServletWebServerApplicationContext : Root WebApplicationContext: initialization completed in 382 ms
2024-10-28T10:46:47.099-05:00  INFO 5648 --- [demo] [main] com.zaxxer.hikari.HikariDataSource       : HikariPool-2 - Starting...
2024-10-28T10:46:47.103-05:00  INFO 5648 --- [demo] [main] com.zaxxer.hikari.pool.HikariPool        : HikariPool-2 - Added connection conn10: url=jdbc:h2:mem:testdb user=SA
2024-10-28T10:46:47.104-05:00  INFO 5648 --- [demo] [main] com.zaxxer.hikari.HikariDataSource       : HikariPool-2 - Start completed.
2024-10-28T10:46:47.104-05:00  INFO 5648 --- [demo] [main] o.s.b.a.h2.H2ConsoleAutoConfiguration    : H2 console available at '/h2-console'. Database available at 'jdbc:h2:mem:testdb'
2024-10-28T10:46:47.136-05:00  INFO 5648 --- [demo] [main] o.hibernate.jpa.internal.util.LogHelper  : HHH000204: Processing PersistenceUnitInfo [name: default]
2024-10-28T10:46:47.142-05:00  INFO 5648 --- [demo] [main] o.h.c.internal.RegionFactoryInitiator    : HHH000026: Second-level cache disabled
2024-10-28T10:46:47.161-05:00  INFO 5648 --- [demo] [main] o.s.o.j.p.SpringPersistenceUnitInfo      : No LoadTimeWeaver setup: ignoring JPA class transformer
2024-10-28T10:46:47.163-05:00  WARN 5648 --- [demo] [main] org.hibernate.orm.deprecation            : HHH90000025: H2Dialect does not need to be specified explicitly using 'hibernate.dialect' (remove the property setting and it will be selected by default)
2024-10-28T10:46:47.304-05:00  INFO 5648 --- [demo] [main] o.h.e.t.j.p.i.JtaPlatformInitiator       : HHH000489: No JTA platform available (set 'hibernate.transaction.jta.platform' to enable JTA platform integration)
2024-10-28T10:46:47.321-05:00  INFO 5648 --- [demo] [main] j.LocalContainerEntityManagerFactoryBean : Initialized JPA EntityManagerFactory for persistence unit 'default'
2024-10-28T10:46:47.627-05:00  WARN 5648 --- [demo] [main] JpaBaseConfiguration$JpaWebConfiguration : spring.jpa.open-in-view is enabled by default. Therefore, database queries may be performed during view rendering. Explicitly configure spring.jpa.open-in-view to disable this warning
2024-10-28T10:46:47.752-05:00  WARN 5648 --- [demo] [main] ion$DefaultTemplateResolverConfiguration : Cannot find template location: classpath:/templates/ (please add some templates, check your Thymeleaf configuration, or set spring.thymeleaf.check-template-location=false)
2024-10-28T10:46:47.817-05:00  INFO 5648 --- [demo] [main] o.s.b.w.embedded.tomcat.TomcatWebServer  : Tomcat started on port 8080 (http) with context path '/'
2024-10-28T10:46:47.822-05:00  INFO 5648 --- [demo] [main] com.example.demo.frontend.UseCaseTest    : Started UseCaseTest in 1.159 seconds (process running for 12.525)
2024-10-28T10:46:49.372-05:00  INFO 5648 --- [demo] [main] i.g.bonigarcia.wdm.WebDriverManager      : Using chromedriver 130.0.6723.69 (resolved driver for Chrome 130)
2024-10-28T10:46:49.383-05:00  INFO 5648 --- [demo] [main] i.g.bonigarcia.wdm.WebDriverManager      : Exporting webdriver.chrome.driver as C:\Users\Janus\.cache\selenium\chromedriver\win64\130.0.6723.69\chromedriver.exe
2024-10-28T10:46:50.210-05:00  WARN 5648 --- [demo] [main] o.o.selenium.devtools.CdpVersionFinder   : Unable to find CDP implementation matching 130
2024-10-28T10:46:50.210-05:00  WARN 5648 --- [demo] [main] o.o.selenium.chromium.ChromiumDriver     : Unable to find version of CDP to use for 130.0.6723.70. You may need to include a dependency on a specific version of the CDP using something similar to `org.seleniumhq.selenium:selenium-devtools-v86:4.19.1` where the version ("v86") matches the version of the chromium-based browser you're using and the version number of the artifact is the same as Selenium's.
2024-10-28T10:46:52.148-05:00  INFO 5648 --- [demo] [SpringApplicationShutdownHook] j.LocalContainerEntityManagerFactoryBean : Closing JPA EntityManagerFactory for persistence unit 'default'
2024-10-28T10:46:52.149-05:00  INFO 5648 --- [demo] [SpringApplicationShutdownHook] com.zaxxer.hikari.HikariDataSource       : HikariPool-2 - Shutdown initiated...
2024-10-28T10:46:52.151-05:00  INFO 5648 --- [demo] [SpringApplicationShutdownHook] com.zaxxer.hikari.HikariDataSource       : HikariPool-2 - Shutdown completed.
2024-10-28T10:47:06.363-05:00  INFO 23368 --- [demo] [main] com.example.demo.frontend.UseCaseTest    : Starting UseCaseTest using Java 17.0.12 with PID 23368 (started by Janus in C:\Users\Janus\Documents\GitHub\PetLand\Proyecto\demo)
2024-10-28T10:47:06.366-05:00  INFO 23368 --- [demo] [main] com.example.demo.frontend.UseCaseTest    : The following 1 profile is active: "test"
2024-10-28T10:47:07.316-05:00  INFO 23368 --- [demo] [main] .s.d.r.c.RepositoryConfigurationDelegate : Bootstrapping Spring Data JPA repositories in DEFAULT mode.
2024-10-28T10:47:07.421-05:00  INFO 23368 --- [demo] [main] .s.d.r.c.RepositoryConfigurationDelegate : Finished Spring Data repository scanning in 87 ms. Found 6 JPA repository interfaces.
2024-10-28T10:47:08.333-05:00  INFO 23368 --- [demo] [main] o.s.b.w.embedded.tomcat.TomcatWebServer  : Tomcat initialized with port 8080 (http)
2024-10-28T10:47:08.355-05:00  INFO 23368 --- [demo] [main] o.apache.catalina.core.StandardService   : Starting service [Tomcat]
2024-10-28T10:47:08.356-05:00  INFO 23368 --- [demo] [main] o.apache.catalina.core.StandardEngine    : Starting Servlet engine: [Apache Tomcat/10.1.26]
2024-10-28T10:47:08.516-05:00  INFO 23368 --- [demo] [main] o.a.c.c.C.[Tomcat].[localhost].[/]       : Initializing Spring embedded WebApplicationContext
2024-10-28T10:47:08.517-05:00  INFO 23368 --- [demo] [main] w.s.c.ServletWebServerApplicationContext : Root WebApplicationContext: initialization completed in 2131 ms
2024-10-28T10:47:08.578-05:00  INFO 23368 --- [demo] [main] com.zaxxer.hikari.HikariDataSource       : HikariPool-1 - Starting...
2024-10-28T10:47:08.881-05:00  INFO 23368 --- [demo] [main] com.zaxxer.hikari.pool.HikariPool        : HikariPool-1 - Added connection conn0: url=jdbc:h2:mem:testdb user=SA
2024-10-28T10:47:08.885-05:00  INFO 23368 --- [demo] [main] com.zaxxer.hikari.HikariDataSource       : HikariPool-1 - Start completed.
2024-10-28T10:47:08.903-05:00  INFO 23368 --- [demo] [main] o.s.b.a.h2.H2ConsoleAutoConfiguration    : H2 console available at '/h2-console'. Database available at 'jdbc:h2:mem:testdb'
2024-10-28T10:47:09.158-05:00  INFO 23368 --- [demo] [main] o.hibernate.jpa.internal.util.LogHelper  : HHH000204: Processing PersistenceUnitInfo [name: default]
2024-10-28T10:47:09.280-05:00  INFO 23368 --- [demo] [main] org.hibernate.Version                    : HHH000412: Hibernate ORM core version 6.5.2.Final
2024-10-28T10:47:09.348-05:00  INFO 23368 --- [demo] [main] o.h.c.internal.RegionFactoryInitiator    : HHH000026: Second-level cache disabled
2024-10-28T10:47:09.977-05:00  INFO 23368 --- [demo] [main] o.s.o.j.p.SpringPersistenceUnitInfo      : No LoadTimeWeaver setup: ignoring JPA class transformer
2024-10-28T10:47:10.036-05:00  WARN 23368 --- [demo] [main] org.hibernate.orm.deprecation            : HHH90000025: H2Dialect does not need to be specified explicitly using 'hibernate.dialect' (remove the property setting and it will be selected by default)
2024-10-28T10:47:11.050-05:00  INFO 23368 --- [demo] [main] o.h.e.t.j.p.i.JtaPlatformInitiator       : HHH000489: No JTA platform available (set 'hibernate.transaction.jta.platform' to enable JTA platform integration)
2024-10-28T10:47:11.118-05:00  INFO 23368 --- [demo] [main] j.LocalContainerEntityManagerFactoryBean : Initialized JPA EntityManagerFactory for persistence unit 'default'
2024-10-28T10:47:11.480-05:00  INFO 23368 --- [demo] [main] o.s.d.j.r.query.QueryEnhancerFactory     : Hibernate is in classpath; If applicable, HQL parser will be used.
2024-10-28T10:47:12.806-05:00  WARN 23368 --- [demo] [main] JpaBaseConfiguration$JpaWebConfiguration : spring.jpa.open-in-view is enabled by default. Therefore, database queries may be performed during view rendering. Explicitly configure spring.jpa.open-in-view to disable this warning
2024-10-28T10:47:13.575-05:00  WARN 23368 --- [demo] [main] ion$DefaultTemplateResolverConfiguration : Cannot find template location: classpath:/templates/ (please add some templates, check your Thymeleaf configuration, or set spring.thymeleaf.check-template-location=false)
2024-10-28T10:47:14.264-05:00  INFO 23368 --- [demo] [main] o.s.b.w.embedded.tomcat.TomcatWebServer  : Tomcat started on port 8080 (http) with context path '/'
2024-10-28T10:47:14.280-05:00  INFO 23368 --- [demo] [main] com.example.demo.frontend.UseCaseTest    : Started UseCaseTest in 8.338 seconds (process running for 9.352)
2024-10-28T10:47:16.522-05:00  INFO 23368 --- [demo] [main] j.LocalContainerEntityManagerFactoryBean : Closing JPA EntityManagerFactory for persistence unit 'default'
2024-10-28T10:47:16.524-05:00  INFO 23368 --- [demo] [main] com.zaxxer.hikari.HikariDataSource       : HikariPool-1 - Shutdown initiated...
2024-10-28T10:47:16.527-05:00  INFO 23368 --- [demo] [main] com.zaxxer.hikari.HikariDataSource       : HikariPool-1 - Shutdown completed.
2024-10-28T10:47:16.537-05:00  INFO 23368 --- [demo] [main] o.s.b.d.r.RestartApplicationListener     : Restart disabled due to context in which it is running
2024-10-28T10:47:16.586-05:00  INFO 23368 --- [demo] [main] com.example.demo.frontend.UseCaseTest    : Starting UseCaseTest using Java 17.0.12 with PID 23368 (started by Janus in C:\Users\Janus\Documents\GitHub\PetLand\Proyecto\demo)
2024-10-28T10:47:16.587-05:00  INFO 23368 --- [demo] [main] com.example.demo.frontend.UseCaseTest    : The following 1 profile is active: "test"
2024-10-28T10:47:16.795-05:00  INFO 23368 --- [demo] [main] .s.d.r.c.RepositoryConfigurationDelegate : Bootstrapping Spring Data JPA repositories in DEFAULT mode.
2024-10-28T10:47:16.821-05:00  INFO 23368 --- [demo] [main] .s.d.r.c.RepositoryConfigurationDelegate : Finished Spring Data repository scanning in 25 ms. Found 6 JPA repository interfaces.
2024-10-28T10:47:16.897-05:00  INFO 23368 --- [demo] [main] o.s.b.w.embedded.tomcat.TomcatWebServer  : Tomcat initialized with port 8080 (http)
2024-10-28T10:47:16.899-05:00  INFO 23368 --- [demo] [main] o.apache.catalina.core.StandardService   : Starting service [Tomcat]
2024-10-28T10:47:16.900-05:00  INFO 23368 --- [demo] [main] o.apache.catalina.core.StandardEngine    : Starting Servlet engine: [Apache Tomcat/10.1.26]
2024-10-28T10:47:16.956-05:00  INFO 23368 --- [demo] [main] o.a.c.c.C.[Tomcat].[localhost].[/]       : Initializing Spring embedded WebApplicationContext
2024-10-28T10:47:16.956-05:00  INFO 23368 --- [demo] [main] w.s.c.ServletWebServerApplicationContext : Root WebApplicationContext: initialization completed in 366 ms
2024-10-28T10:47:16.973-05:00  INFO 23368 --- [demo] [main] com.zaxxer.hikari.HikariDataSource       : HikariPool-2 - Starting...
2024-10-28T10:47:16.976-05:00  INFO 23368 --- [demo] [main] com.zaxxer.hikari.pool.HikariPool        : HikariPool-2 - Added connection conn10: url=jdbc:h2:mem:testdb user=SA
2024-10-28T10:47:16.977-05:00  INFO 23368 --- [demo] [main] com.zaxxer.hikari.HikariDataSource       : HikariPool-2 - Start completed.
2024-10-28T10:47:16.977-05:00  INFO 23368 --- [demo] [main] o.s.b.a.h2.H2ConsoleAutoConfiguration    : H2 console available at '/h2-console'. Database available at 'jdbc:h2:mem:testdb'
2024-10-28T10:47:17.009-05:00  INFO 23368 --- [demo] [main] o.hibernate.jpa.internal.util.LogHelper  : HHH000204: Processing PersistenceUnitInfo [name: default]
2024-10-28T10:47:17.016-05:00  INFO 23368 --- [demo] [main] o.h.c.internal.RegionFactoryInitiator    : HHH000026: Second-level cache disabled
2024-10-28T10:47:17.043-05:00  INFO 23368 --- [demo] [main] o.s.o.j.p.SpringPersistenceUnitInfo      : No LoadTimeWeaver setup: ignoring JPA class transformer
2024-10-28T10:47:17.047-05:00  WARN 23368 --- [demo] [main] org.hibernate.orm.deprecation            : HHH90000025: H2Dialect does not need to be specified explicitly using 'hibernate.dialect' (remove the property setting and it will be selected by default)
2024-10-28T10:47:17.224-05:00  INFO 23368 --- [demo] [main] o.h.e.t.j.p.i.JtaPlatformInitiator       : HHH000489: No JTA platform available (set 'hibernate.transaction.jta.platform' to enable JTA platform integration)
2024-10-28T10:47:17.236-05:00  INFO 23368 --- [demo] [main] j.LocalContainerEntityManagerFactoryBean : Initialized JPA EntityManagerFactory for persistence unit 'default'
2024-10-28T10:47:17.391-05:00  WARN 23368 --- [demo] [main] JpaBaseConfiguration$JpaWebConfiguration : spring.jpa.open-in-view is enabled by default. Therefore, database queries may be performed during view rendering. Explicitly configure spring.jpa.open-in-view to disable this warning
2024-10-28T10:47:17.502-05:00  WARN 23368 --- [demo] [main] ion$DefaultTemplateResolverConfiguration : Cannot find template location: classpath:/templates/ (please add some templates, check your Thymeleaf configuration, or set spring.thymeleaf.check-template-location=false)
2024-10-28T10:47:17.548-05:00  INFO 23368 --- [demo] [main] o.s.b.w.embedded.tomcat.TomcatWebServer  : Tomcat started on port 8080 (http) with context path '/'
2024-10-28T10:47:17.553-05:00  INFO 23368 --- [demo] [main] com.example.demo.frontend.UseCaseTest    : Started UseCaseTest in 1.016 seconds (process running for 12.624)
2024-10-28T10:47:18.768-05:00  INFO 23368 --- [demo] [main] i.g.bonigarcia.wdm.WebDriverManager      : Using chromedriver 130.0.6723.69 (resolved driver for Chrome 130)
2024-10-28T10:47:18.828-05:00  INFO 23368 --- [demo] [main] i.g.bonigarcia.wdm.WebDriverManager      : Exporting webdriver.chrome.driver as C:\Users\Janus\.cache\selenium\chromedriver\win64\130.0.6723.69\chromedriver.exe
2024-10-28T10:47:19.834-05:00  WARN 23368 --- [demo] [main] o.o.selenium.devtools.CdpVersionFinder   : Unable to find CDP implementation matching 130
2024-10-28T10:47:19.834-05:00  WARN 23368 --- [demo] [main] o.o.selenium.chromium.ChromiumDriver     : Unable to find version of CDP to use for 130.0.6723.70. You may need to include a dependency on a specific version of the CDP using something similar to `org.seleniumhq.selenium:selenium-devtools-v86:4.19.1` where the version ("v86") matches the version of the chromium-based browser you're using and the version number of the artifact is the same as Selenium's.
2024-10-28T10:47:20.505-05:00  INFO 23368 --- [demo] [http-nio-8080-exec-1] o.a.c.c.C.[Tomcat].[localhost].[/]       : Initializing Spring DispatcherServlet 'dispatcherServlet'
2024-10-28T10:47:20.505-05:00  INFO 23368 --- [demo] [http-nio-8080-exec-1] o.s.web.servlet.DispatcherServlet        : Initializing Servlet 'dispatcherServlet'
2024-10-28T10:47:20.506-05:00  INFO 23368 --- [demo] [http-nio-8080-exec-1] o.s.web.servlet.DispatcherServlet        : Completed initialization in 1 ms
2024-10-28T10:47:22.555-05:00  INFO 23368 --- [demo] [SpringApplicationShutdownHook] j.LocalContainerEntityManagerFactoryBean : Closing JPA EntityManagerFactory for persistence unit 'default'
2024-10-28T10:47:22.556-05:00  INFO 23368 --- [demo] [SpringApplicationShutdownHook] com.zaxxer.hikari.HikariDataSource       : HikariPool-2 - Shutdown initiated...
2024-10-28T10:47:22.557-05:00  INFO 23368 --- [demo] [SpringApplicationShutdownHook] com.zaxxer.hikari.HikariDataSource       : HikariPool-2 - Shutdown completed.
2024-10-28T10:48:33.454-05:00  INFO 18128 --- [demo] [main] com.example.demo.frontend.UseCaseTest    : Starting UseCaseTest using Java 17.0.12 with PID 18128 (started by Janus in C:\Users\Janus\Documents\GitHub\PetLand\Proyecto\demo)
2024-10-28T10:48:33.455-05:00  INFO 18128 --- [demo] [main] com.example.demo.frontend.UseCaseTest    : The following 1 profile is active: "test"
2024-10-28T10:48:34.360-05:00  INFO 18128 --- [demo] [main] .s.d.r.c.RepositoryConfigurationDelegate : Bootstrapping Spring Data JPA repositories in DEFAULT mode.
2024-10-28T10:48:34.477-05:00  INFO 18128 --- [demo] [main] .s.d.r.c.RepositoryConfigurationDelegate : Finished Spring Data repository scanning in 100 ms. Found 6 JPA repository interfaces.
2024-10-28T10:48:35.483-05:00  INFO 18128 --- [demo] [main] o.s.b.w.embedded.tomcat.TomcatWebServer  : Tomcat initialized with port 8080 (http)
2024-10-28T10:48:35.513-05:00  INFO 18128 --- [demo] [main] o.apache.catalina.core.StandardService   : Starting service [Tomcat]
2024-10-28T10:48:35.514-05:00  INFO 18128 --- [demo] [main] o.apache.catalina.core.StandardEngine    : Starting Servlet engine: [Apache Tomcat/10.1.26]
2024-10-28T10:48:35.666-05:00  INFO 18128 --- [demo] [main] o.a.c.c.C.[Tomcat].[localhost].[/]       : Initializing Spring embedded WebApplicationContext
2024-10-28T10:48:35.667-05:00  INFO 18128 --- [demo] [main] w.s.c.ServletWebServerApplicationContext : Root WebApplicationContext: initialization completed in 2184 ms
2024-10-28T10:48:35.718-05:00  INFO 18128 --- [demo] [main] com.zaxxer.hikari.HikariDataSource       : HikariPool-1 - Starting...
2024-10-28T10:48:36.044-05:00  INFO 18128 --- [demo] [main] com.zaxxer.hikari.pool.HikariPool        : HikariPool-1 - Added connection conn0: url=jdbc:h2:mem:testdb user=SA
2024-10-28T10:48:36.049-05:00  INFO 18128 --- [demo] [main] com.zaxxer.hikari.HikariDataSource       : HikariPool-1 - Start completed.
2024-10-28T10:48:36.076-05:00  INFO 18128 --- [demo] [main] o.s.b.a.h2.H2ConsoleAutoConfiguration    : H2 console available at '/h2-console'. Database available at 'jdbc:h2:mem:testdb'
2024-10-28T10:48:36.468-05:00  INFO 18128 --- [demo] [main] o.hibernate.jpa.internal.util.LogHelper  : HHH000204: Processing PersistenceUnitInfo [name: default]
2024-10-28T10:48:36.583-05:00  INFO 18128 --- [demo] [main] org.hibernate.Version                    : HHH000412: Hibernate ORM core version 6.5.2.Final
2024-10-28T10:48:36.656-05:00  INFO 18128 --- [demo] [main] o.h.c.internal.RegionFactoryInitiator    : HHH000026: Second-level cache disabled
2024-10-28T10:48:37.201-05:00  INFO 18128 --- [demo] [main] o.s.o.j.p.SpringPersistenceUnitInfo      : No LoadTimeWeaver setup: ignoring JPA class transformer
2024-10-28T10:48:37.262-05:00  WARN 18128 --- [demo] [main] org.hibernate.orm.deprecation            : HHH90000025: H2Dialect does not need to be specified explicitly using 'hibernate.dialect' (remove the property setting and it will be selected by default)
2024-10-28T10:48:38.271-05:00  INFO 18128 --- [demo] [main] o.h.e.t.j.p.i.JtaPlatformInitiator       : HHH000489: No JTA platform available (set 'hibernate.transaction.jta.platform' to enable JTA platform integration)
2024-10-28T10:48:38.334-05:00  INFO 18128 --- [demo] [main] j.LocalContainerEntityManagerFactoryBean : Initialized JPA EntityManagerFactory for persistence unit 'default'
2024-10-28T10:48:38.727-05:00  INFO 18128 --- [demo] [main] o.s.d.j.r.query.QueryEnhancerFactory     : Hibernate is in classpath; If applicable, HQL parser will be used.
2024-10-28T10:48:39.898-05:00  WARN 18128 --- [demo] [main] JpaBaseConfiguration$JpaWebConfiguration : spring.jpa.open-in-view is enabled by default. Therefore, database queries may be performed during view rendering. Explicitly configure spring.jpa.open-in-view to disable this warning
2024-10-28T10:48:40.608-05:00  WARN 18128 --- [demo] [main] ion$DefaultTemplateResolverConfiguration : Cannot find template location: classpath:/templates/ (please add some templates, check your Thymeleaf configuration, or set spring.thymeleaf.check-template-location=false)
2024-10-28T10:48:41.121-05:00  INFO 18128 --- [demo] [main] o.s.b.w.embedded.tomcat.TomcatWebServer  : Tomcat started on port 8080 (http) with context path '/'
2024-10-28T10:48:41.132-05:00  INFO 18128 --- [demo] [main] com.example.demo.frontend.UseCaseTest    : Started UseCaseTest in 8.127 seconds (process running for 9.118)
2024-10-28T10:48:43.260-05:00  INFO 18128 --- [demo] [main] j.LocalContainerEntityManagerFactoryBean : Closing JPA EntityManagerFactory for persistence unit 'default'
2024-10-28T10:48:43.264-05:00  INFO 18128 --- [demo] [main] com.zaxxer.hikari.HikariDataSource       : HikariPool-1 - Shutdown initiated...
2024-10-28T10:48:43.267-05:00  INFO 18128 --- [demo] [main] com.zaxxer.hikari.HikariDataSource       : HikariPool-1 - Shutdown completed.
2024-10-28T10:48:43.276-05:00  INFO 18128 --- [demo] [main] o.s.b.d.r.RestartApplicationListener     : Restart disabled due to context in which it is running
2024-10-28T10:48:43.318-05:00  INFO 18128 --- [demo] [main] com.example.demo.frontend.UseCaseTest    : Starting UseCaseTest using Java 17.0.12 with PID 18128 (started by Janus in C:\Users\Janus\Documents\GitHub\PetLand\Proyecto\demo)
2024-10-28T10:48:43.319-05:00  INFO 18128 --- [demo] [main] com.example.demo.frontend.UseCaseTest    : The following 1 profile is active: "test"
2024-10-28T10:48:43.601-05:00  INFO 18128 --- [demo] [main] .s.d.r.c.RepositoryConfigurationDelegate : Bootstrapping Spring Data JPA repositories in DEFAULT mode.
2024-10-28T10:48:43.640-05:00  INFO 18128 --- [demo] [main] .s.d.r.c.RepositoryConfigurationDelegate : Finished Spring Data repository scanning in 38 ms. Found 6 JPA repository interfaces.
2024-10-28T10:48:43.732-05:00  INFO 18128 --- [demo] [main] o.s.b.w.embedded.tomcat.TomcatWebServer  : Tomcat initialized with port 8080 (http)
2024-10-28T10:48:43.735-05:00  INFO 18128 --- [demo] [main] o.apache.catalina.core.StandardService   : Starting service [Tomcat]
2024-10-28T10:48:43.736-05:00  INFO 18128 --- [demo] [main] o.apache.catalina.core.StandardEngine    : Starting Servlet engine: [Apache Tomcat/10.1.26]
2024-10-28T10:48:43.786-05:00  INFO 18128 --- [demo] [main] o.a.c.c.C.[Tomcat].[localhost].[/]       : Initializing Spring embedded WebApplicationContext
2024-10-28T10:48:43.787-05:00  INFO 18128 --- [demo] [main] w.s.c.ServletWebServerApplicationContext : Root WebApplicationContext: initialization completed in 465 ms
2024-10-28T10:48:43.798-05:00  INFO 18128 --- [demo] [main] com.zaxxer.hikari.HikariDataSource       : HikariPool-2 - Starting...
2024-10-28T10:48:43.801-05:00  INFO 18128 --- [demo] [main] com.zaxxer.hikari.pool.HikariPool        : HikariPool-2 - Added connection conn10: url=jdbc:h2:mem:testdb user=SA
2024-10-28T10:48:43.801-05:00  INFO 18128 --- [demo] [main] com.zaxxer.hikari.HikariDataSource       : HikariPool-2 - Start completed.
2024-10-28T10:48:43.801-05:00  INFO 18128 --- [demo] [main] o.s.b.a.h2.H2ConsoleAutoConfiguration    : H2 console available at '/h2-console'. Database available at 'jdbc:h2:mem:testdb'
2024-10-28T10:48:43.834-05:00  INFO 18128 --- [demo] [main] o.hibernate.jpa.internal.util.LogHelper  : HHH000204: Processing PersistenceUnitInfo [name: default]
2024-10-28T10:48:43.839-05:00  INFO 18128 --- [demo] [main] o.h.c.internal.RegionFactoryInitiator    : HHH000026: Second-level cache disabled
2024-10-28T10:48:43.861-05:00  INFO 18128 --- [demo] [main] o.s.o.j.p.SpringPersistenceUnitInfo      : No LoadTimeWeaver setup: ignoring JPA class transformer
2024-10-28T10:48:43.865-05:00  WARN 18128 --- [demo] [main] org.hibernate.orm.deprecation            : HHH90000025: H2Dialect does not need to be specified explicitly using 'hibernate.dialect' (remove the property setting and it will be selected by default)
2024-10-28T10:48:44.010-05:00  INFO 18128 --- [demo] [main] o.h.e.t.j.p.i.JtaPlatformInitiator       : HHH000489: No JTA platform available (set 'hibernate.transaction.jta.platform' to enable JTA platform integration)
2024-10-28T10:48:44.017-05:00  INFO 18128 --- [demo] [main] j.LocalContainerEntityManagerFactoryBean : Initialized JPA EntityManagerFactory for persistence unit 'default'
2024-10-28T10:48:44.209-05:00  WARN 18128 --- [demo] [main] JpaBaseConfiguration$JpaWebConfiguration : spring.jpa.open-in-view is enabled by default. Therefore, database queries may be performed during view rendering. Explicitly configure spring.jpa.open-in-view to disable this warning
2024-10-28T10:48:44.387-05:00  WARN 18128 --- [demo] [main] ion$DefaultTemplateResolverConfiguration : Cannot find template location: classpath:/templates/ (please add some templates, check your Thymeleaf configuration, or set spring.thymeleaf.check-template-location=false)
2024-10-28T10:48:44.434-05:00  INFO 18128 --- [demo] [main] o.s.b.w.embedded.tomcat.TomcatWebServer  : Tomcat started on port 8080 (http) with context path '/'
2024-10-28T10:48:44.440-05:00  INFO 18128 --- [demo] [main] com.example.demo.frontend.UseCaseTest    : Started UseCaseTest in 1.164 seconds (process running for 12.426)
2024-10-28T10:48:45.408-05:00  INFO 18128 --- [demo] [main] i.g.bonigarcia.wdm.WebDriverManager      : Using chromedriver 130.0.6723.69 (resolved driver for Chrome 130)
2024-10-28T10:48:45.459-05:00  INFO 18128 --- [demo] [main] i.g.bonigarcia.wdm.WebDriverManager      : Exporting webdriver.chrome.driver as C:\Users\Janus\.cache\selenium\chromedriver\win64\130.0.6723.69\chromedriver.exe
2024-10-28T10:48:46.424-05:00  WARN 18128 --- [demo] [main] o.o.selenium.devtools.CdpVersionFinder   : Unable to find CDP implementation matching 130
2024-10-28T10:48:46.424-05:00  WARN 18128 --- [demo] [main] o.o.selenium.chromium.ChromiumDriver     : Unable to find version of CDP to use for 130.0.6723.70. You may need to include a dependency on a specific version of the CDP using something similar to `org.seleniumhq.selenium:selenium-devtools-v86:4.19.1` where the version ("v86") matches the version of the chromium-based browser you're using and the version number of the artifact is the same as Selenium's.
2024-10-28T10:48:47.056-05:00  INFO 18128 --- [demo] [http-nio-8080-exec-1] o.a.c.c.C.[Tomcat].[localhost].[/]       : Initializing Spring DispatcherServlet 'dispatcherServlet'
2024-10-28T10:48:47.057-05:00  INFO 18128 --- [demo] [http-nio-8080-exec-1] o.s.web.servlet.DispatcherServlet        : Initializing Servlet 'dispatcherServlet'
2024-10-28T10:48:47.058-05:00  INFO 18128 --- [demo] [http-nio-8080-exec-1] o.s.web.servlet.DispatcherServlet        : Completed initialization in 1 ms
2024-10-28T10:48:49.065-05:00  INFO 18128 --- [demo] [SpringApplicationShutdownHook] j.LocalContainerEntityManagerFactoryBean : Closing JPA EntityManagerFactory for persistence unit 'default'
2024-10-28T10:48:49.066-05:00  INFO 18128 --- [demo] [SpringApplicationShutdownHook] com.zaxxer.hikari.HikariDataSource       : HikariPool-2 - Shutdown initiated...
2024-10-28T10:48:49.067-05:00  INFO 18128 --- [demo] [SpringApplicationShutdownHook] com.zaxxer.hikari.HikariDataSource       : HikariPool-2 - Shutdown completed.
2024-10-28T10:49:57.390-05:00  INFO 4444 --- [demo] [main] com.example.demo.frontend.UseCaseTest    : Starting UseCaseTest using Java 17.0.12 with PID 4444 (started by Janus in C:\Users\Janus\Documents\GitHub\PetLand\Proyecto\demo)
2024-10-28T10:49:57.392-05:00  INFO 4444 --- [demo] [main] com.example.demo.frontend.UseCaseTest    : The following 1 profile is active: "test"
2024-10-28T10:49:58.229-05:00  INFO 4444 --- [demo] [main] .s.d.r.c.RepositoryConfigurationDelegate : Bootstrapping Spring Data JPA repositories in DEFAULT mode.
2024-10-28T10:49:58.337-05:00  INFO 4444 --- [demo] [main] .s.d.r.c.RepositoryConfigurationDelegate : Finished Spring Data repository scanning in 89 ms. Found 6 JPA repository interfaces.
2024-10-28T10:49:59.223-05:00  INFO 4444 --- [demo] [main] o.s.b.w.embedded.tomcat.TomcatWebServer  : Tomcat initialized with port 8080 (http)
2024-10-28T10:49:59.243-05:00  INFO 4444 --- [demo] [main] o.apache.catalina.core.StandardService   : Starting service [Tomcat]
2024-10-28T10:49:59.244-05:00  INFO 4444 --- [demo] [main] o.apache.catalina.core.StandardEngine    : Starting Servlet engine: [Apache Tomcat/10.1.26]
2024-10-28T10:49:59.378-05:00  INFO 4444 --- [demo] [main] o.a.c.c.C.[Tomcat].[localhost].[/]       : Initializing Spring embedded WebApplicationContext
2024-10-28T10:49:59.379-05:00  INFO 4444 --- [demo] [main] w.s.c.ServletWebServerApplicationContext : Root WebApplicationContext: initialization completed in 1965 ms
2024-10-28T10:49:59.426-05:00  INFO 4444 --- [demo] [main] com.zaxxer.hikari.HikariDataSource       : HikariPool-1 - Starting...
2024-10-28T10:49:59.771-05:00  INFO 4444 --- [demo] [main] com.zaxxer.hikari.pool.HikariPool        : HikariPool-1 - Added connection conn0: url=jdbc:h2:mem:testdb user=SA
2024-10-28T10:49:59.774-05:00  INFO 4444 --- [demo] [main] com.zaxxer.hikari.HikariDataSource       : HikariPool-1 - Start completed.
2024-10-28T10:49:59.793-05:00  INFO 4444 --- [demo] [main] o.s.b.a.h2.H2ConsoleAutoConfiguration    : H2 console available at '/h2-console'. Database available at 'jdbc:h2:mem:testdb'
2024-10-28T10:50:00.170-05:00  INFO 4444 --- [demo] [main] o.hibernate.jpa.internal.util.LogHelper  : HHH000204: Processing PersistenceUnitInfo [name: default]
2024-10-28T10:50:00.327-05:00  INFO 4444 --- [demo] [main] org.hibernate.Version                    : HHH000412: Hibernate ORM core version 6.5.2.Final
2024-10-28T10:50:00.411-05:00  INFO 4444 --- [demo] [main] o.h.c.internal.RegionFactoryInitiator    : HHH000026: Second-level cache disabled
2024-10-28T10:50:00.994-05:00  INFO 4444 --- [demo] [main] o.s.o.j.p.SpringPersistenceUnitInfo      : No LoadTimeWeaver setup: ignoring JPA class transformer
2024-10-28T10:50:01.053-05:00  WARN 4444 --- [demo] [main] org.hibernate.orm.deprecation            : HHH90000025: H2Dialect does not need to be specified explicitly using 'hibernate.dialect' (remove the property setting and it will be selected by default)
2024-10-28T10:50:02.150-05:00  INFO 4444 --- [demo] [main] o.h.e.t.j.p.i.JtaPlatformInitiator       : HHH000489: No JTA platform available (set 'hibernate.transaction.jta.platform' to enable JTA platform integration)
2024-10-28T10:50:02.224-05:00  INFO 4444 --- [demo] [main] j.LocalContainerEntityManagerFactoryBean : Initialized JPA EntityManagerFactory for persistence unit 'default'
2024-10-28T10:50:02.719-05:00  INFO 4444 --- [demo] [main] o.s.d.j.r.query.QueryEnhancerFactory     : Hibernate is in classpath; If applicable, HQL parser will be used.
2024-10-28T10:50:03.821-05:00  WARN 4444 --- [demo] [main] JpaBaseConfiguration$JpaWebConfiguration : spring.jpa.open-in-view is enabled by default. Therefore, database queries may be performed during view rendering. Explicitly configure spring.jpa.open-in-view to disable this warning
2024-10-28T10:50:04.651-05:00  WARN 4444 --- [demo] [main] ion$DefaultTemplateResolverConfiguration : Cannot find template location: classpath:/templates/ (please add some templates, check your Thymeleaf configuration, or set spring.thymeleaf.check-template-location=false)
2024-10-28T10:50:05.215-05:00  INFO 4444 --- [demo] [main] o.s.b.w.embedded.tomcat.TomcatWebServer  : Tomcat started on port 8080 (http) with context path '/'
2024-10-28T10:50:05.226-05:00  INFO 4444 --- [demo] [main] com.example.demo.frontend.UseCaseTest    : Started UseCaseTest in 8.249 seconds (process running for 9.274)
2024-10-28T10:50:07.716-05:00  INFO 4444 --- [demo] [main] j.LocalContainerEntityManagerFactoryBean : Closing JPA EntityManagerFactory for persistence unit 'default'
2024-10-28T10:50:07.718-05:00  INFO 4444 --- [demo] [main] com.zaxxer.hikari.HikariDataSource       : HikariPool-1 - Shutdown initiated...
2024-10-28T10:50:07.721-05:00  INFO 4444 --- [demo] [main] com.zaxxer.hikari.HikariDataSource       : HikariPool-1 - Shutdown completed.
2024-10-28T10:50:07.733-05:00  INFO 4444 --- [demo] [main] o.s.b.d.r.RestartApplicationListener     : Restart disabled due to context in which it is running
2024-10-28T10:50:07.781-05:00  INFO 4444 --- [demo] [main] com.example.demo.frontend.UseCaseTest    : Starting UseCaseTest using Java 17.0.12 with PID 4444 (started by Janus in C:\Users\Janus\Documents\GitHub\PetLand\Proyecto\demo)
2024-10-28T10:50:07.783-05:00  INFO 4444 --- [demo] [main] com.example.demo.frontend.UseCaseTest    : The following 1 profile is active: "test"
2024-10-28T10:50:08.123-05:00  INFO 4444 --- [demo] [main] .s.d.r.c.RepositoryConfigurationDelegate : Bootstrapping Spring Data JPA repositories in DEFAULT mode.
2024-10-28T10:50:08.151-05:00  INFO 4444 --- [demo] [main] .s.d.r.c.RepositoryConfigurationDelegate : Finished Spring Data repository scanning in 28 ms. Found 6 JPA repository interfaces.
2024-10-28T10:50:08.249-05:00  INFO 4444 --- [demo] [main] o.s.b.w.embedded.tomcat.TomcatWebServer  : Tomcat initialized with port 8080 (http)
2024-10-28T10:50:08.251-05:00  INFO 4444 --- [demo] [main] o.apache.catalina.core.StandardService   : Starting service [Tomcat]
2024-10-28T10:50:08.252-05:00  INFO 4444 --- [demo] [main] o.apache.catalina.core.StandardEngine    : Starting Servlet engine: [Apache Tomcat/10.1.26]
2024-10-28T10:50:08.307-05:00  INFO 4444 --- [demo] [main] o.a.c.c.C.[Tomcat].[localhost].[/]       : Initializing Spring embedded WebApplicationContext
2024-10-28T10:50:08.307-05:00  INFO 4444 --- [demo] [main] w.s.c.ServletWebServerApplicationContext : Root WebApplicationContext: initialization completed in 521 ms
2024-10-28T10:50:08.318-05:00  INFO 4444 --- [demo] [main] com.zaxxer.hikari.HikariDataSource       : HikariPool-2 - Starting...
2024-10-28T10:50:08.320-05:00  INFO 4444 --- [demo] [main] com.zaxxer.hikari.pool.HikariPool        : HikariPool-2 - Added connection conn10: url=jdbc:h2:mem:testdb user=SA
2024-10-28T10:50:08.320-05:00  INFO 4444 --- [demo] [main] com.zaxxer.hikari.HikariDataSource       : HikariPool-2 - Start completed.
2024-10-28T10:50:08.320-05:00  INFO 4444 --- [demo] [main] o.s.b.a.h2.H2ConsoleAutoConfiguration    : H2 console available at '/h2-console'. Database available at 'jdbc:h2:mem:testdb'
2024-10-28T10:50:08.350-05:00  INFO 4444 --- [demo] [main] o.hibernate.jpa.internal.util.LogHelper  : HHH000204: Processing PersistenceUnitInfo [name: default]
2024-10-28T10:50:08.355-05:00  INFO 4444 --- [demo] [main] o.h.c.internal.RegionFactoryInitiator    : HHH000026: Second-level cache disabled
2024-10-28T10:50:08.415-05:00  INFO 4444 --- [demo] [main] o.s.o.j.p.SpringPersistenceUnitInfo      : No LoadTimeWeaver setup: ignoring JPA class transformer
2024-10-28T10:50:08.421-05:00  WARN 4444 --- [demo] [main] org.hibernate.orm.deprecation            : HHH90000025: H2Dialect does not need to be specified explicitly using 'hibernate.dialect' (remove the property setting and it will be selected by default)
2024-10-28T10:50:08.673-05:00  INFO 4444 --- [demo] [main] o.h.e.t.j.p.i.JtaPlatformInitiator       : HHH000489: No JTA platform available (set 'hibernate.transaction.jta.platform' to enable JTA platform integration)
2024-10-28T10:50:08.685-05:00  INFO 4444 --- [demo] [main] j.LocalContainerEntityManagerFactoryBean : Initialized JPA EntityManagerFactory for persistence unit 'default'
2024-10-28T10:50:09.029-05:00  WARN 4444 --- [demo] [main] JpaBaseConfiguration$JpaWebConfiguration : spring.jpa.open-in-view is enabled by default. Therefore, database queries may be performed during view rendering. Explicitly configure spring.jpa.open-in-view to disable this warning
2024-10-28T10:50:09.224-05:00  WARN 4444 --- [demo] [main] ion$DefaultTemplateResolverConfiguration : Cannot find template location: classpath:/templates/ (please add some templates, check your Thymeleaf configuration, or set spring.thymeleaf.check-template-location=false)
2024-10-28T10:50:09.439-05:00  INFO 4444 --- [demo] [main] o.s.b.w.embedded.tomcat.TomcatWebServer  : Tomcat started on port 8080 (http) with context path '/'
2024-10-28T10:50:09.448-05:00  INFO 4444 --- [demo] [main] com.example.demo.frontend.UseCaseTest    : Started UseCaseTest in 1.715 seconds (process running for 13.495)
2024-10-28T10:50:11.198-05:00  INFO 4444 --- [demo] [main] i.g.bonigarcia.wdm.WebDriverManager      : Using chromedriver 130.0.6723.69 (resolved driver for Chrome 130)
2024-10-28T10:50:11.243-05:00  INFO 4444 --- [demo] [main] i.g.bonigarcia.wdm.WebDriverManager      : Exporting webdriver.chrome.driver as C:\Users\Janus\.cache\selenium\chromedriver\win64\130.0.6723.69\chromedriver.exe
2024-10-28T10:50:12.160-05:00  WARN 4444 --- [demo] [main] o.o.selenium.devtools.CdpVersionFinder   : Unable to find CDP implementation matching 130
2024-10-28T10:50:12.160-05:00  WARN 4444 --- [demo] [main] o.o.selenium.chromium.ChromiumDriver     : Unable to find version of CDP to use for 130.0.6723.70. You may need to include a dependency on a specific version of the CDP using something similar to `org.seleniumhq.selenium:selenium-devtools-v86:4.19.1` where the version ("v86") matches the version of the chromium-based browser you're using and the version number of the artifact is the same as Selenium's.
2024-10-28T10:50:12.795-05:00  INFO 4444 --- [demo] [http-nio-8080-exec-1] o.a.c.c.C.[Tomcat].[localhost].[/]       : Initializing Spring DispatcherServlet 'dispatcherServlet'
2024-10-28T10:50:12.796-05:00  INFO 4444 --- [demo] [http-nio-8080-exec-1] o.s.web.servlet.DispatcherServlet        : Initializing Servlet 'dispatcherServlet'
2024-10-28T10:50:12.798-05:00  INFO 4444 --- [demo] [http-nio-8080-exec-1] o.s.web.servlet.DispatcherServlet        : Completed initialization in 2 ms
2024-10-28T10:50:14.736-05:00  INFO 4444 --- [demo] [SpringApplicationShutdownHook] j.LocalContainerEntityManagerFactoryBean : Closing JPA EntityManagerFactory for persistence unit 'default'
2024-10-28T10:50:14.736-05:00  INFO 4444 --- [demo] [SpringApplicationShutdownHook] com.zaxxer.hikari.HikariDataSource       : HikariPool-2 - Shutdown initiated...
2024-10-28T10:50:14.737-05:00  INFO 4444 --- [demo] [SpringApplicationShutdownHook] com.zaxxer.hikari.HikariDataSource       : HikariPool-2 - Shutdown completed.
2024-10-28T10:51:25.490-05:00  INFO 7852 --- [demo] [main] com.example.demo.frontend.UseCaseTest    : Starting UseCaseTest using Java 17.0.12 with PID 7852 (started by Janus in C:\Users\Janus\Documents\GitHub\PetLand\Proyecto\demo)
2024-10-28T10:51:25.492-05:00  INFO 7852 --- [demo] [main] com.example.demo.frontend.UseCaseTest    : The following 1 profile is active: "test"
2024-10-28T10:51:26.446-05:00  INFO 7852 --- [demo] [main] .s.d.r.c.RepositoryConfigurationDelegate : Bootstrapping Spring Data JPA repositories in DEFAULT mode.
2024-10-28T10:51:26.553-05:00  INFO 7852 --- [demo] [main] .s.d.r.c.RepositoryConfigurationDelegate : Finished Spring Data repository scanning in 89 ms. Found 6 JPA repository interfaces.
2024-10-28T10:51:27.477-05:00  INFO 7852 --- [demo] [main] o.s.b.w.embedded.tomcat.TomcatWebServer  : Tomcat initialized with port 8080 (http)
2024-10-28T10:51:27.503-05:00  INFO 7852 --- [demo] [main] o.apache.catalina.core.StandardService   : Starting service [Tomcat]
2024-10-28T10:51:27.503-05:00  INFO 7852 --- [demo] [main] o.apache.catalina.core.StandardEngine    : Starting Servlet engine: [Apache Tomcat/10.1.26]
2024-10-28T10:51:27.647-05:00  INFO 7852 --- [demo] [main] o.a.c.c.C.[Tomcat].[localhost].[/]       : Initializing Spring embedded WebApplicationContext
2024-10-28T10:51:27.648-05:00  INFO 7852 --- [demo] [main] w.s.c.ServletWebServerApplicationContext : Root WebApplicationContext: initialization completed in 2137 ms
2024-10-28T10:51:27.700-05:00  INFO 7852 --- [demo] [main] com.zaxxer.hikari.HikariDataSource       : HikariPool-1 - Starting...
2024-10-28T10:51:27.989-05:00  INFO 7852 --- [demo] [main] com.zaxxer.hikari.pool.HikariPool        : HikariPool-1 - Added connection conn0: url=jdbc:h2:mem:testdb user=SA
2024-10-28T10:51:27.991-05:00  INFO 7852 --- [demo] [main] com.zaxxer.hikari.HikariDataSource       : HikariPool-1 - Start completed.
2024-10-28T10:51:28.002-05:00  INFO 7852 --- [demo] [main] o.s.b.a.h2.H2ConsoleAutoConfiguration    : H2 console available at '/h2-console'. Database available at 'jdbc:h2:mem:testdb'
2024-10-28T10:51:28.303-05:00  INFO 7852 --- [demo] [main] o.hibernate.jpa.internal.util.LogHelper  : HHH000204: Processing PersistenceUnitInfo [name: default]
2024-10-28T10:51:28.439-05:00  INFO 7852 --- [demo] [main] org.hibernate.Version                    : HHH000412: Hibernate ORM core version 6.5.2.Final
2024-10-28T10:51:28.499-05:00  INFO 7852 --- [demo] [main] o.h.c.internal.RegionFactoryInitiator    : HHH000026: Second-level cache disabled
2024-10-28T10:51:29.051-05:00  INFO 7852 --- [demo] [main] o.s.o.j.p.SpringPersistenceUnitInfo      : No LoadTimeWeaver setup: ignoring JPA class transformer
2024-10-28T10:51:29.106-05:00  WARN 7852 --- [demo] [main] org.hibernate.orm.deprecation            : HHH90000025: H2Dialect does not need to be specified explicitly using 'hibernate.dialect' (remove the property setting and it will be selected by default)
2024-10-28T10:51:30.090-05:00  INFO 7852 --- [demo] [main] o.h.e.t.j.p.i.JtaPlatformInitiator       : HHH000489: No JTA platform available (set 'hibernate.transaction.jta.platform' to enable JTA platform integration)
2024-10-28T10:51:30.156-05:00  INFO 7852 --- [demo] [main] j.LocalContainerEntityManagerFactoryBean : Initialized JPA EntityManagerFactory for persistence unit 'default'
2024-10-28T10:51:30.599-05:00  INFO 7852 --- [demo] [main] o.s.d.j.r.query.QueryEnhancerFactory     : Hibernate is in classpath; If applicable, HQL parser will be used.
2024-10-28T10:51:31.676-05:00  WARN 7852 --- [demo] [main] JpaBaseConfiguration$JpaWebConfiguration : spring.jpa.open-in-view is enabled by default. Therefore, database queries may be performed during view rendering. Explicitly configure spring.jpa.open-in-view to disable this warning
2024-10-28T10:51:32.336-05:00  WARN 7852 --- [demo] [main] ion$DefaultTemplateResolverConfiguration : Cannot find template location: classpath:/templates/ (please add some templates, check your Thymeleaf configuration, or set spring.thymeleaf.check-template-location=false)
2024-10-28T10:51:32.771-05:00  INFO 7852 --- [demo] [main] o.s.b.w.embedded.tomcat.TomcatWebServer  : Tomcat started on port 8080 (http) with context path '/'
2024-10-28T10:51:32.781-05:00  INFO 7852 --- [demo] [main] com.example.demo.frontend.UseCaseTest    : Started UseCaseTest in 7.684 seconds (process running for 8.707)
2024-10-28T10:51:34.756-05:00  INFO 7852 --- [demo] [main] j.LocalContainerEntityManagerFactoryBean : Closing JPA EntityManagerFactory for persistence unit 'default'
2024-10-28T10:51:34.759-05:00  INFO 7852 --- [demo] [main] com.zaxxer.hikari.HikariDataSource       : HikariPool-1 - Shutdown initiated...
2024-10-28T10:51:34.765-05:00  INFO 7852 --- [demo] [main] com.zaxxer.hikari.HikariDataSource       : HikariPool-1 - Shutdown completed.
2024-10-28T10:51:34.776-05:00  INFO 7852 --- [demo] [main] o.s.b.d.r.RestartApplicationListener     : Restart disabled due to context in which it is running
2024-10-28T10:51:34.809-05:00  INFO 7852 --- [demo] [main] com.example.demo.frontend.UseCaseTest    : Starting UseCaseTest using Java 17.0.12 with PID 7852 (started by Janus in C:\Users\Janus\Documents\GitHub\PetLand\Proyecto\demo)
2024-10-28T10:51:34.809-05:00  INFO 7852 --- [demo] [main] com.example.demo.frontend.UseCaseTest    : The following 1 profile is active: "test"
2024-10-28T10:51:34.991-05:00  INFO 7852 --- [demo] [main] .s.d.r.c.RepositoryConfigurationDelegate : Bootstrapping Spring Data JPA repositories in DEFAULT mode.
2024-10-28T10:51:35.017-05:00  INFO 7852 --- [demo] [main] .s.d.r.c.RepositoryConfigurationDelegate : Finished Spring Data repository scanning in 24 ms. Found 6 JPA repository interfaces.
2024-10-28T10:51:35.118-05:00  INFO 7852 --- [demo] [main] o.s.b.w.embedded.tomcat.TomcatWebServer  : Tomcat initialized with port 8080 (http)
2024-10-28T10:51:35.119-05:00  INFO 7852 --- [demo] [main] o.apache.catalina.core.StandardService   : Starting service [Tomcat]
2024-10-28T10:51:35.120-05:00  INFO 7852 --- [demo] [main] o.apache.catalina.core.StandardEngine    : Starting Servlet engine: [Apache Tomcat/10.1.26]
2024-10-28T10:51:35.165-05:00  INFO 7852 --- [demo] [main] o.a.c.c.C.[Tomcat].[localhost].[/]       : Initializing Spring embedded WebApplicationContext
2024-10-28T10:51:35.166-05:00  INFO 7852 --- [demo] [main] w.s.c.ServletWebServerApplicationContext : Root WebApplicationContext: initialization completed in 355 ms
2024-10-28T10:51:35.183-05:00  INFO 7852 --- [demo] [main] com.zaxxer.hikari.HikariDataSource       : HikariPool-2 - Starting...
2024-10-28T10:51:35.185-05:00  INFO 7852 --- [demo] [main] com.zaxxer.hikari.pool.HikariPool        : HikariPool-2 - Added connection conn10: url=jdbc:h2:mem:testdb user=SA
2024-10-28T10:51:35.185-05:00  INFO 7852 --- [demo] [main] com.zaxxer.hikari.HikariDataSource       : HikariPool-2 - Start completed.
2024-10-28T10:51:35.185-05:00  INFO 7852 --- [demo] [main] o.s.b.a.h2.H2ConsoleAutoConfiguration    : H2 console available at '/h2-console'. Database available at 'jdbc:h2:mem:testdb'
2024-10-28T10:51:35.214-05:00  INFO 7852 --- [demo] [main] o.hibernate.jpa.internal.util.LogHelper  : HHH000204: Processing PersistenceUnitInfo [name: default]
2024-10-28T10:51:35.220-05:00  INFO 7852 --- [demo] [main] o.h.c.internal.RegionFactoryInitiator    : HHH000026: Second-level cache disabled
2024-10-28T10:51:35.239-05:00  INFO 7852 --- [demo] [main] o.s.o.j.p.SpringPersistenceUnitInfo      : No LoadTimeWeaver setup: ignoring JPA class transformer
2024-10-28T10:51:35.242-05:00  WARN 7852 --- [demo] [main] org.hibernate.orm.deprecation            : HHH90000025: H2Dialect does not need to be specified explicitly using 'hibernate.dialect' (remove the property setting and it will be selected by default)
2024-10-28T10:51:35.405-05:00  INFO 7852 --- [demo] [main] o.h.e.t.j.p.i.JtaPlatformInitiator       : HHH000489: No JTA platform available (set 'hibernate.transaction.jta.platform' to enable JTA platform integration)
2024-10-28T10:51:35.415-05:00  INFO 7852 --- [demo] [main] j.LocalContainerEntityManagerFactoryBean : Initialized JPA EntityManagerFactory for persistence unit 'default'
2024-10-28T10:51:35.598-05:00  WARN 7852 --- [demo] [main] JpaBaseConfiguration$JpaWebConfiguration : spring.jpa.open-in-view is enabled by default. Therefore, database queries may be performed during view rendering. Explicitly configure spring.jpa.open-in-view to disable this warning
2024-10-28T10:51:35.700-05:00  WARN 7852 --- [demo] [main] ion$DefaultTemplateResolverConfiguration : Cannot find template location: classpath:/templates/ (please add some templates, check your Thymeleaf configuration, or set spring.thymeleaf.check-template-location=false)
2024-10-28T10:51:35.748-05:00  INFO 7852 --- [demo] [main] o.s.b.w.embedded.tomcat.TomcatWebServer  : Tomcat started on port 8080 (http) with context path '/'
2024-10-28T10:51:35.755-05:00  INFO 7852 --- [demo] [main] com.example.demo.frontend.UseCaseTest    : Started UseCaseTest in 0.978 seconds (process running for 11.681)
2024-10-28T10:51:37.120-05:00  INFO 7852 --- [demo] [main] i.g.bonigarcia.wdm.WebDriverManager      : Using chromedriver 130.0.6723.69 (resolved driver for Chrome 130)
2024-10-28T10:51:37.174-05:00  INFO 7852 --- [demo] [main] i.g.bonigarcia.wdm.WebDriverManager      : Exporting webdriver.chrome.driver as C:\Users\Janus\.cache\selenium\chromedriver\win64\130.0.6723.69\chromedriver.exe
2024-10-28T10:51:38.063-05:00  WARN 7852 --- [demo] [main] o.o.selenium.devtools.CdpVersionFinder   : Unable to find CDP implementation matching 130
2024-10-28T10:51:38.064-05:00  WARN 7852 --- [demo] [main] o.o.selenium.chromium.ChromiumDriver     : Unable to find version of CDP to use for 130.0.6723.70. You may need to include a dependency on a specific version of the CDP using something similar to `org.seleniumhq.selenium:selenium-devtools-v86:4.19.1` where the version ("v86") matches the version of the chromium-based browser you're using and the version number of the artifact is the same as Selenium's.
2024-10-28T10:51:38.694-05:00  INFO 7852 --- [demo] [http-nio-8080-exec-1] o.a.c.c.C.[Tomcat].[localhost].[/]       : Initializing Spring DispatcherServlet 'dispatcherServlet'
2024-10-28T10:51:38.695-05:00  INFO 7852 --- [demo] [http-nio-8080-exec-1] o.s.web.servlet.DispatcherServlet        : Initializing Servlet 'dispatcherServlet'
2024-10-28T10:51:38.696-05:00  INFO 7852 --- [demo] [http-nio-8080-exec-1] o.s.web.servlet.DispatcherServlet        : Completed initialization in 1 ms
2024-10-28T10:51:40.693-05:00  INFO 7852 --- [demo] [SpringApplicationShutdownHook] j.LocalContainerEntityManagerFactoryBean : Closing JPA EntityManagerFactory for persistence unit 'default'
2024-10-28T10:51:40.694-05:00  INFO 7852 --- [demo] [SpringApplicationShutdownHook] com.zaxxer.hikari.HikariDataSource       : HikariPool-2 - Shutdown initiated...
2024-10-28T10:51:40.696-05:00  INFO 7852 --- [demo] [SpringApplicationShutdownHook] com.zaxxer.hikari.HikariDataSource       : HikariPool-2 - Shutdown completed.
2024-10-28T10:53:59.906-05:00  INFO 6680 --- [demo] [main] com.example.demo.frontend.UseCaseTest    : Starting UseCaseTest using Java 17.0.12 with PID 6680 (started by Janus in C:\Users\Janus\Documents\GitHub\PetLand\Proyecto\demo)
2024-10-28T10:53:59.909-05:00  INFO 6680 --- [demo] [main] com.example.demo.frontend.UseCaseTest    : The following 1 profile is active: "test"
2024-10-28T10:54:00.797-05:00  INFO 6680 --- [demo] [main] .s.d.r.c.RepositoryConfigurationDelegate : Bootstrapping Spring Data JPA repositories in DEFAULT mode.
2024-10-28T10:54:00.904-05:00  INFO 6680 --- [demo] [main] .s.d.r.c.RepositoryConfigurationDelegate : Finished Spring Data repository scanning in 96 ms. Found 6 JPA repository interfaces.
2024-10-28T10:54:01.850-05:00  INFO 6680 --- [demo] [main] o.s.b.w.embedded.tomcat.TomcatWebServer  : Tomcat initialized with port 8080 (http)
2024-10-28T10:54:01.873-05:00  INFO 6680 --- [demo] [main] o.apache.catalina.core.StandardService   : Starting service [Tomcat]
2024-10-28T10:54:01.874-05:00  INFO 6680 --- [demo] [main] o.apache.catalina.core.StandardEngine    : Starting Servlet engine: [Apache Tomcat/10.1.26]
2024-10-28T10:54:02.012-05:00  INFO 6680 --- [demo] [main] o.a.c.c.C.[Tomcat].[localhost].[/]       : Initializing Spring embedded WebApplicationContext
2024-10-28T10:54:02.013-05:00  INFO 6680 --- [demo] [main] w.s.c.ServletWebServerApplicationContext : Root WebApplicationContext: initialization completed in 2085 ms
2024-10-28T10:54:02.062-05:00  INFO 6680 --- [demo] [main] com.zaxxer.hikari.HikariDataSource       : HikariPool-1 - Starting...
2024-10-28T10:54:02.371-05:00  INFO 6680 --- [demo] [main] com.zaxxer.hikari.pool.HikariPool        : HikariPool-1 - Added connection conn0: url=jdbc:h2:mem:testdb user=SA
2024-10-28T10:54:02.373-05:00  INFO 6680 --- [demo] [main] com.zaxxer.hikari.HikariDataSource       : HikariPool-1 - Start completed.
2024-10-28T10:54:02.395-05:00  INFO 6680 --- [demo] [main] o.s.b.a.h2.H2ConsoleAutoConfiguration    : H2 console available at '/h2-console'. Database available at 'jdbc:h2:mem:testdb'
2024-10-28T10:54:02.655-05:00  INFO 6680 --- [demo] [main] o.hibernate.jpa.internal.util.LogHelper  : HHH000204: Processing PersistenceUnitInfo [name: default]
2024-10-28T10:54:02.783-05:00  INFO 6680 --- [demo] [main] org.hibernate.Version                    : HHH000412: Hibernate ORM core version 6.5.2.Final
2024-10-28T10:54:02.871-05:00  INFO 6680 --- [demo] [main] o.h.c.internal.RegionFactoryInitiator    : HHH000026: Second-level cache disabled
2024-10-28T10:54:03.408-05:00  INFO 6680 --- [demo] [main] o.s.o.j.p.SpringPersistenceUnitInfo      : No LoadTimeWeaver setup: ignoring JPA class transformer
2024-10-28T10:54:03.455-05:00  WARN 6680 --- [demo] [main] org.hibernate.orm.deprecation            : HHH90000025: H2Dialect does not need to be specified explicitly using 'hibernate.dialect' (remove the property setting and it will be selected by default)
2024-10-28T10:54:04.572-05:00  INFO 6680 --- [demo] [main] o.h.e.t.j.p.i.JtaPlatformInitiator       : HHH000489: No JTA platform available (set 'hibernate.transaction.jta.platform' to enable JTA platform integration)
2024-10-28T10:54:04.642-05:00  INFO 6680 --- [demo] [main] j.LocalContainerEntityManagerFactoryBean : Initialized JPA EntityManagerFactory for persistence unit 'default'
2024-10-28T10:54:05.130-05:00  INFO 6680 --- [demo] [main] o.s.d.j.r.query.QueryEnhancerFactory     : Hibernate is in classpath; If applicable, HQL parser will be used.
2024-10-28T10:54:06.184-05:00  WARN 6680 --- [demo] [main] JpaBaseConfiguration$JpaWebConfiguration : spring.jpa.open-in-view is enabled by default. Therefore, database queries may be performed during view rendering. Explicitly configure spring.jpa.open-in-view to disable this warning
2024-10-28T10:54:06.941-05:00  WARN 6680 --- [demo] [main] ion$DefaultTemplateResolverConfiguration : Cannot find template location: classpath:/templates/ (please add some templates, check your Thymeleaf configuration, or set spring.thymeleaf.check-template-location=false)
2024-10-28T10:54:07.542-05:00  INFO 6680 --- [demo] [main] o.s.b.w.embedded.tomcat.TomcatWebServer  : Tomcat started on port 8080 (http) with context path '/'
2024-10-28T10:54:07.554-05:00  INFO 6680 --- [demo] [main] com.example.demo.frontend.UseCaseTest    : Started UseCaseTest in 8.05 seconds (process running for 9.142)
2024-10-28T10:54:09.624-05:00  INFO 6680 --- [demo] [main] j.LocalContainerEntityManagerFactoryBean : Closing JPA EntityManagerFactory for persistence unit 'default'
2024-10-28T10:54:09.631-05:00  INFO 6680 --- [demo] [main] com.zaxxer.hikari.HikariDataSource       : HikariPool-1 - Shutdown initiated...
2024-10-28T10:54:09.635-05:00  INFO 6680 --- [demo] [main] com.zaxxer.hikari.HikariDataSource       : HikariPool-1 - Shutdown completed.
2024-10-28T10:54:09.643-05:00  INFO 6680 --- [demo] [main] o.s.b.d.r.RestartApplicationListener     : Restart disabled due to context in which it is running
2024-10-28T10:54:09.678-05:00  INFO 6680 --- [demo] [main] com.example.demo.frontend.UseCaseTest    : Starting UseCaseTest using Java 17.0.12 with PID 6680 (started by Janus in C:\Users\Janus\Documents\GitHub\PetLand\Proyecto\demo)
2024-10-28T10:54:09.678-05:00  INFO 6680 --- [demo] [main] com.example.demo.frontend.UseCaseTest    : The following 1 profile is active: "test"
2024-10-28T10:54:09.900-05:00  INFO 6680 --- [demo] [main] .s.d.r.c.RepositoryConfigurationDelegate : Bootstrapping Spring Data JPA repositories in DEFAULT mode.
2024-10-28T10:54:09.931-05:00  INFO 6680 --- [demo] [main] .s.d.r.c.RepositoryConfigurationDelegate : Finished Spring Data repository scanning in 29 ms. Found 6 JPA repository interfaces.
2024-10-28T10:54:10.002-05:00  INFO 6680 --- [demo] [main] o.s.b.w.embedded.tomcat.TomcatWebServer  : Tomcat initialized with port 8080 (http)
2024-10-28T10:54:10.003-05:00  INFO 6680 --- [demo] [main] o.apache.catalina.core.StandardService   : Starting service [Tomcat]
2024-10-28T10:54:10.004-05:00  INFO 6680 --- [demo] [main] o.apache.catalina.core.StandardEngine    : Starting Servlet engine: [Apache Tomcat/10.1.26]
2024-10-28T10:54:10.051-05:00  INFO 6680 --- [demo] [main] o.a.c.c.C.[Tomcat].[localhost].[/]       : Initializing Spring embedded WebApplicationContext
2024-10-28T10:54:10.051-05:00  INFO 6680 --- [demo] [main] w.s.c.ServletWebServerApplicationContext : Root WebApplicationContext: initialization completed in 370 ms
2024-10-28T10:54:10.068-05:00  INFO 6680 --- [demo] [main] com.zaxxer.hikari.HikariDataSource       : HikariPool-2 - Starting...
2024-10-28T10:54:10.070-05:00  INFO 6680 --- [demo] [main] com.zaxxer.hikari.pool.HikariPool        : HikariPool-2 - Added connection conn10: url=jdbc:h2:mem:testdb user=SA
2024-10-28T10:54:10.070-05:00  INFO 6680 --- [demo] [main] com.zaxxer.hikari.HikariDataSource       : HikariPool-2 - Start completed.
2024-10-28T10:54:10.071-05:00  INFO 6680 --- [demo] [main] o.s.b.a.h2.H2ConsoleAutoConfiguration    : H2 console available at '/h2-console'. Database available at 'jdbc:h2:mem:testdb'
2024-10-28T10:54:10.098-05:00  INFO 6680 --- [demo] [main] o.hibernate.jpa.internal.util.LogHelper  : HHH000204: Processing PersistenceUnitInfo [name: default]
2024-10-28T10:54:10.103-05:00  INFO 6680 --- [demo] [main] o.h.c.internal.RegionFactoryInitiator    : HHH000026: Second-level cache disabled
2024-10-28T10:54:10.123-05:00  INFO 6680 --- [demo] [main] o.s.o.j.p.SpringPersistenceUnitInfo      : No LoadTimeWeaver setup: ignoring JPA class transformer
2024-10-28T10:54:10.126-05:00  WARN 6680 --- [demo] [main] org.hibernate.orm.deprecation            : HHH90000025: H2Dialect does not need to be specified explicitly using 'hibernate.dialect' (remove the property setting and it will be selected by default)
2024-10-28T10:54:10.255-05:00  INFO 6680 --- [demo] [main] o.h.e.t.j.p.i.JtaPlatformInitiator       : HHH000489: No JTA platform available (set 'hibernate.transaction.jta.platform' to enable JTA platform integration)
2024-10-28T10:54:10.267-05:00  INFO 6680 --- [demo] [main] j.LocalContainerEntityManagerFactoryBean : Initialized JPA EntityManagerFactory for persistence unit 'default'
2024-10-28T10:54:10.457-05:00  WARN 6680 --- [demo] [main] JpaBaseConfiguration$JpaWebConfiguration : spring.jpa.open-in-view is enabled by default. Therefore, database queries may be performed during view rendering. Explicitly configure spring.jpa.open-in-view to disable this warning
2024-10-28T10:54:10.570-05:00  WARN 6680 --- [demo] [main] ion$DefaultTemplateResolverConfiguration : Cannot find template location: classpath:/templates/ (please add some templates, check your Thymeleaf configuration, or set spring.thymeleaf.check-template-location=false)
2024-10-28T10:54:10.631-05:00  INFO 6680 --- [demo] [main] o.s.b.w.embedded.tomcat.TomcatWebServer  : Tomcat started on port 8080 (http) with context path '/'
2024-10-28T10:54:10.638-05:00  INFO 6680 --- [demo] [main] com.example.demo.frontend.UseCaseTest    : Started UseCaseTest in 0.995 seconds (process running for 12.225)
2024-10-28T10:54:11.810-05:00  INFO 6680 --- [demo] [main] i.g.bonigarcia.wdm.WebDriverManager      : Using chromedriver 130.0.6723.69 (resolved driver for Chrome 130)
2024-10-28T10:54:11.864-05:00  INFO 6680 --- [demo] [main] i.g.bonigarcia.wdm.WebDriverManager      : Exporting webdriver.chrome.driver as C:\Users\Janus\.cache\selenium\chromedriver\win64\130.0.6723.69\chromedriver.exe
2024-10-28T10:54:12.906-05:00  WARN 6680 --- [demo] [main] o.o.selenium.devtools.CdpVersionFinder   : Unable to find CDP implementation matching 130
2024-10-28T10:54:12.907-05:00  WARN 6680 --- [demo] [main] o.o.selenium.chromium.ChromiumDriver     : Unable to find version of CDP to use for 130.0.6723.70. You may need to include a dependency on a specific version of the CDP using something similar to `org.seleniumhq.selenium:selenium-devtools-v86:4.19.1` where the version ("v86") matches the version of the chromium-based browser you're using and the version number of the artifact is the same as Selenium's.
2024-10-28T10:54:13.530-05:00  INFO 6680 --- [demo] [http-nio-8080-exec-1] o.a.c.c.C.[Tomcat].[localhost].[/]       : Initializing Spring DispatcherServlet 'dispatcherServlet'
2024-10-28T10:54:13.530-05:00  INFO 6680 --- [demo] [http-nio-8080-exec-1] o.s.web.servlet.DispatcherServlet        : Initializing Servlet 'dispatcherServlet'
2024-10-28T10:54:13.531-05:00  INFO 6680 --- [demo] [http-nio-8080-exec-1] o.s.web.servlet.DispatcherServlet        : Completed initialization in 1 ms
2024-10-28T10:54:16.023-05:00  INFO 6680 --- [demo] [SpringApplicationShutdownHook] j.LocalContainerEntityManagerFactoryBean : Closing JPA EntityManagerFactory for persistence unit 'default'
2024-10-28T10:54:16.024-05:00  INFO 6680 --- [demo] [SpringApplicationShutdownHook] com.zaxxer.hikari.HikariDataSource       : HikariPool-2 - Shutdown initiated...
2024-10-28T10:54:16.025-05:00  INFO 6680 --- [demo] [SpringApplicationShutdownHook] com.zaxxer.hikari.HikariDataSource       : HikariPool-2 - Shutdown completed.
2024-10-28T10:54:27.258-05:00  INFO 21776 --- [demo] [main] com.example.demo.frontend.UseCaseTest    : Starting UseCaseTest using Java 17.0.12 with PID 21776 (started by Janus in C:\Users\Janus\Documents\GitHub\PetLand\Proyecto\demo)
2024-10-28T10:54:27.260-05:00  INFO 21776 --- [demo] [main] com.example.demo.frontend.UseCaseTest    : The following 1 profile is active: "test"
2024-10-28T10:54:28.129-05:00  INFO 21776 --- [demo] [main] .s.d.r.c.RepositoryConfigurationDelegate : Bootstrapping Spring Data JPA repositories in DEFAULT mode.
2024-10-28T10:54:28.250-05:00  INFO 21776 --- [demo] [main] .s.d.r.c.RepositoryConfigurationDelegate : Finished Spring Data repository scanning in 98 ms. Found 6 JPA repository interfaces.
2024-10-28T10:54:29.262-05:00  INFO 21776 --- [demo] [main] o.s.b.w.embedded.tomcat.TomcatWebServer  : Tomcat initialized with port 8080 (http)
2024-10-28T10:54:29.283-05:00  INFO 21776 --- [demo] [main] o.apache.catalina.core.StandardService   : Starting service [Tomcat]
2024-10-28T10:54:29.283-05:00  INFO 21776 --- [demo] [main] o.apache.catalina.core.StandardEngine    : Starting Servlet engine: [Apache Tomcat/10.1.26]
2024-10-28T10:54:29.475-05:00  INFO 21776 --- [demo] [main] o.a.c.c.C.[Tomcat].[localhost].[/]       : Initializing Spring embedded WebApplicationContext
2024-10-28T10:54:29.476-05:00  INFO 21776 --- [demo] [main] w.s.c.ServletWebServerApplicationContext : Root WebApplicationContext: initialization completed in 2193 ms
2024-10-28T10:54:29.537-05:00  INFO 21776 --- [demo] [main] com.zaxxer.hikari.HikariDataSource       : HikariPool-1 - Starting...
2024-10-28T10:54:29.878-05:00  INFO 21776 --- [demo] [main] com.zaxxer.hikari.pool.HikariPool        : HikariPool-1 - Added connection conn0: url=jdbc:h2:mem:testdb user=SA
2024-10-28T10:54:29.883-05:00  INFO 21776 --- [demo] [main] com.zaxxer.hikari.HikariDataSource       : HikariPool-1 - Start completed.
2024-10-28T10:54:29.907-05:00  INFO 21776 --- [demo] [main] o.s.b.a.h2.H2ConsoleAutoConfiguration    : H2 console available at '/h2-console'. Database available at 'jdbc:h2:mem:testdb'
2024-10-28T10:54:30.217-05:00  INFO 21776 --- [demo] [main] o.hibernate.jpa.internal.util.LogHelper  : HHH000204: Processing PersistenceUnitInfo [name: default]
2024-10-28T10:54:30.396-05:00  INFO 21776 --- [demo] [main] org.hibernate.Version                    : HHH000412: Hibernate ORM core version 6.5.2.Final
2024-10-28T10:54:30.490-05:00  INFO 21776 --- [demo] [main] o.h.c.internal.RegionFactoryInitiator    : HHH000026: Second-level cache disabled
2024-10-28T10:54:31.181-05:00  INFO 21776 --- [demo] [main] o.s.o.j.p.SpringPersistenceUnitInfo      : No LoadTimeWeaver setup: ignoring JPA class transformer
2024-10-28T10:54:31.250-05:00  WARN 21776 --- [demo] [main] org.hibernate.orm.deprecation            : HHH90000025: H2Dialect does not need to be specified explicitly using 'hibernate.dialect' (remove the property setting and it will be selected by default)
2024-10-28T10:54:32.365-05:00  INFO 21776 --- [demo] [main] o.h.e.t.j.p.i.JtaPlatformInitiator       : HHH000489: No JTA platform available (set 'hibernate.transaction.jta.platform' to enable JTA platform integration)
2024-10-28T10:54:32.438-05:00  INFO 21776 --- [demo] [main] j.LocalContainerEntityManagerFactoryBean : Initialized JPA EntityManagerFactory for persistence unit 'default'
2024-10-28T10:54:32.896-05:00  INFO 21776 --- [demo] [main] o.s.d.j.r.query.QueryEnhancerFactory     : Hibernate is in classpath; If applicable, HQL parser will be used.
2024-10-28T10:54:34.202-05:00  WARN 21776 --- [demo] [main] JpaBaseConfiguration$JpaWebConfiguration : spring.jpa.open-in-view is enabled by default. Therefore, database queries may be performed during view rendering. Explicitly configure spring.jpa.open-in-view to disable this warning
2024-10-28T10:54:34.879-05:00  WARN 21776 --- [demo] [main] ion$DefaultTemplateResolverConfiguration : Cannot find template location: classpath:/templates/ (please add some templates, check your Thymeleaf configuration, or set spring.thymeleaf.check-template-location=false)
2024-10-28T10:54:35.573-05:00  INFO 21776 --- [demo] [main] o.s.b.w.embedded.tomcat.TomcatWebServer  : Tomcat started on port 8080 (http) with context path '/'
2024-10-28T10:54:35.606-05:00  INFO 21776 --- [demo] [main] com.example.demo.frontend.UseCaseTest    : Started UseCaseTest in 8.774 seconds (process running for 9.878)
2024-10-28T10:54:38.028-05:00  INFO 21776 --- [demo] [main] j.LocalContainerEntityManagerFactoryBean : Closing JPA EntityManagerFactory for persistence unit 'default'
2024-10-28T10:54:38.032-05:00  INFO 21776 --- [demo] [main] com.zaxxer.hikari.HikariDataSource       : HikariPool-1 - Shutdown initiated...
2024-10-28T10:54:38.038-05:00  INFO 21776 --- [demo] [main] com.zaxxer.hikari.HikariDataSource       : HikariPool-1 - Shutdown completed.
2024-10-28T10:54:38.052-05:00  INFO 21776 --- [demo] [main] o.s.b.d.r.RestartApplicationListener     : Restart disabled due to context in which it is running
2024-10-28T10:54:38.112-05:00  INFO 21776 --- [demo] [main] com.example.demo.frontend.UseCaseTest    : Starting UseCaseTest using Java 17.0.12 with PID 21776 (started by Janus in C:\Users\Janus\Documents\GitHub\PetLand\Proyecto\demo)
2024-10-28T10:54:38.114-05:00  INFO 21776 --- [demo] [main] com.example.demo.frontend.UseCaseTest    : The following 1 profile is active: "test"
2024-10-28T10:54:38.474-05:00  INFO 21776 --- [demo] [main] .s.d.r.c.RepositoryConfigurationDelegate : Bootstrapping Spring Data JPA repositories in DEFAULT mode.
2024-10-28T10:54:38.501-05:00  INFO 21776 --- [demo] [main] .s.d.r.c.RepositoryConfigurationDelegate : Finished Spring Data repository scanning in 25 ms. Found 6 JPA repository interfaces.
2024-10-28T10:54:38.581-05:00  INFO 21776 --- [demo] [main] o.s.b.w.embedded.tomcat.TomcatWebServer  : Tomcat initialized with port 8080 (http)
2024-10-28T10:54:38.583-05:00  INFO 21776 --- [demo] [main] o.apache.catalina.core.StandardService   : Starting service [Tomcat]
2024-10-28T10:54:38.584-05:00  INFO 21776 --- [demo] [main] o.apache.catalina.core.StandardEngine    : Starting Servlet engine: [Apache Tomcat/10.1.26]
2024-10-28T10:54:38.641-05:00  INFO 21776 --- [demo] [main] o.a.c.c.C.[Tomcat].[localhost].[/]       : Initializing Spring embedded WebApplicationContext
2024-10-28T10:54:38.641-05:00  INFO 21776 --- [demo] [main] w.s.c.ServletWebServerApplicationContext : Root WebApplicationContext: initialization completed in 522 ms
2024-10-28T10:54:38.658-05:00  INFO 21776 --- [demo] [main] com.zaxxer.hikari.HikariDataSource       : HikariPool-2 - Starting...
2024-10-28T10:54:38.661-05:00  INFO 21776 --- [demo] [main] com.zaxxer.hikari.pool.HikariPool        : HikariPool-2 - Added connection conn10: url=jdbc:h2:mem:testdb user=SA
2024-10-28T10:54:38.661-05:00  INFO 21776 --- [demo] [main] com.zaxxer.hikari.HikariDataSource       : HikariPool-2 - Start completed.
2024-10-28T10:54:38.661-05:00  INFO 21776 --- [demo] [main] o.s.b.a.h2.H2ConsoleAutoConfiguration    : H2 console available at '/h2-console'. Database available at 'jdbc:h2:mem:testdb'
2024-10-28T10:54:38.709-05:00  INFO 21776 --- [demo] [main] o.hibernate.jpa.internal.util.LogHelper  : HHH000204: Processing PersistenceUnitInfo [name: default]
2024-10-28T10:54:38.722-05:00  INFO 21776 --- [demo] [main] o.h.c.internal.RegionFactoryInitiator    : HHH000026: Second-level cache disabled
2024-10-28T10:54:38.752-05:00  INFO 21776 --- [demo] [main] o.s.o.j.p.SpringPersistenceUnitInfo      : No LoadTimeWeaver setup: ignoring JPA class transformer
2024-10-28T10:54:38.756-05:00  WARN 21776 --- [demo] [main] org.hibernate.orm.deprecation            : HHH90000025: H2Dialect does not need to be specified explicitly using 'hibernate.dialect' (remove the property setting and it will be selected by default)
2024-10-28T10:54:38.939-05:00  INFO 21776 --- [demo] [main] o.h.e.t.j.p.i.JtaPlatformInitiator       : HHH000489: No JTA platform available (set 'hibernate.transaction.jta.platform' to enable JTA platform integration)
2024-10-28T10:54:38.951-05:00  INFO 21776 --- [demo] [main] j.LocalContainerEntityManagerFactoryBean : Initialized JPA EntityManagerFactory for persistence unit 'default'
2024-10-28T10:54:39.110-05:00  WARN 21776 --- [demo] [main] JpaBaseConfiguration$JpaWebConfiguration : spring.jpa.open-in-view is enabled by default. Therefore, database queries may be performed during view rendering. Explicitly configure spring.jpa.open-in-view to disable this warning
2024-10-28T10:54:39.212-05:00  WARN 21776 --- [demo] [main] ion$DefaultTemplateResolverConfiguration : Cannot find template location: classpath:/templates/ (please add some templates, check your Thymeleaf configuration, or set spring.thymeleaf.check-template-location=false)
2024-10-28T10:54:39.264-05:00  INFO 21776 --- [demo] [main] o.s.b.w.embedded.tomcat.TomcatWebServer  : Tomcat started on port 8080 (http) with context path '/'
2024-10-28T10:54:39.270-05:00  INFO 21776 --- [demo] [main] com.example.demo.frontend.UseCaseTest    : Started UseCaseTest in 1.219 seconds (process running for 13.542)
2024-10-28T10:54:40.773-05:00  INFO 21776 --- [demo] [main] i.g.bonigarcia.wdm.WebDriverManager      : Using chromedriver 130.0.6723.69 (resolved driver for Chrome 130)
2024-10-28T10:54:40.817-05:00  INFO 21776 --- [demo] [main] i.g.bonigarcia.wdm.WebDriverManager      : Exporting webdriver.chrome.driver as C:\Users\Janus\.cache\selenium\chromedriver\win64\130.0.6723.69\chromedriver.exe
2024-10-28T10:54:41.823-05:00  WARN 21776 --- [demo] [main] o.o.selenium.devtools.CdpVersionFinder   : Unable to find CDP implementation matching 130
2024-10-28T10:54:41.823-05:00  WARN 21776 --- [demo] [main] o.o.selenium.chromium.ChromiumDriver     : Unable to find version of CDP to use for 130.0.6723.70. You may need to include a dependency on a specific version of the CDP using something similar to `org.seleniumhq.selenium:selenium-devtools-v86:4.19.1` where the version ("v86") matches the version of the chromium-based browser you're using and the version number of the artifact is the same as Selenium's.
2024-10-28T10:54:42.518-05:00  INFO 21776 --- [demo] [http-nio-8080-exec-1] o.a.c.c.C.[Tomcat].[localhost].[/]       : Initializing Spring DispatcherServlet 'dispatcherServlet'
2024-10-28T10:54:42.519-05:00  INFO 21776 --- [demo] [http-nio-8080-exec-1] o.s.web.servlet.DispatcherServlet        : Initializing Servlet 'dispatcherServlet'
2024-10-28T10:54:42.521-05:00  INFO 21776 --- [demo] [http-nio-8080-exec-1] o.s.web.servlet.DispatcherServlet        : Completed initialization in 2 ms
2024-10-28T10:54:45.092-05:00  INFO 21776 --- [demo] [SpringApplicationShutdownHook] j.LocalContainerEntityManagerFactoryBean : Closing JPA EntityManagerFactory for persistence unit 'default'
2024-10-28T10:54:45.092-05:00  INFO 21776 --- [demo] [SpringApplicationShutdownHook] com.zaxxer.hikari.HikariDataSource       : HikariPool-2 - Shutdown initiated...
2024-10-28T10:54:45.093-05:00  INFO 21776 --- [demo] [SpringApplicationShutdownHook] com.zaxxer.hikari.HikariDataSource       : HikariPool-2 - Shutdown completed.
2024-10-28T11:08:28.681-05:00  INFO 26604 --- [demo] [main] com.example.demo.frontend.UseCaseTest    : Starting UseCaseTest using Java 17.0.12 with PID 26604 (started by Janus in C:\Users\Janus\Documents\GitHub\PetLand\Proyecto\demo)
2024-10-28T11:08:28.683-05:00  INFO 26604 --- [demo] [main] com.example.demo.frontend.UseCaseTest    : The following 1 profile is active: "test"
2024-10-28T11:08:29.580-05:00  INFO 26604 --- [demo] [main] .s.d.r.c.RepositoryConfigurationDelegate : Bootstrapping Spring Data JPA repositories in DEFAULT mode.
2024-10-28T11:08:29.689-05:00  INFO 26604 --- [demo] [main] .s.d.r.c.RepositoryConfigurationDelegate : Finished Spring Data repository scanning in 86 ms. Found 6 JPA repository interfaces.
2024-10-28T11:08:30.765-05:00  INFO 26604 --- [demo] [main] o.s.b.w.embedded.tomcat.TomcatWebServer  : Tomcat initialized with port 8080 (http)
2024-10-28T11:08:30.791-05:00  INFO 26604 --- [demo] [main] o.apache.catalina.core.StandardService   : Starting service [Tomcat]
2024-10-28T11:08:30.792-05:00  INFO 26604 --- [demo] [main] o.apache.catalina.core.StandardEngine    : Starting Servlet engine: [Apache Tomcat/10.1.26]
2024-10-28T11:08:30.950-05:00  INFO 26604 --- [demo] [main] o.a.c.c.C.[Tomcat].[localhost].[/]       : Initializing Spring embedded WebApplicationContext
2024-10-28T11:08:30.951-05:00  INFO 26604 --- [demo] [main] w.s.c.ServletWebServerApplicationContext : Root WebApplicationContext: initialization completed in 2244 ms
2024-10-28T11:08:31.007-05:00  INFO 26604 --- [demo] [main] com.zaxxer.hikari.HikariDataSource       : HikariPool-1 - Starting...
2024-10-28T11:08:31.361-05:00  INFO 26604 --- [demo] [main] com.zaxxer.hikari.pool.HikariPool        : HikariPool-1 - Added connection conn0: url=jdbc:h2:mem:testdb user=SA
2024-10-28T11:08:31.364-05:00  INFO 26604 --- [demo] [main] com.zaxxer.hikari.HikariDataSource       : HikariPool-1 - Start completed.
2024-10-28T11:08:31.386-05:00  INFO 26604 --- [demo] [main] o.s.b.a.h2.H2ConsoleAutoConfiguration    : H2 console available at '/h2-console'. Database available at 'jdbc:h2:mem:testdb'
2024-10-28T11:08:31.728-05:00  INFO 26604 --- [demo] [main] o.hibernate.jpa.internal.util.LogHelper  : HHH000204: Processing PersistenceUnitInfo [name: default]
2024-10-28T11:08:31.874-05:00  INFO 26604 --- [demo] [main] org.hibernate.Version                    : HHH000412: Hibernate ORM core version 6.5.2.Final
2024-10-28T11:08:31.974-05:00  INFO 26604 --- [demo] [main] o.h.c.internal.RegionFactoryInitiator    : HHH000026: Second-level cache disabled
2024-10-28T11:08:32.643-05:00  INFO 26604 --- [demo] [main] o.s.o.j.p.SpringPersistenceUnitInfo      : No LoadTimeWeaver setup: ignoring JPA class transformer
2024-10-28T11:08:32.700-05:00  WARN 26604 --- [demo] [main] org.hibernate.orm.deprecation            : HHH90000025: H2Dialect does not need to be specified explicitly using 'hibernate.dialect' (remove the property setting and it will be selected by default)
2024-10-28T11:08:33.792-05:00  INFO 26604 --- [demo] [main] o.h.e.t.j.p.i.JtaPlatformInitiator       : HHH000489: No JTA platform available (set 'hibernate.transaction.jta.platform' to enable JTA platform integration)
2024-10-28T11:08:33.856-05:00  INFO 26604 --- [demo] [main] j.LocalContainerEntityManagerFactoryBean : Initialized JPA EntityManagerFactory for persistence unit 'default'
2024-10-28T11:08:34.229-05:00  INFO 26604 --- [demo] [main] o.s.d.j.r.query.QueryEnhancerFactory     : Hibernate is in classpath; If applicable, HQL parser will be used.
2024-10-28T11:08:35.465-05:00  WARN 26604 --- [demo] [main] JpaBaseConfiguration$JpaWebConfiguration : spring.jpa.open-in-view is enabled by default. Therefore, database queries may be performed during view rendering. Explicitly configure spring.jpa.open-in-view to disable this warning
2024-10-28T11:08:36.095-05:00  WARN 26604 --- [demo] [main] ion$DefaultTemplateResolverConfiguration : Cannot find template location: classpath:/templates/ (please add some templates, check your Thymeleaf configuration, or set spring.thymeleaf.check-template-location=false)
2024-10-28T11:08:36.645-05:00  INFO 26604 --- [demo] [main] o.s.b.w.embedded.tomcat.TomcatWebServer  : Tomcat started on port 8080 (http) with context path '/'
2024-10-28T11:08:36.660-05:00  INFO 26604 --- [demo] [main] com.example.demo.frontend.UseCaseTest    : Started UseCaseTest in 8.376 seconds (process running for 9.42)
2024-10-28T11:08:39.142-05:00  INFO 26604 --- [demo] [main] j.LocalContainerEntityManagerFactoryBean : Closing JPA EntityManagerFactory for persistence unit 'default'
2024-10-28T11:08:39.146-05:00  INFO 26604 --- [demo] [main] com.zaxxer.hikari.HikariDataSource       : HikariPool-1 - Shutdown initiated...
2024-10-28T11:08:39.149-05:00  INFO 26604 --- [demo] [main] com.zaxxer.hikari.HikariDataSource       : HikariPool-1 - Shutdown completed.
2024-10-28T11:08:39.160-05:00  INFO 26604 --- [demo] [main] o.s.b.d.r.RestartApplicationListener     : Restart disabled due to context in which it is running
2024-10-28T11:08:39.214-05:00  INFO 26604 --- [demo] [main] com.example.demo.frontend.UseCaseTest    : Starting UseCaseTest using Java 17.0.12 with PID 26604 (started by Janus in C:\Users\Janus\Documents\GitHub\PetLand\Proyecto\demo)
2024-10-28T11:08:39.214-05:00  INFO 26604 --- [demo] [main] com.example.demo.frontend.UseCaseTest    : The following 1 profile is active: "test"
2024-10-28T11:08:39.512-05:00  INFO 26604 --- [demo] [main] .s.d.r.c.RepositoryConfigurationDelegate : Bootstrapping Spring Data JPA repositories in DEFAULT mode.
2024-10-28T11:08:39.541-05:00  INFO 26604 --- [demo] [main] .s.d.r.c.RepositoryConfigurationDelegate : Finished Spring Data repository scanning in 28 ms. Found 6 JPA repository interfaces.
2024-10-28T11:08:39.637-05:00  INFO 26604 --- [demo] [main] o.s.b.w.embedded.tomcat.TomcatWebServer  : Tomcat initialized with port 8080 (http)
2024-10-28T11:08:39.638-05:00  INFO 26604 --- [demo] [main] o.apache.catalina.core.StandardService   : Starting service [Tomcat]
2024-10-28T11:08:39.639-05:00  INFO 26604 --- [demo] [main] o.apache.catalina.core.StandardEngine    : Starting Servlet engine: [Apache Tomcat/10.1.26]
2024-10-28T11:08:39.708-05:00  INFO 26604 --- [demo] [main] o.a.c.c.C.[Tomcat].[localhost].[/]       : Initializing Spring embedded WebApplicationContext
2024-10-28T11:08:39.709-05:00  INFO 26604 --- [demo] [main] w.s.c.ServletWebServerApplicationContext : Root WebApplicationContext: initialization completed in 491 ms
2024-10-28T11:08:39.731-05:00  INFO 26604 --- [demo] [main] com.zaxxer.hikari.HikariDataSource       : HikariPool-2 - Starting...
2024-10-28T11:08:39.734-05:00  INFO 26604 --- [demo] [main] com.zaxxer.hikari.pool.HikariPool        : HikariPool-2 - Added connection conn10: url=jdbc:h2:mem:testdb user=SA
2024-10-28T11:08:39.735-05:00  INFO 26604 --- [demo] [main] com.zaxxer.hikari.HikariDataSource       : HikariPool-2 - Start completed.
2024-10-28T11:08:39.735-05:00  INFO 26604 --- [demo] [main] o.s.b.a.h2.H2ConsoleAutoConfiguration    : H2 console available at '/h2-console'. Database available at 'jdbc:h2:mem:testdb'
2024-10-28T11:08:39.780-05:00  INFO 26604 --- [demo] [main] o.hibernate.jpa.internal.util.LogHelper  : HHH000204: Processing PersistenceUnitInfo [name: default]
2024-10-28T11:08:39.791-05:00  INFO 26604 --- [demo] [main] o.h.c.internal.RegionFactoryInitiator    : HHH000026: Second-level cache disabled
2024-10-28T11:08:39.818-05:00  INFO 26604 --- [demo] [main] o.s.o.j.p.SpringPersistenceUnitInfo      : No LoadTimeWeaver setup: ignoring JPA class transformer
2024-10-28T11:08:39.821-05:00  WARN 26604 --- [demo] [main] org.hibernate.orm.deprecation            : HHH90000025: H2Dialect does not need to be specified explicitly using 'hibernate.dialect' (remove the property setting and it will be selected by default)
2024-10-28T11:08:40.013-05:00  INFO 26604 --- [demo] [main] o.h.e.t.j.p.i.JtaPlatformInitiator       : HHH000489: No JTA platform available (set 'hibernate.transaction.jta.platform' to enable JTA platform integration)
2024-10-28T11:08:40.028-05:00  INFO 26604 --- [demo] [main] j.LocalContainerEntityManagerFactoryBean : Initialized JPA EntityManagerFactory for persistence unit 'default'
2024-10-28T11:08:40.495-05:00  WARN 26604 --- [demo] [main] JpaBaseConfiguration$JpaWebConfiguration : spring.jpa.open-in-view is enabled by default. Therefore, database queries may be performed during view rendering. Explicitly configure spring.jpa.open-in-view to disable this warning
2024-10-28T11:08:40.710-05:00  WARN 26604 --- [demo] [main] ion$DefaultTemplateResolverConfiguration : Cannot find template location: classpath:/templates/ (please add some templates, check your Thymeleaf configuration, or set spring.thymeleaf.check-template-location=false)
2024-10-28T11:08:40.842-05:00  INFO 26604 --- [demo] [main] o.s.b.w.embedded.tomcat.TomcatWebServer  : Tomcat started on port 8080 (http) with context path '/'
2024-10-28T11:08:40.849-05:00  INFO 26604 --- [demo] [main] com.example.demo.frontend.UseCaseTest    : Started UseCaseTest in 1.689 seconds (process running for 13.609)
2024-10-28T11:08:42.259-05:00  INFO 26604 --- [demo] [main] i.g.bonigarcia.wdm.WebDriverManager      : Using chromedriver 130.0.6723.69 (resolved driver for Chrome 130)
2024-10-28T11:08:42.288-05:00  INFO 26604 --- [demo] [main] i.g.bonigarcia.wdm.WebDriverManager      : Exporting webdriver.chrome.driver as C:\Users\Janus\.cache\selenium\chromedriver\win64\130.0.6723.69\chromedriver.exe
2024-10-28T11:08:43.575-05:00  WARN 26604 --- [demo] [main] o.o.selenium.devtools.CdpVersionFinder   : Unable to find CDP implementation matching 130
2024-10-28T11:08:43.575-05:00  WARN 26604 --- [demo] [main] o.o.selenium.chromium.ChromiumDriver     : Unable to find version of CDP to use for 130.0.6723.70. You may need to include a dependency on a specific version of the CDP using something similar to `org.seleniumhq.selenium:selenium-devtools-v86:4.19.1` where the version ("v86") matches the version of the chromium-based browser you're using and the version number of the artifact is the same as Selenium's.
2024-10-28T11:08:44.365-05:00  INFO 26604 --- [demo] [http-nio-8080-exec-1] o.a.c.c.C.[Tomcat].[localhost].[/]       : Initializing Spring DispatcherServlet 'dispatcherServlet'
2024-10-28T11:08:44.366-05:00  INFO 26604 --- [demo] [http-nio-8080-exec-1] o.s.web.servlet.DispatcherServlet        : Initializing Servlet 'dispatcherServlet'
2024-10-28T11:08:44.367-05:00  INFO 26604 --- [demo] [http-nio-8080-exec-1] o.s.web.servlet.DispatcherServlet        : Completed initialization in 1 ms
2024-10-28T11:08:48.374-05:00  INFO 26604 --- [demo] [SpringApplicationShutdownHook] j.LocalContainerEntityManagerFactoryBean : Closing JPA EntityManagerFactory for persistence unit 'default'
2024-10-28T11:08:48.375-05:00  INFO 26604 --- [demo] [SpringApplicationShutdownHook] com.zaxxer.hikari.HikariDataSource       : HikariPool-2 - Shutdown initiated...
2024-10-28T11:08:48.376-05:00  INFO 26604 --- [demo] [SpringApplicationShutdownHook] com.zaxxer.hikari.HikariDataSource       : HikariPool-2 - Shutdown completed.
2024-10-28T11:11:35.877-05:00  INFO 15024 --- [demo] [main] com.example.demo.frontend.UseCaseTest    : Starting UseCaseTest using Java 17.0.12 with PID 15024 (started by Janus in C:\Users\Janus\Documents\GitHub\PetLand\Proyecto\demo)
2024-10-28T11:11:35.879-05:00  INFO 15024 --- [demo] [main] com.example.demo.frontend.UseCaseTest    : The following 1 profile is active: "test"
2024-10-28T11:11:36.861-05:00  INFO 15024 --- [demo] [main] .s.d.r.c.RepositoryConfigurationDelegate : Bootstrapping Spring Data JPA repositories in DEFAULT mode.
2024-10-28T11:11:36.972-05:00  INFO 15024 --- [demo] [main] .s.d.r.c.RepositoryConfigurationDelegate : Finished Spring Data repository scanning in 88 ms. Found 6 JPA repository interfaces.
2024-10-28T11:11:37.949-05:00  INFO 15024 --- [demo] [main] o.s.b.w.embedded.tomcat.TomcatWebServer  : Tomcat initialized with port 8080 (http)
2024-10-28T11:11:37.981-05:00  INFO 15024 --- [demo] [main] o.apache.catalina.core.StandardService   : Starting service [Tomcat]
2024-10-28T11:11:37.982-05:00  INFO 15024 --- [demo] [main] o.apache.catalina.core.StandardEngine    : Starting Servlet engine: [Apache Tomcat/10.1.26]
2024-10-28T11:11:38.155-05:00  INFO 15024 --- [demo] [main] o.a.c.c.C.[Tomcat].[localhost].[/]       : Initializing Spring embedded WebApplicationContext
2024-10-28T11:11:38.156-05:00  INFO 15024 --- [demo] [main] w.s.c.ServletWebServerApplicationContext : Root WebApplicationContext: initialization completed in 2253 ms
2024-10-28T11:11:38.228-05:00  INFO 15024 --- [demo] [main] com.zaxxer.hikari.HikariDataSource       : HikariPool-1 - Starting...
2024-10-28T11:11:38.552-05:00  INFO 15024 --- [demo] [main] com.zaxxer.hikari.pool.HikariPool        : HikariPool-1 - Added connection conn0: url=jdbc:h2:mem:testdb user=SA
2024-10-28T11:11:38.554-05:00  INFO 15024 --- [demo] [main] com.zaxxer.hikari.HikariDataSource       : HikariPool-1 - Start completed.
2024-10-28T11:11:38.568-05:00  INFO 15024 --- [demo] [main] o.s.b.a.h2.H2ConsoleAutoConfiguration    : H2 console available at '/h2-console'. Database available at 'jdbc:h2:mem:testdb'
2024-10-28T11:11:38.871-05:00  INFO 15024 --- [demo] [main] o.hibernate.jpa.internal.util.LogHelper  : HHH000204: Processing PersistenceUnitInfo [name: default]
2024-10-28T11:11:38.980-05:00  INFO 15024 --- [demo] [main] org.hibernate.Version                    : HHH000412: Hibernate ORM core version 6.5.2.Final
2024-10-28T11:11:39.048-05:00  INFO 15024 --- [demo] [main] o.h.c.internal.RegionFactoryInitiator    : HHH000026: Second-level cache disabled
2024-10-28T11:11:39.627-05:00  INFO 15024 --- [demo] [main] o.s.o.j.p.SpringPersistenceUnitInfo      : No LoadTimeWeaver setup: ignoring JPA class transformer
2024-10-28T11:11:39.675-05:00  WARN 15024 --- [demo] [main] org.hibernate.orm.deprecation            : HHH90000025: H2Dialect does not need to be specified explicitly using 'hibernate.dialect' (remove the property setting and it will be selected by default)
2024-10-28T11:11:40.660-05:00  INFO 15024 --- [demo] [main] o.h.e.t.j.p.i.JtaPlatformInitiator       : HHH000489: No JTA platform available (set 'hibernate.transaction.jta.platform' to enable JTA platform integration)
2024-10-28T11:11:40.727-05:00  INFO 15024 --- [demo] [main] j.LocalContainerEntityManagerFactoryBean : Initialized JPA EntityManagerFactory for persistence unit 'default'
2024-10-28T11:11:41.160-05:00  INFO 15024 --- [demo] [main] o.s.d.j.r.query.QueryEnhancerFactory     : Hibernate is in classpath; If applicable, HQL parser will be used.
2024-10-28T11:11:42.149-05:00  WARN 15024 --- [demo] [main] JpaBaseConfiguration$JpaWebConfiguration : spring.jpa.open-in-view is enabled by default. Therefore, database queries may be performed during view rendering. Explicitly configure spring.jpa.open-in-view to disable this warning
2024-10-28T11:11:42.809-05:00  WARN 15024 --- [demo] [main] ion$DefaultTemplateResolverConfiguration : Cannot find template location: classpath:/templates/ (please add some templates, check your Thymeleaf configuration, or set spring.thymeleaf.check-template-location=false)
2024-10-28T11:11:43.352-05:00  INFO 15024 --- [demo] [main] o.s.b.w.embedded.tomcat.TomcatWebServer  : Tomcat started on port 8080 (http) with context path '/'
2024-10-28T11:11:43.363-05:00  INFO 15024 --- [demo] [main] com.example.demo.frontend.UseCaseTest    : Started UseCaseTest in 7.882 seconds (process running for 8.927)
2024-10-28T11:11:45.536-05:00  INFO 15024 --- [demo] [main] j.LocalContainerEntityManagerFactoryBean : Closing JPA EntityManagerFactory for persistence unit 'default'
2024-10-28T11:11:45.538-05:00  INFO 15024 --- [demo] [main] com.zaxxer.hikari.HikariDataSource       : HikariPool-1 - Shutdown initiated...
2024-10-28T11:11:45.541-05:00  INFO 15024 --- [demo] [main] com.zaxxer.hikari.HikariDataSource       : HikariPool-1 - Shutdown completed.
2024-10-28T11:11:45.550-05:00  INFO 15024 --- [demo] [main] o.s.b.d.r.RestartApplicationListener     : Restart disabled due to context in which it is running
2024-10-28T11:11:45.586-05:00  INFO 15024 --- [demo] [main] com.example.demo.frontend.UseCaseTest    : Starting UseCaseTest using Java 17.0.12 with PID 15024 (started by Janus in C:\Users\Janus\Documents\GitHub\PetLand\Proyecto\demo)
2024-10-28T11:11:45.586-05:00  INFO 15024 --- [demo] [main] com.example.demo.frontend.UseCaseTest    : The following 1 profile is active: "test"
2024-10-28T11:11:45.776-05:00  INFO 15024 --- [demo] [main] .s.d.r.c.RepositoryConfigurationDelegate : Bootstrapping Spring Data JPA repositories in DEFAULT mode.
2024-10-28T11:11:45.801-05:00  INFO 15024 --- [demo] [main] .s.d.r.c.RepositoryConfigurationDelegate : Finished Spring Data repository scanning in 25 ms. Found 6 JPA repository interfaces.
2024-10-28T11:11:45.896-05:00  INFO 15024 --- [demo] [main] o.s.b.w.embedded.tomcat.TomcatWebServer  : Tomcat initialized with port 8080 (http)
2024-10-28T11:11:45.897-05:00  INFO 15024 --- [demo] [main] o.apache.catalina.core.StandardService   : Starting service [Tomcat]
2024-10-28T11:11:45.898-05:00  INFO 15024 --- [demo] [main] o.apache.catalina.core.StandardEngine    : Starting Servlet engine: [Apache Tomcat/10.1.26]
2024-10-28T11:11:45.952-05:00  INFO 15024 --- [demo] [main] o.a.c.c.C.[Tomcat].[localhost].[/]       : Initializing Spring embedded WebApplicationContext
2024-10-28T11:11:45.953-05:00  INFO 15024 --- [demo] [main] w.s.c.ServletWebServerApplicationContext : Root WebApplicationContext: initialization completed in 366 ms
2024-10-28T11:11:45.969-05:00  INFO 15024 --- [demo] [main] com.zaxxer.hikari.HikariDataSource       : HikariPool-2 - Starting...
2024-10-28T11:11:45.971-05:00  INFO 15024 --- [demo] [main] com.zaxxer.hikari.pool.HikariPool        : HikariPool-2 - Added connection conn10: url=jdbc:h2:mem:testdb user=SA
2024-10-28T11:11:45.971-05:00  INFO 15024 --- [demo] [main] com.zaxxer.hikari.HikariDataSource       : HikariPool-2 - Start completed.
2024-10-28T11:11:45.971-05:00  INFO 15024 --- [demo] [main] o.s.b.a.h2.H2ConsoleAutoConfiguration    : H2 console available at '/h2-console'. Database available at 'jdbc:h2:mem:testdb'
2024-10-28T11:11:46.006-05:00  INFO 15024 --- [demo] [main] o.hibernate.jpa.internal.util.LogHelper  : HHH000204: Processing PersistenceUnitInfo [name: default]
2024-10-28T11:11:46.012-05:00  INFO 15024 --- [demo] [main] o.h.c.internal.RegionFactoryInitiator    : HHH000026: Second-level cache disabled
2024-10-28T11:11:46.031-05:00  INFO 15024 --- [demo] [main] o.s.o.j.p.SpringPersistenceUnitInfo      : No LoadTimeWeaver setup: ignoring JPA class transformer
2024-10-28T11:11:46.035-05:00  WARN 15024 --- [demo] [main] org.hibernate.orm.deprecation            : HHH90000025: H2Dialect does not need to be specified explicitly using 'hibernate.dialect' (remove the property setting and it will be selected by default)
2024-10-28T11:11:46.172-05:00  INFO 15024 --- [demo] [main] o.h.e.t.j.p.i.JtaPlatformInitiator       : HHH000489: No JTA platform available (set 'hibernate.transaction.jta.platform' to enable JTA platform integration)
2024-10-28T11:11:46.188-05:00  INFO 15024 --- [demo] [main] j.LocalContainerEntityManagerFactoryBean : Initialized JPA EntityManagerFactory for persistence unit 'default'
2024-10-28T11:11:46.393-05:00  WARN 15024 --- [demo] [main] JpaBaseConfiguration$JpaWebConfiguration : spring.jpa.open-in-view is enabled by default. Therefore, database queries may be performed during view rendering. Explicitly configure spring.jpa.open-in-view to disable this warning
2024-10-28T11:11:46.466-05:00  WARN 15024 --- [demo] [main] ion$DefaultTemplateResolverConfiguration : Cannot find template location: classpath:/templates/ (please add some templates, check your Thymeleaf configuration, or set spring.thymeleaf.check-template-location=false)
2024-10-28T11:11:46.517-05:00  INFO 15024 --- [demo] [main] o.s.b.w.embedded.tomcat.TomcatWebServer  : Tomcat started on port 8080 (http) with context path '/'
2024-10-28T11:11:46.523-05:00  INFO 15024 --- [demo] [main] com.example.demo.frontend.UseCaseTest    : Started UseCaseTest in 0.972 seconds (process running for 12.087)
2024-10-28T11:11:47.683-05:00  INFO 15024 --- [demo] [main] i.g.bonigarcia.wdm.WebDriverManager      : Using chromedriver 130.0.6723.69 (resolved driver for Chrome 130)
2024-10-28T11:11:47.729-05:00  INFO 15024 --- [demo] [main] i.g.bonigarcia.wdm.WebDriverManager      : Exporting webdriver.chrome.driver as C:\Users\Janus\.cache\selenium\chromedriver\win64\130.0.6723.69\chromedriver.exe
2024-10-28T11:11:48.704-05:00  WARN 15024 --- [demo] [main] o.o.selenium.devtools.CdpVersionFinder   : Unable to find CDP implementation matching 130
2024-10-28T11:11:48.704-05:00  WARN 15024 --- [demo] [main] o.o.selenium.chromium.ChromiumDriver     : Unable to find version of CDP to use for 130.0.6723.70. You may need to include a dependency on a specific version of the CDP using something similar to `org.seleniumhq.selenium:selenium-devtools-v86:4.19.1` where the version ("v86") matches the version of the chromium-based browser you're using and the version number of the artifact is the same as Selenium's.
2024-10-28T11:11:49.338-05:00  INFO 15024 --- [demo] [http-nio-8080-exec-1] o.a.c.c.C.[Tomcat].[localhost].[/]       : Initializing Spring DispatcherServlet 'dispatcherServlet'
2024-10-28T11:11:49.338-05:00  INFO 15024 --- [demo] [http-nio-8080-exec-1] o.s.web.servlet.DispatcherServlet        : Initializing Servlet 'dispatcherServlet'
2024-10-28T11:11:49.339-05:00  INFO 15024 --- [demo] [http-nio-8080-exec-1] o.s.web.servlet.DispatcherServlet        : Completed initialization in 1 ms
2024-10-28T11:11:53.500-05:00  INFO 15024 --- [demo] [SpringApplicationShutdownHook] j.LocalContainerEntityManagerFactoryBean : Closing JPA EntityManagerFactory for persistence unit 'default'
2024-10-28T11:11:53.501-05:00  INFO 15024 --- [demo] [SpringApplicationShutdownHook] com.zaxxer.hikari.HikariDataSource       : HikariPool-2 - Shutdown initiated...
2024-10-28T11:11:53.502-05:00  INFO 15024 --- [demo] [SpringApplicationShutdownHook] com.zaxxer.hikari.HikariDataSource       : HikariPool-2 - Shutdown completed.
2024-10-28T11:16:07.099-05:00  INFO 23680 --- [demo] [main] com.example.demo.frontend.UseCaseTest    : Starting UseCaseTest using Java 17.0.12 with PID 23680 (started by Janus in C:\Users\Janus\Documents\GitHub\PetLand\Proyecto\demo)
2024-10-28T11:16:07.101-05:00  INFO 23680 --- [demo] [main] com.example.demo.frontend.UseCaseTest    : The following 1 profile is active: "test"
2024-10-28T11:16:08.030-05:00  INFO 23680 --- [demo] [main] .s.d.r.c.RepositoryConfigurationDelegate : Bootstrapping Spring Data JPA repositories in DEFAULT mode.
2024-10-28T11:16:08.148-05:00  INFO 23680 --- [demo] [main] .s.d.r.c.RepositoryConfigurationDelegate : Finished Spring Data repository scanning in 106 ms. Found 6 JPA repository interfaces.
2024-10-28T11:16:09.146-05:00  INFO 23680 --- [demo] [main] o.s.b.w.embedded.tomcat.TomcatWebServer  : Tomcat initialized with port 8080 (http)
2024-10-28T11:16:09.171-05:00  INFO 23680 --- [demo] [main] o.apache.catalina.core.StandardService   : Starting service [Tomcat]
2024-10-28T11:16:09.171-05:00  INFO 23680 --- [demo] [main] o.apache.catalina.core.StandardEngine    : Starting Servlet engine: [Apache Tomcat/10.1.26]
2024-10-28T11:16:09.318-05:00  INFO 23680 --- [demo] [main] o.a.c.c.C.[Tomcat].[localhost].[/]       : Initializing Spring embedded WebApplicationContext
2024-10-28T11:16:09.319-05:00  INFO 23680 --- [demo] [main] w.s.c.ServletWebServerApplicationContext : Root WebApplicationContext: initialization completed in 2192 ms
2024-10-28T11:16:09.371-05:00  INFO 23680 --- [demo] [main] com.zaxxer.hikari.HikariDataSource       : HikariPool-1 - Starting...
2024-10-28T11:16:09.671-05:00  INFO 23680 --- [demo] [main] com.zaxxer.hikari.pool.HikariPool        : HikariPool-1 - Added connection conn0: url=jdbc:h2:mem:testdb user=SA
2024-10-28T11:16:09.674-05:00  INFO 23680 --- [demo] [main] com.zaxxer.hikari.HikariDataSource       : HikariPool-1 - Start completed.
2024-10-28T11:16:09.705-05:00  INFO 23680 --- [demo] [main] o.s.b.a.h2.H2ConsoleAutoConfiguration    : H2 console available at '/h2-console'. Database available at 'jdbc:h2:mem:testdb'
2024-10-28T11:16:09.957-05:00  INFO 23680 --- [demo] [main] o.hibernate.jpa.internal.util.LogHelper  : HHH000204: Processing PersistenceUnitInfo [name: default]
2024-10-28T11:16:10.063-05:00  INFO 23680 --- [demo] [main] org.hibernate.Version                    : HHH000412: Hibernate ORM core version 6.5.2.Final
2024-10-28T11:16:10.121-05:00  INFO 23680 --- [demo] [main] o.h.c.internal.RegionFactoryInitiator    : HHH000026: Second-level cache disabled
2024-10-28T11:16:10.734-05:00  INFO 23680 --- [demo] [main] o.s.o.j.p.SpringPersistenceUnitInfo      : No LoadTimeWeaver setup: ignoring JPA class transformer
2024-10-28T11:16:10.804-05:00  WARN 23680 --- [demo] [main] org.hibernate.orm.deprecation            : HHH90000025: H2Dialect does not need to be specified explicitly using 'hibernate.dialect' (remove the property setting and it will be selected by default)
2024-10-28T11:16:11.811-05:00  INFO 23680 --- [demo] [main] o.h.e.t.j.p.i.JtaPlatformInitiator       : HHH000489: No JTA platform available (set 'hibernate.transaction.jta.platform' to enable JTA platform integration)
2024-10-28T11:16:11.878-05:00  INFO 23680 --- [demo] [main] j.LocalContainerEntityManagerFactoryBean : Initialized JPA EntityManagerFactory for persistence unit 'default'
2024-10-28T11:16:12.212-05:00  INFO 23680 --- [demo] [main] o.s.d.j.r.query.QueryEnhancerFactory     : Hibernate is in classpath; If applicable, HQL parser will be used.
2024-10-28T11:16:13.349-05:00  WARN 23680 --- [demo] [main] JpaBaseConfiguration$JpaWebConfiguration : spring.jpa.open-in-view is enabled by default. Therefore, database queries may be performed during view rendering. Explicitly configure spring.jpa.open-in-view to disable this warning
2024-10-28T11:16:14.135-05:00  WARN 23680 --- [demo] [main] ion$DefaultTemplateResolverConfiguration : Cannot find template location: classpath:/templates/ (please add some templates, check your Thymeleaf configuration, or set spring.thymeleaf.check-template-location=false)
2024-10-28T11:16:14.706-05:00  INFO 23680 --- [demo] [main] o.s.b.w.embedded.tomcat.TomcatWebServer  : Tomcat started on port 8080 (http) with context path '/'
2024-10-28T11:16:14.723-05:00  INFO 23680 --- [demo] [main] com.example.demo.frontend.UseCaseTest    : Started UseCaseTest in 8.043 seconds (process running for 9.112)
2024-10-28T11:16:17.221-05:00  INFO 23680 --- [demo] [main] j.LocalContainerEntityManagerFactoryBean : Closing JPA EntityManagerFactory for persistence unit 'default'
2024-10-28T11:16:17.228-05:00  INFO 23680 --- [demo] [main] com.zaxxer.hikari.HikariDataSource       : HikariPool-1 - Shutdown initiated...
2024-10-28T11:16:17.233-05:00  INFO 23680 --- [demo] [main] com.zaxxer.hikari.HikariDataSource       : HikariPool-1 - Shutdown completed.
2024-10-28T11:16:17.246-05:00  INFO 23680 --- [demo] [main] o.s.b.d.r.RestartApplicationListener     : Restart disabled due to context in which it is running
2024-10-28T11:16:17.293-05:00  INFO 23680 --- [demo] [main] com.example.demo.frontend.UseCaseTest    : Starting UseCaseTest using Java 17.0.12 with PID 23680 (started by Janus in C:\Users\Janus\Documents\GitHub\PetLand\Proyecto\demo)
2024-10-28T11:16:17.294-05:00  INFO 23680 --- [demo] [main] com.example.demo.frontend.UseCaseTest    : The following 1 profile is active: "test"
2024-10-28T11:16:17.525-05:00  INFO 23680 --- [demo] [main] .s.d.r.c.RepositoryConfigurationDelegate : Bootstrapping Spring Data JPA repositories in DEFAULT mode.
2024-10-28T11:16:17.561-05:00  INFO 23680 --- [demo] [main] .s.d.r.c.RepositoryConfigurationDelegate : Finished Spring Data repository scanning in 36 ms. Found 6 JPA repository interfaces.
2024-10-28T11:16:17.677-05:00  INFO 23680 --- [demo] [main] o.s.b.w.embedded.tomcat.TomcatWebServer  : Tomcat initialized with port 8080 (http)
2024-10-28T11:16:17.682-05:00  INFO 23680 --- [demo] [main] o.apache.catalina.core.StandardService   : Starting service [Tomcat]
2024-10-28T11:16:17.683-05:00  INFO 23680 --- [demo] [main] o.apache.catalina.core.StandardEngine    : Starting Servlet engine: [Apache Tomcat/10.1.26]
2024-10-28T11:16:17.761-05:00  INFO 23680 --- [demo] [main] o.a.c.c.C.[Tomcat].[localhost].[/]       : Initializing Spring embedded WebApplicationContext
2024-10-28T11:16:17.763-05:00  INFO 23680 --- [demo] [main] w.s.c.ServletWebServerApplicationContext : Root WebApplicationContext: initialization completed in 463 ms
2024-10-28T11:16:17.810-05:00  INFO 23680 --- [demo] [main] com.zaxxer.hikari.HikariDataSource       : HikariPool-2 - Starting...
2024-10-28T11:16:17.815-05:00  INFO 23680 --- [demo] [main] com.zaxxer.hikari.pool.HikariPool        : HikariPool-2 - Added connection conn10: url=jdbc:h2:mem:testdb user=SA
2024-10-28T11:16:17.816-05:00  INFO 23680 --- [demo] [main] com.zaxxer.hikari.HikariDataSource       : HikariPool-2 - Start completed.
2024-10-28T11:16:17.816-05:00  INFO 23680 --- [demo] [main] o.s.b.a.h2.H2ConsoleAutoConfiguration    : H2 console available at '/h2-console'. Database available at 'jdbc:h2:mem:testdb'
2024-10-28T11:16:17.888-05:00  INFO 23680 --- [demo] [main] o.hibernate.jpa.internal.util.LogHelper  : HHH000204: Processing PersistenceUnitInfo [name: default]
2024-10-28T11:16:17.906-05:00  INFO 23680 --- [demo] [main] o.h.c.internal.RegionFactoryInitiator    : HHH000026: Second-level cache disabled
2024-10-28T11:16:17.947-05:00  INFO 23680 --- [demo] [main] o.s.o.j.p.SpringPersistenceUnitInfo      : No LoadTimeWeaver setup: ignoring JPA class transformer
2024-10-28T11:16:17.953-05:00  WARN 23680 --- [demo] [main] org.hibernate.orm.deprecation            : HHH90000025: H2Dialect does not need to be specified explicitly using 'hibernate.dialect' (remove the property setting and it will be selected by default)
2024-10-28T11:16:18.206-05:00  INFO 23680 --- [demo] [main] o.h.e.t.j.p.i.JtaPlatformInitiator       : HHH000489: No JTA platform available (set 'hibernate.transaction.jta.platform' to enable JTA platform integration)
2024-10-28T11:16:18.226-05:00  INFO 23680 --- [demo] [main] j.LocalContainerEntityManagerFactoryBean : Initialized JPA EntityManagerFactory for persistence unit 'default'
2024-10-28T11:16:18.568-05:00  WARN 23680 --- [demo] [main] JpaBaseConfiguration$JpaWebConfiguration : spring.jpa.open-in-view is enabled by default. Therefore, database queries may be performed during view rendering. Explicitly configure spring.jpa.open-in-view to disable this warning
2024-10-28T11:16:18.799-05:00  WARN 23680 --- [demo] [main] ion$DefaultTemplateResolverConfiguration : Cannot find template location: classpath:/templates/ (please add some templates, check your Thymeleaf configuration, or set spring.thymeleaf.check-template-location=false)
2024-10-28T11:16:18.982-05:00  INFO 23680 --- [demo] [main] o.s.b.w.embedded.tomcat.TomcatWebServer  : Tomcat started on port 8080 (http) with context path '/'
2024-10-28T11:16:18.991-05:00  INFO 23680 --- [demo] [main] com.example.demo.frontend.UseCaseTest    : Started UseCaseTest in 1.745 seconds (process running for 13.379)
2024-10-28T11:16:21.204-05:00  INFO 23680 --- [demo] [main] i.g.bonigarcia.wdm.WebDriverManager      : Using chromedriver 130.0.6723.69 (resolved driver for Chrome 130)
2024-10-28T11:16:21.240-05:00  INFO 23680 --- [demo] [main] i.g.bonigarcia.wdm.WebDriverManager      : Exporting webdriver.chrome.driver as C:\Users\Janus\.cache\selenium\chromedriver\win64\130.0.6723.69\chromedriver.exe
2024-10-28T11:16:22.351-05:00  WARN 23680 --- [demo] [main] o.o.selenium.devtools.CdpVersionFinder   : Unable to find CDP implementation matching 130
2024-10-28T11:16:22.352-05:00  WARN 23680 --- [demo] [main] o.o.selenium.chromium.ChromiumDriver     : Unable to find version of CDP to use for 130.0.6723.70. You may need to include a dependency on a specific version of the CDP using something similar to `org.seleniumhq.selenium:selenium-devtools-v86:4.19.1` where the version ("v86") matches the version of the chromium-based browser you're using and the version number of the artifact is the same as Selenium's.
2024-10-28T11:16:23.070-05:00  INFO 23680 --- [demo] [http-nio-8080-exec-2] o.a.c.c.C.[Tomcat].[localhost].[/]       : Initializing Spring DispatcherServlet 'dispatcherServlet'
2024-10-28T11:16:23.070-05:00  INFO 23680 --- [demo] [http-nio-8080-exec-2] o.s.web.servlet.DispatcherServlet        : Initializing Servlet 'dispatcherServlet'
2024-10-28T11:16:23.072-05:00  INFO 23680 --- [demo] [http-nio-8080-exec-2] o.s.web.servlet.DispatcherServlet        : Completed initialization in 2 ms
2024-10-28T11:16:27.305-05:00  INFO 23680 --- [demo] [SpringApplicationShutdownHook] j.LocalContainerEntityManagerFactoryBean : Closing JPA EntityManagerFactory for persistence unit 'default'
2024-10-28T11:16:27.306-05:00  INFO 23680 --- [demo] [SpringApplicationShutdownHook] com.zaxxer.hikari.HikariDataSource       : HikariPool-2 - Shutdown initiated...
2024-10-28T11:16:27.307-05:00  INFO 23680 --- [demo] [SpringApplicationShutdownHook] com.zaxxer.hikari.HikariDataSource       : HikariPool-2 - Shutdown completed.
2024-10-28T11:22:37.335-05:00  INFO 9864 --- [demo] [main] com.example.demo.frontend.UseCaseTest    : Starting UseCaseTest using Java 17.0.12 with PID 9864 (started by Janus in C:\Users\Janus\Documents\GitHub\PetLand\Proyecto\demo)
2024-10-28T11:22:37.338-05:00  INFO 9864 --- [demo] [main] com.example.demo.frontend.UseCaseTest    : The following 1 profile is active: "test"
2024-10-28T11:22:38.380-05:00  INFO 9864 --- [demo] [main] .s.d.r.c.RepositoryConfigurationDelegate : Bootstrapping Spring Data JPA repositories in DEFAULT mode.
2024-10-28T11:22:38.508-05:00  INFO 9864 --- [demo] [main] .s.d.r.c.RepositoryConfigurationDelegate : Finished Spring Data repository scanning in 109 ms. Found 6 JPA repository interfaces.
2024-10-28T11:22:39.529-05:00  INFO 9864 --- [demo] [main] o.s.b.w.embedded.tomcat.TomcatWebServer  : Tomcat initialized with port 8080 (http)
2024-10-28T11:22:39.556-05:00  INFO 9864 --- [demo] [main] o.apache.catalina.core.StandardService   : Starting service [Tomcat]
2024-10-28T11:22:39.557-05:00  INFO 9864 --- [demo] [main] o.apache.catalina.core.StandardEngine    : Starting Servlet engine: [Apache Tomcat/10.1.26]
2024-10-28T11:22:39.713-05:00  INFO 9864 --- [demo] [main] o.a.c.c.C.[Tomcat].[localhost].[/]       : Initializing Spring embedded WebApplicationContext
2024-10-28T11:22:39.714-05:00  INFO 9864 --- [demo] [main] w.s.c.ServletWebServerApplicationContext : Root WebApplicationContext: initialization completed in 2354 ms
2024-10-28T11:22:39.776-05:00  INFO 9864 --- [demo] [main] com.zaxxer.hikari.HikariDataSource       : HikariPool-1 - Starting...
2024-10-28T11:22:40.117-05:00  INFO 9864 --- [demo] [main] com.zaxxer.hikari.pool.HikariPool        : HikariPool-1 - Added connection conn0: url=jdbc:h2:mem:testdb user=SA
2024-10-28T11:22:40.121-05:00  INFO 9864 --- [demo] [main] com.zaxxer.hikari.HikariDataSource       : HikariPool-1 - Start completed.
2024-10-28T11:22:40.143-05:00  INFO 9864 --- [demo] [main] o.s.b.a.h2.H2ConsoleAutoConfiguration    : H2 console available at '/h2-console'. Database available at 'jdbc:h2:mem:testdb'
2024-10-28T11:22:40.433-05:00  INFO 9864 --- [demo] [main] o.hibernate.jpa.internal.util.LogHelper  : HHH000204: Processing PersistenceUnitInfo [name: default]
2024-10-28T11:22:40.644-05:00  INFO 9864 --- [demo] [main] org.hibernate.Version                    : HHH000412: Hibernate ORM core version 6.5.2.Final
2024-10-28T11:22:40.750-05:00  INFO 9864 --- [demo] [main] o.h.c.internal.RegionFactoryInitiator    : HHH000026: Second-level cache disabled
2024-10-28T11:22:41.460-05:00  INFO 9864 --- [demo] [main] o.s.o.j.p.SpringPersistenceUnitInfo      : No LoadTimeWeaver setup: ignoring JPA class transformer
2024-10-28T11:22:41.543-05:00  WARN 9864 --- [demo] [main] org.hibernate.orm.deprecation            : HHH90000025: H2Dialect does not need to be specified explicitly using 'hibernate.dialect' (remove the property setting and it will be selected by default)
2024-10-28T11:22:42.735-05:00  INFO 9864 --- [demo] [main] o.h.e.t.j.p.i.JtaPlatformInitiator       : HHH000489: No JTA platform available (set 'hibernate.transaction.jta.platform' to enable JTA platform integration)
2024-10-28T11:22:42.809-05:00  INFO 9864 --- [demo] [main] j.LocalContainerEntityManagerFactoryBean : Initialized JPA EntityManagerFactory for persistence unit 'default'
2024-10-28T11:22:43.251-05:00  INFO 9864 --- [demo] [main] o.s.d.j.r.query.QueryEnhancerFactory     : Hibernate is in classpath; If applicable, HQL parser will be used.
2024-10-28T11:22:44.863-05:00  WARN 9864 --- [demo] [main] JpaBaseConfiguration$JpaWebConfiguration : spring.jpa.open-in-view is enabled by default. Therefore, database queries may be performed during view rendering. Explicitly configure spring.jpa.open-in-view to disable this warning
2024-10-28T11:22:45.620-05:00  WARN 9864 --- [demo] [main] ion$DefaultTemplateResolverConfiguration : Cannot find template location: classpath:/templates/ (please add some templates, check your Thymeleaf configuration, or set spring.thymeleaf.check-template-location=false)
2024-10-28T11:22:46.236-05:00  INFO 9864 --- [demo] [main] o.s.b.w.embedded.tomcat.TomcatWebServer  : Tomcat started on port 8080 (http) with context path '/'
2024-10-28T11:22:46.249-05:00  INFO 9864 --- [demo] [main] com.example.demo.frontend.UseCaseTest    : Started UseCaseTest in 9.292 seconds (process running for 10.339)
2024-10-28T11:22:48.615-05:00  INFO 9864 --- [demo] [main] j.LocalContainerEntityManagerFactoryBean : Closing JPA EntityManagerFactory for persistence unit 'default'
2024-10-28T11:22:48.618-05:00  INFO 9864 --- [demo] [main] com.zaxxer.hikari.HikariDataSource       : HikariPool-1 - Shutdown initiated...
2024-10-28T11:22:48.620-05:00  INFO 9864 --- [demo] [main] com.zaxxer.hikari.HikariDataSource       : HikariPool-1 - Shutdown completed.
2024-10-28T11:22:48.634-05:00  INFO 9864 --- [demo] [main] o.s.b.d.r.RestartApplicationListener     : Restart disabled due to context in which it is running
2024-10-28T11:22:48.678-05:00  INFO 9864 --- [demo] [main] com.example.demo.frontend.UseCaseTest    : Starting UseCaseTest using Java 17.0.12 with PID 9864 (started by Janus in C:\Users\Janus\Documents\GitHub\PetLand\Proyecto\demo)
2024-10-28T11:22:48.678-05:00  INFO 9864 --- [demo] [main] com.example.demo.frontend.UseCaseTest    : The following 1 profile is active: "test"
2024-10-28T11:22:48.900-05:00  INFO 9864 --- [demo] [main] .s.d.r.c.RepositoryConfigurationDelegate : Bootstrapping Spring Data JPA repositories in DEFAULT mode.
2024-10-28T11:22:48.928-05:00  INFO 9864 --- [demo] [main] .s.d.r.c.RepositoryConfigurationDelegate : Finished Spring Data repository scanning in 26 ms. Found 6 JPA repository interfaces.
2024-10-28T11:22:49.027-05:00  INFO 9864 --- [demo] [main] o.s.b.w.embedded.tomcat.TomcatWebServer  : Tomcat initialized with port 8080 (http)
2024-10-28T11:22:49.028-05:00  INFO 9864 --- [demo] [main] o.apache.catalina.core.StandardService   : Starting service [Tomcat]
2024-10-28T11:22:49.029-05:00  INFO 9864 --- [demo] [main] o.apache.catalina.core.StandardEngine    : Starting Servlet engine: [Apache Tomcat/10.1.26]
2024-10-28T11:22:49.078-05:00  INFO 9864 --- [demo] [main] o.a.c.c.C.[Tomcat].[localhost].[/]       : Initializing Spring embedded WebApplicationContext
2024-10-28T11:22:49.079-05:00  INFO 9864 --- [demo] [main] w.s.c.ServletWebServerApplicationContext : Root WebApplicationContext: initialization completed in 398 ms
2024-10-28T11:22:49.092-05:00  INFO 9864 --- [demo] [main] com.zaxxer.hikari.HikariDataSource       : HikariPool-2 - Starting...
2024-10-28T11:22:49.094-05:00  INFO 9864 --- [demo] [main] com.zaxxer.hikari.pool.HikariPool        : HikariPool-2 - Added connection conn10: url=jdbc:h2:mem:testdb user=SA
2024-10-28T11:22:49.094-05:00  INFO 9864 --- [demo] [main] com.zaxxer.hikari.HikariDataSource       : HikariPool-2 - Start completed.
2024-10-28T11:22:49.094-05:00  INFO 9864 --- [demo] [main] o.s.b.a.h2.H2ConsoleAutoConfiguration    : H2 console available at '/h2-console'. Database available at 'jdbc:h2:mem:testdb'
2024-10-28T11:22:49.128-05:00  INFO 9864 --- [demo] [main] o.hibernate.jpa.internal.util.LogHelper  : HHH000204: Processing PersistenceUnitInfo [name: default]
2024-10-28T11:22:49.137-05:00  INFO 9864 --- [demo] [main] o.h.c.internal.RegionFactoryInitiator    : HHH000026: Second-level cache disabled
2024-10-28T11:22:49.159-05:00  INFO 9864 --- [demo] [main] o.s.o.j.p.SpringPersistenceUnitInfo      : No LoadTimeWeaver setup: ignoring JPA class transformer
2024-10-28T11:22:49.163-05:00  WARN 9864 --- [demo] [main] org.hibernate.orm.deprecation            : HHH90000025: H2Dialect does not need to be specified explicitly using 'hibernate.dialect' (remove the property setting and it will be selected by default)
2024-10-28T11:22:49.373-05:00  INFO 9864 --- [demo] [main] o.h.e.t.j.p.i.JtaPlatformInitiator       : HHH000489: No JTA platform available (set 'hibernate.transaction.jta.platform' to enable JTA platform integration)
2024-10-28T11:22:49.388-05:00  INFO 9864 --- [demo] [main] j.LocalContainerEntityManagerFactoryBean : Initialized JPA EntityManagerFactory for persistence unit 'default'
2024-10-28T11:22:49.586-05:00  WARN 9864 --- [demo] [main] JpaBaseConfiguration$JpaWebConfiguration : spring.jpa.open-in-view is enabled by default. Therefore, database queries may be performed during view rendering. Explicitly configure spring.jpa.open-in-view to disable this warning
2024-10-28T11:22:49.688-05:00  WARN 9864 --- [demo] [main] ion$DefaultTemplateResolverConfiguration : Cannot find template location: classpath:/templates/ (please add some templates, check your Thymeleaf configuration, or set spring.thymeleaf.check-template-location=false)
2024-10-28T11:22:49.743-05:00  INFO 9864 --- [demo] [main] o.s.b.w.embedded.tomcat.TomcatWebServer  : Tomcat started on port 8080 (http) with context path '/'
2024-10-28T11:22:49.747-05:00  INFO 9864 --- [demo] [main] com.example.demo.frontend.UseCaseTest    : Started UseCaseTest in 1.113 seconds (process running for 13.838)
2024-10-28T11:22:51.202-05:00  INFO 9864 --- [demo] [main] i.g.bonigarcia.wdm.WebDriverManager      : Using chromedriver 130.0.6723.69 (resolved driver for Chrome 130)
2024-10-28T11:22:51.312-05:00  INFO 9864 --- [demo] [main] i.g.bonigarcia.wdm.WebDriverManager      : Exporting webdriver.chrome.driver as C:\Users\Janus\.cache\selenium\chromedriver\win64\130.0.6723.69\chromedriver.exe
2024-10-28T11:22:52.430-05:00  WARN 9864 --- [demo] [main] o.o.selenium.devtools.CdpVersionFinder   : Unable to find CDP implementation matching 130
2024-10-28T11:22:52.431-05:00  WARN 9864 --- [demo] [main] o.o.selenium.chromium.ChromiumDriver     : Unable to find version of CDP to use for 130.0.6723.70. You may need to include a dependency on a specific version of the CDP using something similar to `org.seleniumhq.selenium:selenium-devtools-v86:4.19.1` where the version ("v86") matches the version of the chromium-based browser you're using and the version number of the artifact is the same as Selenium's.
2024-10-28T11:22:53.178-05:00  INFO 9864 --- [demo] [http-nio-8080-exec-1] o.a.c.c.C.[Tomcat].[localhost].[/]       : Initializing Spring DispatcherServlet 'dispatcherServlet'
2024-10-28T11:22:53.178-05:00  INFO 9864 --- [demo] [http-nio-8080-exec-1] o.s.web.servlet.DispatcherServlet        : Initializing Servlet 'dispatcherServlet'
2024-10-28T11:22:53.179-05:00  INFO 9864 --- [demo] [http-nio-8080-exec-1] o.s.web.servlet.DispatcherServlet        : Completed initialization in 1 ms
2024-10-28T11:22:57.801-05:00  INFO 9864 --- [demo] [SpringApplicationShutdownHook] j.LocalContainerEntityManagerFactoryBean : Closing JPA EntityManagerFactory for persistence unit 'default'
2024-10-28T11:22:57.802-05:00  INFO 9864 --- [demo] [SpringApplicationShutdownHook] com.zaxxer.hikari.HikariDataSource       : HikariPool-2 - Shutdown initiated...
2024-10-28T11:22:57.803-05:00  INFO 9864 --- [demo] [SpringApplicationShutdownHook] com.zaxxer.hikari.HikariDataSource       : HikariPool-2 - Shutdown completed.
2024-10-28T11:23:23.341-05:00  INFO 18244 --- [demo] [main] com.example.demo.frontend.UseCaseTest    : Starting UseCaseTest using Java 17.0.12 with PID 18244 (started by Janus in C:\Users\Janus\Documents\GitHub\PetLand\Proyecto\demo)
2024-10-28T11:23:23.345-05:00  INFO 18244 --- [demo] [main] com.example.demo.frontend.UseCaseTest    : The following 1 profile is active: "test"
2024-10-28T11:23:24.387-05:00  INFO 18244 --- [demo] [main] .s.d.r.c.RepositoryConfigurationDelegate : Bootstrapping Spring Data JPA repositories in DEFAULT mode.
2024-10-28T11:23:24.498-05:00  INFO 18244 --- [demo] [main] .s.d.r.c.RepositoryConfigurationDelegate : Finished Spring Data repository scanning in 93 ms. Found 6 JPA repository interfaces.
2024-10-28T11:23:25.437-05:00  INFO 18244 --- [demo] [main] o.s.b.w.embedded.tomcat.TomcatWebServer  : Tomcat initialized with port 8080 (http)
2024-10-28T11:23:25.465-05:00  INFO 18244 --- [demo] [main] o.apache.catalina.core.StandardService   : Starting service [Tomcat]
2024-10-28T11:23:25.465-05:00  INFO 18244 --- [demo] [main] o.apache.catalina.core.StandardEngine    : Starting Servlet engine: [Apache Tomcat/10.1.26]
2024-10-28T11:23:25.614-05:00  INFO 18244 --- [demo] [main] o.a.c.c.C.[Tomcat].[localhost].[/]       : Initializing Spring embedded WebApplicationContext
2024-10-28T11:23:25.615-05:00  INFO 18244 --- [demo] [main] w.s.c.ServletWebServerApplicationContext : Root WebApplicationContext: initialization completed in 2243 ms
2024-10-28T11:23:25.683-05:00  INFO 18244 --- [demo] [main] com.zaxxer.hikari.HikariDataSource       : HikariPool-1 - Starting...
2024-10-28T11:23:26.064-05:00  INFO 18244 --- [demo] [main] com.zaxxer.hikari.pool.HikariPool        : HikariPool-1 - Added connection conn0: url=jdbc:h2:mem:testdb user=SA
2024-10-28T11:23:26.068-05:00  INFO 18244 --- [demo] [main] com.zaxxer.hikari.HikariDataSource       : HikariPool-1 - Start completed.
2024-10-28T11:23:26.090-05:00  INFO 18244 --- [demo] [main] o.s.b.a.h2.H2ConsoleAutoConfiguration    : H2 console available at '/h2-console'. Database available at 'jdbc:h2:mem:testdb'
2024-10-28T11:23:26.321-05:00  INFO 18244 --- [demo] [main] o.hibernate.jpa.internal.util.LogHelper  : HHH000204: Processing PersistenceUnitInfo [name: default]
2024-10-28T11:23:26.435-05:00  INFO 18244 --- [demo] [main] org.hibernate.Version                    : HHH000412: Hibernate ORM core version 6.5.2.Final
2024-10-28T11:23:26.506-05:00  INFO 18244 --- [demo] [main] o.h.c.internal.RegionFactoryInitiator    : HHH000026: Second-level cache disabled
2024-10-28T11:23:27.156-05:00  INFO 18244 --- [demo] [main] o.s.o.j.p.SpringPersistenceUnitInfo      : No LoadTimeWeaver setup: ignoring JPA class transformer
2024-10-28T11:23:27.212-05:00  WARN 18244 --- [demo] [main] org.hibernate.orm.deprecation            : HHH90000025: H2Dialect does not need to be specified explicitly using 'hibernate.dialect' (remove the property setting and it will be selected by default)
2024-10-28T11:23:28.302-05:00  INFO 18244 --- [demo] [main] o.h.e.t.j.p.i.JtaPlatformInitiator       : HHH000489: No JTA platform available (set 'hibernate.transaction.jta.platform' to enable JTA platform integration)
2024-10-28T11:23:28.383-05:00  INFO 18244 --- [demo] [main] j.LocalContainerEntityManagerFactoryBean : Initialized JPA EntityManagerFactory for persistence unit 'default'
2024-10-28T11:23:28.884-05:00  INFO 18244 --- [demo] [main] o.s.d.j.r.query.QueryEnhancerFactory     : Hibernate is in classpath; If applicable, HQL parser will be used.
2024-10-28T11:23:30.271-05:00  WARN 18244 --- [demo] [main] JpaBaseConfiguration$JpaWebConfiguration : spring.jpa.open-in-view is enabled by default. Therefore, database queries may be performed during view rendering. Explicitly configure spring.jpa.open-in-view to disable this warning
2024-10-28T11:23:31.006-05:00  WARN 18244 --- [demo] [main] ion$DefaultTemplateResolverConfiguration : Cannot find template location: classpath:/templates/ (please add some templates, check your Thymeleaf configuration, or set spring.thymeleaf.check-template-location=false)
2024-10-28T11:23:31.425-05:00  INFO 18244 --- [demo] [main] o.s.b.w.embedded.tomcat.TomcatWebServer  : Tomcat started on port 8080 (http) with context path '/'
2024-10-28T11:23:31.439-05:00  INFO 18244 --- [demo] [main] com.example.demo.frontend.UseCaseTest    : Started UseCaseTest in 8.523 seconds (process running for 9.698)
2024-10-28T11:23:33.629-05:00  INFO 18244 --- [demo] [main] j.LocalContainerEntityManagerFactoryBean : Closing JPA EntityManagerFactory for persistence unit 'default'
2024-10-28T11:23:33.633-05:00  INFO 18244 --- [demo] [main] com.zaxxer.hikari.HikariDataSource       : HikariPool-1 - Shutdown initiated...
2024-10-28T11:23:33.637-05:00  INFO 18244 --- [demo] [main] com.zaxxer.hikari.HikariDataSource       : HikariPool-1 - Shutdown completed.
2024-10-28T11:23:33.646-05:00  INFO 18244 --- [demo] [main] o.s.b.d.r.RestartApplicationListener     : Restart disabled due to context in which it is running
2024-10-28T11:23:33.680-05:00  INFO 18244 --- [demo] [main] com.example.demo.frontend.UseCaseTest    : Starting UseCaseTest using Java 17.0.12 with PID 18244 (started by Janus in C:\Users\Janus\Documents\GitHub\PetLand\Proyecto\demo)
2024-10-28T11:23:33.681-05:00  INFO 18244 --- [demo] [main] com.example.demo.frontend.UseCaseTest    : The following 1 profile is active: "test"
2024-10-28T11:23:33.912-05:00  INFO 18244 --- [demo] [main] .s.d.r.c.RepositoryConfigurationDelegate : Bootstrapping Spring Data JPA repositories in DEFAULT mode.
2024-10-28T11:23:33.942-05:00  INFO 18244 --- [demo] [main] .s.d.r.c.RepositoryConfigurationDelegate : Finished Spring Data repository scanning in 30 ms. Found 6 JPA repository interfaces.
2024-10-28T11:23:34.032-05:00  INFO 18244 --- [demo] [main] o.s.b.w.embedded.tomcat.TomcatWebServer  : Tomcat initialized with port 8080 (http)
2024-10-28T11:23:34.033-05:00  INFO 18244 --- [demo] [main] o.apache.catalina.core.StandardService   : Starting service [Tomcat]
2024-10-28T11:23:34.033-05:00  INFO 18244 --- [demo] [main] o.apache.catalina.core.StandardEngine    : Starting Servlet engine: [Apache Tomcat/10.1.26]
2024-10-28T11:23:34.083-05:00  INFO 18244 --- [demo] [main] o.a.c.c.C.[Tomcat].[localhost].[/]       : Initializing Spring embedded WebApplicationContext
2024-10-28T11:23:34.083-05:00  INFO 18244 --- [demo] [main] w.s.c.ServletWebServerApplicationContext : Root WebApplicationContext: initialization completed in 400 ms
2024-10-28T11:23:34.096-05:00  INFO 18244 --- [demo] [main] com.zaxxer.hikari.HikariDataSource       : HikariPool-2 - Starting...
2024-10-28T11:23:34.099-05:00  INFO 18244 --- [demo] [main] com.zaxxer.hikari.pool.HikariPool        : HikariPool-2 - Added connection conn10: url=jdbc:h2:mem:testdb user=SA
2024-10-28T11:23:34.099-05:00  INFO 18244 --- [demo] [main] com.zaxxer.hikari.HikariDataSource       : HikariPool-2 - Start completed.
2024-10-28T11:23:34.099-05:00  INFO 18244 --- [demo] [main] o.s.b.a.h2.H2ConsoleAutoConfiguration    : H2 console available at '/h2-console'. Database available at 'jdbc:h2:mem:testdb'
2024-10-28T11:23:34.125-05:00  INFO 18244 --- [demo] [main] o.hibernate.jpa.internal.util.LogHelper  : HHH000204: Processing PersistenceUnitInfo [name: default]
2024-10-28T11:23:34.131-05:00  INFO 18244 --- [demo] [main] o.h.c.internal.RegionFactoryInitiator    : HHH000026: Second-level cache disabled
2024-10-28T11:23:34.154-05:00  INFO 18244 --- [demo] [main] o.s.o.j.p.SpringPersistenceUnitInfo      : No LoadTimeWeaver setup: ignoring JPA class transformer
2024-10-28T11:23:34.158-05:00  WARN 18244 --- [demo] [main] org.hibernate.orm.deprecation            : HHH90000025: H2Dialect does not need to be specified explicitly using 'hibernate.dialect' (remove the property setting and it will be selected by default)
2024-10-28T11:23:34.338-05:00  INFO 18244 --- [demo] [main] o.h.e.t.j.p.i.JtaPlatformInitiator       : HHH000489: No JTA platform available (set 'hibernate.transaction.jta.platform' to enable JTA platform integration)
2024-10-28T11:23:34.354-05:00  INFO 18244 --- [demo] [main] j.LocalContainerEntityManagerFactoryBean : Initialized JPA EntityManagerFactory for persistence unit 'default'
2024-10-28T11:23:34.573-05:00  WARN 18244 --- [demo] [main] JpaBaseConfiguration$JpaWebConfiguration : spring.jpa.open-in-view is enabled by default. Therefore, database queries may be performed during view rendering. Explicitly configure spring.jpa.open-in-view to disable this warning
2024-10-28T11:23:34.695-05:00  WARN 18244 --- [demo] [main] ion$DefaultTemplateResolverConfiguration : Cannot find template location: classpath:/templates/ (please add some templates, check your Thymeleaf configuration, or set spring.thymeleaf.check-template-location=false)
2024-10-28T11:23:34.751-05:00  INFO 18244 --- [demo] [main] o.s.b.w.embedded.tomcat.TomcatWebServer  : Tomcat started on port 8080 (http) with context path '/'
2024-10-28T11:23:34.757-05:00  INFO 18244 --- [demo] [main] com.example.demo.frontend.UseCaseTest    : Started UseCaseTest in 1.112 seconds (process running for 13.017)
2024-10-28T11:23:36.268-05:00  INFO 18244 --- [demo] [main] i.g.bonigarcia.wdm.WebDriverManager      : Using chromedriver 130.0.6723.69 (resolved driver for Chrome 130)
2024-10-28T11:23:36.309-05:00  INFO 18244 --- [demo] [main] i.g.bonigarcia.wdm.WebDriverManager      : Exporting webdriver.chrome.driver as C:\Users\Janus\.cache\selenium\chromedriver\win64\130.0.6723.69\chromedriver.exe
2024-10-28T11:23:37.325-05:00  WARN 18244 --- [demo] [main] o.o.selenium.devtools.CdpVersionFinder   : Unable to find CDP implementation matching 130
2024-10-28T11:23:37.325-05:00  WARN 18244 --- [demo] [main] o.o.selenium.chromium.ChromiumDriver     : Unable to find version of CDP to use for 130.0.6723.70. You may need to include a dependency on a specific version of the CDP using something similar to `org.seleniumhq.selenium:selenium-devtools-v86:4.19.1` where the version ("v86") matches the version of the chromium-based browser you're using and the version number of the artifact is the same as Selenium's.
2024-10-28T11:23:38.298-05:00  INFO 18244 --- [demo] [http-nio-8080-exec-1] o.a.c.c.C.[Tomcat].[localhost].[/]       : Initializing Spring DispatcherServlet 'dispatcherServlet'
2024-10-28T11:23:38.299-05:00  INFO 18244 --- [demo] [http-nio-8080-exec-1] o.s.web.servlet.DispatcherServlet        : Initializing Servlet 'dispatcherServlet'
2024-10-28T11:23:38.299-05:00  INFO 18244 --- [demo] [http-nio-8080-exec-1] o.s.web.servlet.DispatcherServlet        : Completed initialization in 0 ms
2024-10-28T11:23:42.779-05:00  INFO 18244 --- [demo] [SpringApplicationShutdownHook] j.LocalContainerEntityManagerFactoryBean : Closing JPA EntityManagerFactory for persistence unit 'default'
2024-10-28T11:23:42.780-05:00  INFO 18244 --- [demo] [SpringApplicationShutdownHook] com.zaxxer.hikari.HikariDataSource       : HikariPool-2 - Shutdown initiated...
2024-10-28T11:23:42.781-05:00  INFO 18244 --- [demo] [SpringApplicationShutdownHook] com.zaxxer.hikari.HikariDataSource       : HikariPool-2 - Shutdown completed.
2024-10-28T11:27:31.104-05:00  INFO 22388 --- [demo] [main] com.example.demo.frontend.UseCaseTest    : Starting UseCaseTest using Java 17.0.12 with PID 22388 (started by Janus in C:\Users\Janus\Documents\GitHub\PetLand\Proyecto\demo)
2024-10-28T11:27:31.106-05:00  INFO 22388 --- [demo] [main] com.example.demo.frontend.UseCaseTest    : The following 1 profile is active: "test"
2024-10-28T11:27:32.057-05:00  INFO 22388 --- [demo] [main] .s.d.r.c.RepositoryConfigurationDelegate : Bootstrapping Spring Data JPA repositories in DEFAULT mode.
2024-10-28T11:27:32.177-05:00  INFO 22388 --- [demo] [main] .s.d.r.c.RepositoryConfigurationDelegate : Finished Spring Data repository scanning in 99 ms. Found 6 JPA repository interfaces.
2024-10-28T11:27:33.079-05:00  INFO 22388 --- [demo] [main] o.s.b.w.embedded.tomcat.TomcatWebServer  : Tomcat initialized with port 8080 (http)
2024-10-28T11:27:33.104-05:00  INFO 22388 --- [demo] [main] o.apache.catalina.core.StandardService   : Starting service [Tomcat]
2024-10-28T11:27:33.105-05:00  INFO 22388 --- [demo] [main] o.apache.catalina.core.StandardEngine    : Starting Servlet engine: [Apache Tomcat/10.1.26]
2024-10-28T11:27:33.247-05:00  INFO 22388 --- [demo] [main] o.a.c.c.C.[Tomcat].[localhost].[/]       : Initializing Spring embedded WebApplicationContext
2024-10-28T11:27:33.249-05:00  INFO 22388 --- [demo] [main] w.s.c.ServletWebServerApplicationContext : Root WebApplicationContext: initialization completed in 2118 ms
2024-10-28T11:27:33.309-05:00  INFO 22388 --- [demo] [main] com.zaxxer.hikari.HikariDataSource       : HikariPool-1 - Starting...
2024-10-28T11:27:33.615-05:00  INFO 22388 --- [demo] [main] com.zaxxer.hikari.pool.HikariPool        : HikariPool-1 - Added connection conn0: url=jdbc:h2:mem:testdb user=SA
2024-10-28T11:27:33.617-05:00  INFO 22388 --- [demo] [main] com.zaxxer.hikari.HikariDataSource       : HikariPool-1 - Start completed.
2024-10-28T11:27:33.646-05:00  INFO 22388 --- [demo] [main] o.s.b.a.h2.H2ConsoleAutoConfiguration    : H2 console available at '/h2-console'. Database available at 'jdbc:h2:mem:testdb'
2024-10-28T11:27:33.903-05:00  INFO 22388 --- [demo] [main] o.hibernate.jpa.internal.util.LogHelper  : HHH000204: Processing PersistenceUnitInfo [name: default]
2024-10-28T11:27:34.023-05:00  INFO 22388 --- [demo] [main] org.hibernate.Version                    : HHH000412: Hibernate ORM core version 6.5.2.Final
2024-10-28T11:27:34.091-05:00  INFO 22388 --- [demo] [main] o.h.c.internal.RegionFactoryInitiator    : HHH000026: Second-level cache disabled
2024-10-28T11:27:34.661-05:00  INFO 22388 --- [demo] [main] o.s.o.j.p.SpringPersistenceUnitInfo      : No LoadTimeWeaver setup: ignoring JPA class transformer
2024-10-28T11:27:34.744-05:00  WARN 22388 --- [demo] [main] org.hibernate.orm.deprecation            : HHH90000025: H2Dialect does not need to be specified explicitly using 'hibernate.dialect' (remove the property setting and it will be selected by default)
2024-10-28T11:27:35.811-05:00  INFO 22388 --- [demo] [main] o.h.e.t.j.p.i.JtaPlatformInitiator       : HHH000489: No JTA platform available (set 'hibernate.transaction.jta.platform' to enable JTA platform integration)
2024-10-28T11:27:35.878-05:00  INFO 22388 --- [demo] [main] j.LocalContainerEntityManagerFactoryBean : Initialized JPA EntityManagerFactory for persistence unit 'default'
2024-10-28T11:27:36.284-05:00  INFO 22388 --- [demo] [main] o.s.d.j.r.query.QueryEnhancerFactory     : Hibernate is in classpath; If applicable, HQL parser will be used.
2024-10-28T11:27:37.580-05:00  WARN 22388 --- [demo] [main] JpaBaseConfiguration$JpaWebConfiguration : spring.jpa.open-in-view is enabled by default. Therefore, database queries may be performed during view rendering. Explicitly configure spring.jpa.open-in-view to disable this warning
2024-10-28T11:27:38.328-05:00  WARN 22388 --- [demo] [main] ion$DefaultTemplateResolverConfiguration : Cannot find template location: classpath:/templates/ (please add some templates, check your Thymeleaf configuration, or set spring.thymeleaf.check-template-location=false)
2024-10-28T11:27:39.173-05:00  INFO 22388 --- [demo] [main] o.s.b.w.embedded.tomcat.TomcatWebServer  : Tomcat started on port 8080 (http) with context path '/'
2024-10-28T11:27:39.187-05:00  INFO 22388 --- [demo] [main] com.example.demo.frontend.UseCaseTest    : Started UseCaseTest in 8.492 seconds (process running for 9.572)
2024-10-28T11:27:41.582-05:00  INFO 22388 --- [demo] [main] j.LocalContainerEntityManagerFactoryBean : Closing JPA EntityManagerFactory for persistence unit 'default'
2024-10-28T11:27:41.586-05:00  INFO 22388 --- [demo] [main] com.zaxxer.hikari.HikariDataSource       : HikariPool-1 - Shutdown initiated...
2024-10-28T11:27:41.591-05:00  INFO 22388 --- [demo] [main] com.zaxxer.hikari.HikariDataSource       : HikariPool-1 - Shutdown completed.
2024-10-28T11:27:41.605-05:00  INFO 22388 --- [demo] [main] o.s.b.d.r.RestartApplicationListener     : Restart disabled due to context in which it is running
2024-10-28T11:27:41.659-05:00  INFO 22388 --- [demo] [main] com.example.demo.frontend.UseCaseTest    : Starting UseCaseTest using Java 17.0.12 with PID 22388 (started by Janus in C:\Users\Janus\Documents\GitHub\PetLand\Proyecto\demo)
2024-10-28T11:27:41.659-05:00  INFO 22388 --- [demo] [main] com.example.demo.frontend.UseCaseTest    : The following 1 profile is active: "test"
2024-10-28T11:27:42.119-05:00  INFO 22388 --- [demo] [main] .s.d.r.c.RepositoryConfigurationDelegate : Bootstrapping Spring Data JPA repositories in DEFAULT mode.
2024-10-28T11:27:42.152-05:00  INFO 22388 --- [demo] [main] .s.d.r.c.RepositoryConfigurationDelegate : Finished Spring Data repository scanning in 30 ms. Found 6 JPA repository interfaces.
2024-10-28T11:27:42.230-05:00  INFO 22388 --- [demo] [main] o.s.b.w.embedded.tomcat.TomcatWebServer  : Tomcat initialized with port 8080 (http)
2024-10-28T11:27:42.232-05:00  INFO 22388 --- [demo] [main] o.apache.catalina.core.StandardService   : Starting service [Tomcat]
2024-10-28T11:27:42.232-05:00  INFO 22388 --- [demo] [main] o.apache.catalina.core.StandardEngine    : Starting Servlet engine: [Apache Tomcat/10.1.26]
2024-10-28T11:27:42.291-05:00  INFO 22388 --- [demo] [main] o.a.c.c.C.[Tomcat].[localhost].[/]       : Initializing Spring embedded WebApplicationContext
2024-10-28T11:27:42.292-05:00  INFO 22388 --- [demo] [main] w.s.c.ServletWebServerApplicationContext : Root WebApplicationContext: initialization completed in 626 ms
2024-10-28T11:27:42.309-05:00  INFO 22388 --- [demo] [main] com.zaxxer.hikari.HikariDataSource       : HikariPool-2 - Starting...
2024-10-28T11:27:42.310-05:00  INFO 22388 --- [demo] [main] com.zaxxer.hikari.pool.HikariPool        : HikariPool-2 - Added connection conn10: url=jdbc:h2:mem:testdb user=SA
2024-10-28T11:27:42.311-05:00  INFO 22388 --- [demo] [main] com.zaxxer.hikari.HikariDataSource       : HikariPool-2 - Start completed.
2024-10-28T11:27:42.311-05:00  INFO 22388 --- [demo] [main] o.s.b.a.h2.H2ConsoleAutoConfiguration    : H2 console available at '/h2-console'. Database available at 'jdbc:h2:mem:testdb'
2024-10-28T11:27:42.375-05:00  INFO 22388 --- [demo] [main] o.hibernate.jpa.internal.util.LogHelper  : HHH000204: Processing PersistenceUnitInfo [name: default]
2024-10-28T11:27:42.384-05:00  INFO 22388 --- [demo] [main] o.h.c.internal.RegionFactoryInitiator    : HHH000026: Second-level cache disabled
2024-10-28T11:27:42.424-05:00  INFO 22388 --- [demo] [main] o.s.o.j.p.SpringPersistenceUnitInfo      : No LoadTimeWeaver setup: ignoring JPA class transformer
2024-10-28T11:27:42.429-05:00  WARN 22388 --- [demo] [main] org.hibernate.orm.deprecation            : HHH90000025: H2Dialect does not need to be specified explicitly using 'hibernate.dialect' (remove the property setting and it will be selected by default)
2024-10-28T11:27:42.593-05:00  INFO 22388 --- [demo] [main] o.h.e.t.j.p.i.JtaPlatformInitiator       : HHH000489: No JTA platform available (set 'hibernate.transaction.jta.platform' to enable JTA platform integration)
2024-10-28T11:27:42.606-05:00  INFO 22388 --- [demo] [main] j.LocalContainerEntityManagerFactoryBean : Initialized JPA EntityManagerFactory for persistence unit 'default'
2024-10-28T11:27:42.866-05:00  WARN 22388 --- [demo] [main] JpaBaseConfiguration$JpaWebConfiguration : spring.jpa.open-in-view is enabled by default. Therefore, database queries may be performed during view rendering. Explicitly configure spring.jpa.open-in-view to disable this warning
2024-10-28T11:27:43.015-05:00  WARN 22388 --- [demo] [main] ion$DefaultTemplateResolverConfiguration : Cannot find template location: classpath:/templates/ (please add some templates, check your Thymeleaf configuration, or set spring.thymeleaf.check-template-location=false)
2024-10-28T11:27:43.089-05:00  INFO 22388 --- [demo] [main] o.s.b.w.embedded.tomcat.TomcatWebServer  : Tomcat started on port 8080 (http) with context path '/'
2024-10-28T11:27:43.095-05:00  INFO 22388 --- [demo] [main] com.example.demo.frontend.UseCaseTest    : Started UseCaseTest in 1.489 seconds (process running for 13.48)
2024-10-28T11:27:44.501-05:00  INFO 22388 --- [demo] [main] i.g.bonigarcia.wdm.WebDriverManager      : Using chromedriver 130.0.6723.69 (resolved driver for Chrome 130)
2024-10-28T11:27:44.558-05:00  INFO 22388 --- [demo] [main] i.g.bonigarcia.wdm.WebDriverManager      : Exporting webdriver.chrome.driver as C:\Users\Janus\.cache\selenium\chromedriver\win64\130.0.6723.69\chromedriver.exe
2024-10-28T11:27:45.686-05:00  WARN 22388 --- [demo] [main] o.o.selenium.devtools.CdpVersionFinder   : Unable to find CDP implementation matching 130
2024-10-28T11:27:45.687-05:00  WARN 22388 --- [demo] [main] o.o.selenium.chromium.ChromiumDriver     : Unable to find version of CDP to use for 130.0.6723.70. You may need to include a dependency on a specific version of the CDP using something similar to `org.seleniumhq.selenium:selenium-devtools-v86:4.19.1` where the version ("v86") matches the version of the chromium-based browser you're using and the version number of the artifact is the same as Selenium's.
2024-10-28T11:27:46.402-05:00  INFO 22388 --- [demo] [http-nio-8080-exec-1] o.a.c.c.C.[Tomcat].[localhost].[/]       : Initializing Spring DispatcherServlet 'dispatcherServlet'
2024-10-28T11:27:46.402-05:00  INFO 22388 --- [demo] [http-nio-8080-exec-1] o.s.web.servlet.DispatcherServlet        : Initializing Servlet 'dispatcherServlet'
2024-10-28T11:27:46.404-05:00  INFO 22388 --- [demo] [http-nio-8080-exec-1] o.s.web.servlet.DispatcherServlet        : Completed initialization in 2 ms
2024-10-28T11:27:58.599-05:00  INFO 22388 --- [demo] [SpringApplicationShutdownHook] j.LocalContainerEntityManagerFactoryBean : Closing JPA EntityManagerFactory for persistence unit 'default'
2024-10-28T11:27:58.600-05:00  INFO 22388 --- [demo] [SpringApplicationShutdownHook] com.zaxxer.hikari.HikariDataSource       : HikariPool-2 - Shutdown initiated...
2024-10-28T11:27:58.602-05:00  INFO 22388 --- [demo] [SpringApplicationShutdownHook] com.zaxxer.hikari.HikariDataSource       : HikariPool-2 - Shutdown completed.
2024-10-28T11:28:06.394-05:00  INFO 10160 --- [demo] [main] com.example.demo.frontend.UseCaseTest    : Starting UseCaseTest using Java 17.0.12 with PID 10160 (started by Janus in C:\Users\Janus\Documents\GitHub\PetLand\Proyecto\demo)
2024-10-28T11:28:06.396-05:00  INFO 10160 --- [demo] [main] com.example.demo.frontend.UseCaseTest    : The following 1 profile is active: "test"
2024-10-28T11:28:07.412-05:00  INFO 10160 --- [demo] [main] .s.d.r.c.RepositoryConfigurationDelegate : Bootstrapping Spring Data JPA repositories in DEFAULT mode.
2024-10-28T11:28:07.547-05:00  INFO 10160 --- [demo] [main] .s.d.r.c.RepositoryConfigurationDelegate : Finished Spring Data repository scanning in 120 ms. Found 6 JPA repository interfaces.
2024-10-28T11:28:08.537-05:00  INFO 10160 --- [demo] [main] o.s.b.w.embedded.tomcat.TomcatWebServer  : Tomcat initialized with port 8080 (http)
2024-10-28T11:28:08.565-05:00  INFO 10160 --- [demo] [main] o.apache.catalina.core.StandardService   : Starting service [Tomcat]
2024-10-28T11:28:08.566-05:00  INFO 10160 --- [demo] [main] o.apache.catalina.core.StandardEngine    : Starting Servlet engine: [Apache Tomcat/10.1.26]
2024-10-28T11:28:08.734-05:00  INFO 10160 --- [demo] [main] o.a.c.c.C.[Tomcat].[localhost].[/]       : Initializing Spring embedded WebApplicationContext
2024-10-28T11:28:08.735-05:00  INFO 10160 --- [demo] [main] w.s.c.ServletWebServerApplicationContext : Root WebApplicationContext: initialization completed in 2318 ms
2024-10-28T11:28:08.798-05:00  INFO 10160 --- [demo] [main] com.zaxxer.hikari.HikariDataSource       : HikariPool-1 - Starting...
2024-10-28T11:28:09.246-05:00  INFO 10160 --- [demo] [main] com.zaxxer.hikari.pool.HikariPool        : HikariPool-1 - Added connection conn0: url=jdbc:h2:mem:testdb user=SA
2024-10-28T11:28:09.249-05:00  INFO 10160 --- [demo] [main] com.zaxxer.hikari.HikariDataSource       : HikariPool-1 - Start completed.
2024-10-28T11:28:09.267-05:00  INFO 10160 --- [demo] [main] o.s.b.a.h2.H2ConsoleAutoConfiguration    : H2 console available at '/h2-console'. Database available at 'jdbc:h2:mem:testdb'
2024-10-28T11:28:09.549-05:00  INFO 10160 --- [demo] [main] o.hibernate.jpa.internal.util.LogHelper  : HHH000204: Processing PersistenceUnitInfo [name: default]
2024-10-28T11:28:09.697-05:00  INFO 10160 --- [demo] [main] org.hibernate.Version                    : HHH000412: Hibernate ORM core version 6.5.2.Final
2024-10-28T11:28:09.779-05:00  INFO 10160 --- [demo] [main] o.h.c.internal.RegionFactoryInitiator    : HHH000026: Second-level cache disabled
2024-10-28T11:28:10.601-05:00  INFO 10160 --- [demo] [main] o.s.o.j.p.SpringPersistenceUnitInfo      : No LoadTimeWeaver setup: ignoring JPA class transformer
2024-10-28T11:28:10.662-05:00  WARN 10160 --- [demo] [main] org.hibernate.orm.deprecation            : HHH90000025: H2Dialect does not need to be specified explicitly using 'hibernate.dialect' (remove the property setting and it will be selected by default)
2024-10-28T11:28:11.942-05:00  INFO 10160 --- [demo] [main] o.h.e.t.j.p.i.JtaPlatformInitiator       : HHH000489: No JTA platform available (set 'hibernate.transaction.jta.platform' to enable JTA platform integration)
2024-10-28T11:28:12.048-05:00  INFO 10160 --- [demo] [main] j.LocalContainerEntityManagerFactoryBean : Initialized JPA EntityManagerFactory for persistence unit 'default'
2024-10-28T11:28:12.683-05:00  INFO 10160 --- [demo] [main] o.s.d.j.r.query.QueryEnhancerFactory     : Hibernate is in classpath; If applicable, HQL parser will be used.
2024-10-28T11:28:14.546-05:00  WARN 10160 --- [demo] [main] JpaBaseConfiguration$JpaWebConfiguration : spring.jpa.open-in-view is enabled by default. Therefore, database queries may be performed during view rendering. Explicitly configure spring.jpa.open-in-view to disable this warning
2024-10-28T11:28:15.897-05:00  WARN 10160 --- [demo] [main] ion$DefaultTemplateResolverConfiguration : Cannot find template location: classpath:/templates/ (please add some templates, check your Thymeleaf configuration, or set spring.thymeleaf.check-template-location=false)
2024-10-28T11:28:16.608-05:00  INFO 10160 --- [demo] [main] o.s.b.w.embedded.tomcat.TomcatWebServer  : Tomcat started on port 8080 (http) with context path '/'
2024-10-28T11:28:16.624-05:00  INFO 10160 --- [demo] [main] com.example.demo.frontend.UseCaseTest    : Started UseCaseTest in 10.668 seconds (process running for 11.779)
2024-10-28T11:28:19.438-05:00  INFO 10160 --- [demo] [main] j.LocalContainerEntityManagerFactoryBean : Closing JPA EntityManagerFactory for persistence unit 'default'
2024-10-28T11:28:19.441-05:00  INFO 10160 --- [demo] [main] com.zaxxer.hikari.HikariDataSource       : HikariPool-1 - Shutdown initiated...
2024-10-28T11:28:19.444-05:00  INFO 10160 --- [demo] [main] com.zaxxer.hikari.HikariDataSource       : HikariPool-1 - Shutdown completed.
2024-10-28T11:28:19.454-05:00  INFO 10160 --- [demo] [main] o.s.b.d.r.RestartApplicationListener     : Restart disabled due to context in which it is running
2024-10-28T11:28:19.499-05:00  INFO 10160 --- [demo] [main] com.example.demo.frontend.UseCaseTest    : Starting UseCaseTest using Java 17.0.12 with PID 10160 (started by Janus in C:\Users\Janus\Documents\GitHub\PetLand\Proyecto\demo)
2024-10-28T11:28:19.500-05:00  INFO 10160 --- [demo] [main] com.example.demo.frontend.UseCaseTest    : The following 1 profile is active: "test"
2024-10-28T11:28:19.806-05:00  INFO 10160 --- [demo] [main] .s.d.r.c.RepositoryConfigurationDelegate : Bootstrapping Spring Data JPA repositories in DEFAULT mode.
2024-10-28T11:28:19.836-05:00  INFO 10160 --- [demo] [main] .s.d.r.c.RepositoryConfigurationDelegate : Finished Spring Data repository scanning in 29 ms. Found 6 JPA repository interfaces.
2024-10-28T11:28:19.927-05:00  INFO 10160 --- [demo] [main] o.s.b.w.embedded.tomcat.TomcatWebServer  : Tomcat initialized with port 8080 (http)
2024-10-28T11:28:19.928-05:00  INFO 10160 --- [demo] [main] o.apache.catalina.core.StandardService   : Starting service [Tomcat]
2024-10-28T11:28:19.929-05:00  INFO 10160 --- [demo] [main] o.apache.catalina.core.StandardEngine    : Starting Servlet engine: [Apache Tomcat/10.1.26]
2024-10-28T11:28:19.990-05:00  INFO 10160 --- [demo] [main] o.a.c.c.C.[Tomcat].[localhost].[/]       : Initializing Spring embedded WebApplicationContext
2024-10-28T11:28:19.990-05:00  INFO 10160 --- [demo] [main] w.s.c.ServletWebServerApplicationContext : Root WebApplicationContext: initialization completed in 486 ms
2024-10-28T11:28:20.004-05:00  INFO 10160 --- [demo] [main] com.zaxxer.hikari.HikariDataSource       : HikariPool-2 - Starting...
2024-10-28T11:28:20.006-05:00  INFO 10160 --- [demo] [main] com.zaxxer.hikari.pool.HikariPool        : HikariPool-2 - Added connection conn10: url=jdbc:h2:mem:testdb user=SA
2024-10-28T11:28:20.007-05:00  INFO 10160 --- [demo] [main] com.zaxxer.hikari.HikariDataSource       : HikariPool-2 - Start completed.
2024-10-28T11:28:20.008-05:00  INFO 10160 --- [demo] [main] o.s.b.a.h2.H2ConsoleAutoConfiguration    : H2 console available at '/h2-console'. Database available at 'jdbc:h2:mem:testdb'
2024-10-28T11:28:20.044-05:00  INFO 10160 --- [demo] [main] o.hibernate.jpa.internal.util.LogHelper  : HHH000204: Processing PersistenceUnitInfo [name: default]
2024-10-28T11:28:20.053-05:00  INFO 10160 --- [demo] [main] o.h.c.internal.RegionFactoryInitiator    : HHH000026: Second-level cache disabled
2024-10-28T11:28:20.097-05:00  INFO 10160 --- [demo] [main] o.s.o.j.p.SpringPersistenceUnitInfo      : No LoadTimeWeaver setup: ignoring JPA class transformer
2024-10-28T11:28:20.102-05:00  WARN 10160 --- [demo] [main] org.hibernate.orm.deprecation            : HHH90000025: H2Dialect does not need to be specified explicitly using 'hibernate.dialect' (remove the property setting and it will be selected by default)
2024-10-28T11:28:20.456-05:00  INFO 10160 --- [demo] [main] o.h.e.t.j.p.i.JtaPlatformInitiator       : HHH000489: No JTA platform available (set 'hibernate.transaction.jta.platform' to enable JTA platform integration)
2024-10-28T11:28:20.467-05:00  INFO 10160 --- [demo] [main] j.LocalContainerEntityManagerFactoryBean : Initialized JPA EntityManagerFactory for persistence unit 'default'
2024-10-28T11:28:20.805-05:00  WARN 10160 --- [demo] [main] JpaBaseConfiguration$JpaWebConfiguration : spring.jpa.open-in-view is enabled by default. Therefore, database queries may be performed during view rendering. Explicitly configure spring.jpa.open-in-view to disable this warning
2024-10-28T11:28:20.994-05:00  WARN 10160 --- [demo] [main] ion$DefaultTemplateResolverConfiguration : Cannot find template location: classpath:/templates/ (please add some templates, check your Thymeleaf configuration, or set spring.thymeleaf.check-template-location=false)
2024-10-28T11:28:21.071-05:00  INFO 10160 --- [demo] [main] o.s.b.w.embedded.tomcat.TomcatWebServer  : Tomcat started on port 8080 (http) with context path '/'
2024-10-28T11:28:21.079-05:00  INFO 10160 --- [demo] [main] com.example.demo.frontend.UseCaseTest    : Started UseCaseTest in 1.625 seconds (process running for 16.233)
2024-10-28T11:28:22.509-05:00  INFO 10160 --- [demo] [main] i.g.bonigarcia.wdm.WebDriverManager      : Using chromedriver 130.0.6723.69 (resolved driver for Chrome 130)
2024-10-28T11:28:22.557-05:00  INFO 10160 --- [demo] [main] i.g.bonigarcia.wdm.WebDriverManager      : Exporting webdriver.chrome.driver as C:\Users\Janus\.cache\selenium\chromedriver\win64\130.0.6723.69\chromedriver.exe
2024-10-28T11:28:23.629-05:00  WARN 10160 --- [demo] [main] o.o.selenium.devtools.CdpVersionFinder   : Unable to find CDP implementation matching 130
2024-10-28T11:28:23.630-05:00  WARN 10160 --- [demo] [main] o.o.selenium.chromium.ChromiumDriver     : Unable to find version of CDP to use for 130.0.6723.70. You may need to include a dependency on a specific version of the CDP using something similar to `org.seleniumhq.selenium:selenium-devtools-v86:4.19.1` where the version ("v86") matches the version of the chromium-based browser you're using and the version number of the artifact is the same as Selenium's.
2024-10-28T11:28:24.564-05:00  INFO 10160 --- [demo] [http-nio-8080-exec-1] o.a.c.c.C.[Tomcat].[localhost].[/]       : Initializing Spring DispatcherServlet 'dispatcherServlet'
2024-10-28T11:28:24.564-05:00  INFO 10160 --- [demo] [http-nio-8080-exec-1] o.s.web.servlet.DispatcherServlet        : Initializing Servlet 'dispatcherServlet'
2024-10-28T11:28:24.567-05:00  INFO 10160 --- [demo] [http-nio-8080-exec-1] o.s.web.servlet.DispatcherServlet        : Completed initialization in 3 ms
2024-10-28T11:28:29.366-05:00  INFO 10160 --- [demo] [SpringApplicationShutdownHook] j.LocalContainerEntityManagerFactoryBean : Closing JPA EntityManagerFactory for persistence unit 'default'
2024-10-28T11:28:29.368-05:00  INFO 10160 --- [demo] [SpringApplicationShutdownHook] com.zaxxer.hikari.HikariDataSource       : HikariPool-2 - Shutdown initiated...
2024-10-28T11:28:29.370-05:00  INFO 10160 --- [demo] [SpringApplicationShutdownHook] com.zaxxer.hikari.HikariDataSource       : HikariPool-2 - Shutdown completed.
2024-10-28T11:30:41.916-05:00  INFO 24420 --- [demo] [main] com.example.demo.frontend.UseCaseTest    : Starting UseCaseTest using Java 17.0.12 with PID 24420 (started by Janus in C:\Users\Janus\Documents\GitHub\PetLand\Proyecto\demo)
2024-10-28T11:30:41.919-05:00  INFO 24420 --- [demo] [main] com.example.demo.frontend.UseCaseTest    : The following 1 profile is active: "test"
2024-10-28T11:30:42.901-05:00  INFO 24420 --- [demo] [main] .s.d.r.c.RepositoryConfigurationDelegate : Bootstrapping Spring Data JPA repositories in DEFAULT mode.
2024-10-28T11:30:43.008-05:00  INFO 24420 --- [demo] [main] .s.d.r.c.RepositoryConfigurationDelegate : Finished Spring Data repository scanning in 91 ms. Found 6 JPA repository interfaces.
2024-10-28T11:30:44.020-05:00  INFO 24420 --- [demo] [main] o.s.b.w.embedded.tomcat.TomcatWebServer  : Tomcat initialized with port 8080 (http)
2024-10-28T11:30:44.041-05:00  INFO 24420 --- [demo] [main] o.apache.catalina.core.StandardService   : Starting service [Tomcat]
2024-10-28T11:30:44.042-05:00  INFO 24420 --- [demo] [main] o.apache.catalina.core.StandardEngine    : Starting Servlet engine: [Apache Tomcat/10.1.26]
2024-10-28T11:30:44.193-05:00  INFO 24420 --- [demo] [main] o.a.c.c.C.[Tomcat].[localhost].[/]       : Initializing Spring embedded WebApplicationContext
2024-10-28T11:30:44.194-05:00  INFO 24420 --- [demo] [main] w.s.c.ServletWebServerApplicationContext : Root WebApplicationContext: initialization completed in 2246 ms
2024-10-28T11:30:44.259-05:00  INFO 24420 --- [demo] [main] com.zaxxer.hikari.HikariDataSource       : HikariPool-1 - Starting...
2024-10-28T11:30:44.735-05:00  INFO 24420 --- [demo] [main] com.zaxxer.hikari.pool.HikariPool        : HikariPool-1 - Added connection conn0: url=jdbc:h2:mem:testdb user=SA
2024-10-28T11:30:44.749-05:00  INFO 24420 --- [demo] [main] com.zaxxer.hikari.HikariDataSource       : HikariPool-1 - Start completed.
2024-10-28T11:30:44.770-05:00  INFO 24420 --- [demo] [main] o.s.b.a.h2.H2ConsoleAutoConfiguration    : H2 console available at '/h2-console'. Database available at 'jdbc:h2:mem:testdb'
2024-10-28T11:30:45.258-05:00  INFO 24420 --- [demo] [main] o.hibernate.jpa.internal.util.LogHelper  : HHH000204: Processing PersistenceUnitInfo [name: default]
2024-10-28T11:30:45.450-05:00  INFO 24420 --- [demo] [main] org.hibernate.Version                    : HHH000412: Hibernate ORM core version 6.5.2.Final
2024-10-28T11:30:45.559-05:00  INFO 24420 --- [demo] [main] o.h.c.internal.RegionFactoryInitiator    : HHH000026: Second-level cache disabled
2024-10-28T11:30:46.265-05:00  INFO 24420 --- [demo] [main] o.s.o.j.p.SpringPersistenceUnitInfo      : No LoadTimeWeaver setup: ignoring JPA class transformer
2024-10-28T11:30:46.348-05:00  WARN 24420 --- [demo] [main] org.hibernate.orm.deprecation            : HHH90000025: H2Dialect does not need to be specified explicitly using 'hibernate.dialect' (remove the property setting and it will be selected by default)
2024-10-28T11:30:47.501-05:00  INFO 24420 --- [demo] [main] o.h.e.t.j.p.i.JtaPlatformInitiator       : HHH000489: No JTA platform available (set 'hibernate.transaction.jta.platform' to enable JTA platform integration)
2024-10-28T11:30:47.585-05:00  INFO 24420 --- [demo] [main] j.LocalContainerEntityManagerFactoryBean : Initialized JPA EntityManagerFactory for persistence unit 'default'
2024-10-28T11:30:47.929-05:00  INFO 24420 --- [demo] [main] o.s.d.j.r.query.QueryEnhancerFactory     : Hibernate is in classpath; If applicable, HQL parser will be used.
2024-10-28T11:30:49.390-05:00  WARN 24420 --- [demo] [main] JpaBaseConfiguration$JpaWebConfiguration : spring.jpa.open-in-view is enabled by default. Therefore, database queries may be performed during view rendering. Explicitly configure spring.jpa.open-in-view to disable this warning
2024-10-28T11:30:50.225-05:00  WARN 24420 --- [demo] [main] ion$DefaultTemplateResolverConfiguration : Cannot find template location: classpath:/templates/ (please add some templates, check your Thymeleaf configuration, or set spring.thymeleaf.check-template-location=false)
2024-10-28T11:30:50.884-05:00  WARN 24420 --- [demo] [main] ConfigServletWebServerApplicationContext : Exception encountered during context initialization - cancelling refresh attempt: org.springframework.context.ApplicationContextException: Failed to start bean 'webServerStartStop'
2024-10-28T11:30:50.888-05:00  INFO 24420 --- [demo] [main] j.LocalContainerEntityManagerFactoryBean : Closing JPA EntityManagerFactory for persistence unit 'default'
2024-10-28T11:30:50.893-05:00  INFO 24420 --- [demo] [main] com.zaxxer.hikari.HikariDataSource       : HikariPool-1 - Shutdown initiated...
2024-10-28T11:30:50.899-05:00  INFO 24420 --- [demo] [main] com.zaxxer.hikari.HikariDataSource       : HikariPool-1 - Shutdown completed.
2024-10-28T11:30:50.925-05:00  INFO 24420 --- [demo] [main] .s.b.a.l.ConditionEvaluationReportLogger : 

Error starting ApplicationContext. To display the condition evaluation report re-run your application with 'debug' enabled.
2024-10-28T11:30:50.948-05:00 ERROR 24420 --- [demo] [main] o.s.b.d.LoggingFailureAnalysisReporter   : 

***************************
APPLICATION FAILED TO START
***************************

Description:

Web server failed to start. Port 8080 was already in use.

Action:

Identify and stop the process that's listening on port 8080 or configure this application to listen on another port.

2024-10-28T11:30:50.959-05:00  WARN 24420 --- [demo] [main] o.s.test.context.TestContextManager      : Caught exception while allowing TestExecutionListener [org.springframework.test.context.support.DependencyInjectionTestExecutionListener] to prepare test instance [com.example.demo.frontend.UseCaseTest@1d73ddb0]

java.lang.IllegalStateException: Failed to load ApplicationContext for [WebMergedContextConfiguration@5fab1ec6 testClass = com.example.demo.frontend.UseCaseTest, locations = [], classes = [com.example.demo.DemoApplication], contextInitializerClasses = [], activeProfiles = ["test"], propertySourceDescriptors = [], propertySourceProperties = ["org.springframework.boot.test.context.SpringBootTestContextBootstrapper=true"], contextCustomizers = [org.springframework.boot.test.context.filter.ExcludeFilterContextCustomizer@563f38c4, org.springframework.boot.test.json.DuplicateJsonObjectContextCustomizerFactory$DuplicateJsonObjectContextCustomizer@7ef82753, org.springframework.boot.test.mock.mockito.MockitoContextCustomizer@0, org.springframework.boot.test.web.client.TestRestTemplateContextCustomizer@350aac89, org.springframework.boot.test.web.reactor.netty.DisableReactorResourceFactoryGlobalResourcesContextCustomizerFactory$DisableReactorResourceFactoryGlobalResourcesContextCustomizerCustomizer@606e4010, org.springframework.boot.test.autoconfigure.actuate.observability.ObservabilityContextCustomizerFactory$DisableObservabilityContextCustomizer@1f, org.springframework.boot.test.autoconfigure.properties.PropertyMappingContextCustomizer@0, org.springframework.boot.test.autoconfigure.web.servlet.WebDriverContextCustomizer@3e08ff24, org.springframework.boot.test.context.SpringBootTestAnnotation@225f5315], resourceBasePath = "src/main/webapp", contextLoader = org.springframework.boot.test.context.SpringBootContextLoader, parent = null]
	at org.springframework.test.context.cache.DefaultCacheAwareContextLoaderDelegate.loadContext(DefaultCacheAwareContextLoaderDelegate.java:180) ~[spring-test-6.1.11.jar:6.1.11]
	at org.springframework.test.context.support.DefaultTestContext.getApplicationContext(DefaultTestContext.java:130) ~[spring-test-6.1.11.jar:6.1.11]
	at org.springframework.test.context.support.DependencyInjectionTestExecutionListener.injectDependencies(DependencyInjectionTestExecutionListener.java:142) ~[spring-test-6.1.11.jar:6.1.11]
	at org.springframework.test.context.support.DependencyInjectionTestExecutionListener.prepareTestInstance(DependencyInjectionTestExecutionListener.java:98) ~[spring-test-6.1.11.jar:6.1.11]
	at org.springframework.test.context.TestContextManager.prepareTestInstance(TestContextManager.java:260) ~[spring-test-6.1.11.jar:6.1.11]
	at org.springframework.test.context.junit.jupiter.SpringExtension.postProcessTestInstance(SpringExtension.java:163) ~[spring-test-6.1.11.jar:6.1.11]
	at org.junit.jupiter.engine.descriptor.ClassBasedTestDescriptor.lambda$invokeTestInstancePostProcessors$10(ClassBasedTestDescriptor.java:378) ~[junit-jupiter-engine-5.10.3.jar:5.10.3]
	at org.junit.jupiter.engine.descriptor.ClassBasedTestDescriptor.executeAndMaskThrowable(ClassBasedTestDescriptor.java:383) ~[junit-jupiter-engine-5.10.3.jar:5.10.3]
	at org.junit.jupiter.engine.descriptor.ClassBasedTestDescriptor.lambda$invokeTestInstancePostProcessors$11(ClassBasedTestDescriptor.java:378) ~[junit-jupiter-engine-5.10.3.jar:5.10.3]
	at java.base/java.util.stream.ReferencePipeline$3$1.accept(ReferencePipeline.java:197) ~[na:na]
	at java.base/java.util.stream.ReferencePipeline$2$1.accept(ReferencePipeline.java:179) ~[na:na]
	at java.base/java.util.ArrayList$ArrayListSpliterator.forEachRemaining(ArrayList.java:1625) ~[na:na]
	at java.base/java.util.stream.AbstractPipeline.copyInto(AbstractPipeline.java:509) ~[na:na]
	at java.base/java.util.stream.AbstractPipeline.wrapAndCopyInto(AbstractPipeline.java:499) ~[na:na]
	at java.base/java.util.stream.StreamSpliterators$WrappingSpliterator.forEachRemaining(StreamSpliterators.java:310) ~[na:na]
	at java.base/java.util.stream.Streams$ConcatSpliterator.forEachRemaining(Streams.java:735) ~[na:na]
	at java.base/java.util.stream.Streams$ConcatSpliterator.forEachRemaining(Streams.java:734) ~[na:na]
	at java.base/java.util.stream.ReferencePipeline$Head.forEach(ReferencePipeline.java:762) ~[na:na]
	at org.junit.jupiter.engine.descriptor.ClassBasedTestDescriptor.invokeTestInstancePostProcessors(ClassBasedTestDescriptor.java:377) ~[junit-jupiter-engine-5.10.3.jar:5.10.3]
	at org.junit.jupiter.engine.descriptor.ClassBasedTestDescriptor.lambda$instantiateAndPostProcessTestInstance$6(ClassBasedTestDescriptor.java:290) ~[junit-jupiter-engine-5.10.3.jar:5.10.3]
	at org.junit.platform.engine.support.hierarchical.ThrowableCollector.execute(ThrowableCollector.java:73) ~[junit-platform-engine-1.10.3.jar:1.10.3]
	at org.junit.jupiter.engine.descriptor.ClassBasedTestDescriptor.instantiateAndPostProcessTestInstance(ClassBasedTestDescriptor.java:289) ~[junit-jupiter-engine-5.10.3.jar:5.10.3]
	at org.junit.jupiter.engine.descriptor.ClassBasedTestDescriptor.lambda$testInstancesProvider$4(ClassBasedTestDescriptor.java:279) ~[junit-jupiter-engine-5.10.3.jar:5.10.3]
	at java.base/java.util.Optional.orElseGet(Optional.java:364) ~[na:na]
	at org.junit.jupiter.engine.descriptor.ClassBasedTestDescriptor.lambda$testInstancesProvider$5(ClassBasedTestDescriptor.java:278) ~[junit-jupiter-engine-5.10.3.jar:5.10.3]
	at org.junit.jupiter.engine.execution.TestInstancesProvider.getTestInstances(TestInstancesProvider.java:31) ~[junit-jupiter-engine-5.10.3.jar:5.10.3]
	at org.junit.jupiter.engine.descriptor.TestMethodTestDescriptor.lambda$prepare$0(TestMethodTestDescriptor.java:106) ~[junit-jupiter-engine-5.10.3.jar:5.10.3]
	at org.junit.platform.engine.support.hierarchical.ThrowableCollector.execute(ThrowableCollector.java:73) ~[junit-platform-engine-1.10.3.jar:1.10.3]
	at org.junit.jupiter.engine.descriptor.TestMethodTestDescriptor.prepare(TestMethodTestDescriptor.java:105) ~[junit-jupiter-engine-5.10.3.jar:5.10.3]
	at org.junit.jupiter.engine.descriptor.TestMethodTestDescriptor.prepare(TestMethodTestDescriptor.java:69) ~[junit-jupiter-engine-5.10.3.jar:5.10.3]
	at org.junit.platform.engine.support.hierarchical.NodeTestTask.lambda$prepare$2(NodeTestTask.java:123) ~[junit-platform-engine-1.10.3.jar:1.10.3]
	at org.junit.platform.engine.support.hierarchical.ThrowableCollector.execute(ThrowableCollector.java:73) ~[junit-platform-engine-1.10.3.jar:1.10.3]
	at org.junit.platform.engine.support.hierarchical.NodeTestTask.prepare(NodeTestTask.java:123) ~[junit-platform-engine-1.10.3.jar:1.10.3]
	at org.junit.platform.engine.support.hierarchical.NodeTestTask.execute(NodeTestTask.java:90) ~[junit-platform-engine-1.10.3.jar:1.10.3]
	at java.base/java.util.ArrayList.forEach(ArrayList.java:1511) ~[na:na]
	at org.junit.platform.engine.support.hierarchical.SameThreadHierarchicalTestExecutorService.invokeAll(SameThreadHierarchicalTestExecutorService.java:41) ~[junit-platform-engine-1.10.3.jar:1.10.3]
	at org.junit.platform.engine.support.hierarchical.NodeTestTask.lambda$executeRecursively$6(NodeTestTask.java:155) ~[junit-platform-engine-1.10.3.jar:1.10.3]
	at org.junit.platform.engine.support.hierarchical.ThrowableCollector.execute(ThrowableCollector.java:73) ~[junit-platform-engine-1.10.3.jar:1.10.3]
	at org.junit.platform.engine.support.hierarchical.NodeTestTask.lambda$executeRecursively$8(NodeTestTask.java:141) ~[junit-platform-engine-1.10.3.jar:1.10.3]
	at org.junit.platform.engine.support.hierarchical.Node.around(Node.java:137) ~[junit-platform-engine-1.10.3.jar:1.10.3]
	at org.junit.platform.engine.support.hierarchical.NodeTestTask.lambda$executeRecursively$9(NodeTestTask.java:139) ~[junit-platform-engine-1.10.3.jar:1.10.3]
	at org.junit.platform.engine.support.hierarchical.ThrowableCollector.execute(ThrowableCollector.java:73) ~[junit-platform-engine-1.10.3.jar:1.10.3]
	at org.junit.platform.engine.support.hierarchical.NodeTestTask.executeRecursively(NodeTestTask.java:138) ~[junit-platform-engine-1.10.3.jar:1.10.3]
	at org.junit.platform.engine.support.hierarchical.NodeTestTask.execute(NodeTestTask.java:95) ~[junit-platform-engine-1.10.3.jar:1.10.3]
	at java.base/java.util.ArrayList.forEach(ArrayList.java:1511) ~[na:na]
	at org.junit.platform.engine.support.hierarchical.SameThreadHierarchicalTestExecutorService.invokeAll(SameThreadHierarchicalTestExecutorService.java:41) ~[junit-platform-engine-1.10.3.jar:1.10.3]
	at org.junit.platform.engine.support.hierarchical.NodeTestTask.lambda$executeRecursively$6(NodeTestTask.java:155) ~[junit-platform-engine-1.10.3.jar:1.10.3]
	at org.junit.platform.engine.support.hierarchical.ThrowableCollector.execute(ThrowableCollector.java:73) ~[junit-platform-engine-1.10.3.jar:1.10.3]
	at org.junit.platform.engine.support.hierarchical.NodeTestTask.lambda$executeRecursively$8(NodeTestTask.java:141) ~[junit-platform-engine-1.10.3.jar:1.10.3]
	at org.junit.platform.engine.support.hierarchical.Node.around(Node.java:137) ~[junit-platform-engine-1.10.3.jar:1.10.3]
	at org.junit.platform.engine.support.hierarchical.NodeTestTask.lambda$executeRecursively$9(NodeTestTask.java:139) ~[junit-platform-engine-1.10.3.jar:1.10.3]
	at org.junit.platform.engine.support.hierarchical.ThrowableCollector.execute(ThrowableCollector.java:73) ~[junit-platform-engine-1.10.3.jar:1.10.3]
	at org.junit.platform.engine.support.hierarchical.NodeTestTask.executeRecursively(NodeTestTask.java:138) ~[junit-platform-engine-1.10.3.jar:1.10.3]
	at org.junit.platform.engine.support.hierarchical.NodeTestTask.execute(NodeTestTask.java:95) ~[junit-platform-engine-1.10.3.jar:1.10.3]
	at org.junit.platform.engine.support.hierarchical.SameThreadHierarchicalTestExecutorService.submit(SameThreadHierarchicalTestExecutorService.java:35) ~[junit-platform-engine-1.10.3.jar:1.10.3]
	at org.junit.platform.engine.support.hierarchical.HierarchicalTestExecutor.execute(HierarchicalTestExecutor.java:57) ~[junit-platform-engine-1.10.3.jar:1.10.3]
	at org.junit.platform.engine.support.hierarchical.HierarchicalTestEngine.execute(HierarchicalTestEngine.java:54) ~[junit-platform-engine-1.10.3.jar:1.10.3]
	at org.junit.platform.launcher.core.EngineExecutionOrchestrator.execute(EngineExecutionOrchestrator.java:198) ~[junit-platform-launcher-1.10.3.jar:1.10.3]
	at org.junit.platform.launcher.core.EngineExecutionOrchestrator.execute(EngineExecutionOrchestrator.java:169) ~[junit-platform-launcher-1.10.3.jar:1.10.3]
	at org.junit.platform.launcher.core.EngineExecutionOrchestrator.execute(EngineExecutionOrchestrator.java:93) ~[junit-platform-launcher-1.10.3.jar:1.10.3]
	at org.junit.platform.launcher.core.EngineExecutionOrchestrator.lambda$execute$0(EngineExecutionOrchestrator.java:58) ~[junit-platform-launcher-1.10.3.jar:1.10.3]
	at org.junit.platform.launcher.core.EngineExecutionOrchestrator.withInterceptedStreams(EngineExecutionOrchestrator.java:141) ~[junit-platform-launcher-1.10.3.jar:1.10.3]
	at org.junit.platform.launcher.core.EngineExecutionOrchestrator.execute(EngineExecutionOrchestrator.java:57) ~[junit-platform-launcher-1.10.3.jar:1.10.3]
	at org.junit.platform.launcher.core.DefaultLauncher.execute(DefaultLauncher.java:103) ~[junit-platform-launcher-1.10.3.jar:1.10.3]
	at org.junit.platform.launcher.core.DefaultLauncher.execute(DefaultLauncher.java:94) ~[junit-platform-launcher-1.10.3.jar:1.10.3]
	at org.junit.platform.launcher.core.DelegatingLauncher.execute(DelegatingLauncher.java:52) ~[junit-platform-launcher-1.10.3.jar:1.10.3]
	at org.junit.platform.launcher.core.SessionPerRequestLauncher.execute(SessionPerRequestLauncher.java:70) ~[junit-platform-launcher-1.10.3.jar:1.10.3]
	at org.eclipse.jdt.internal.junit5.runner.JUnit5TestReference.run(JUnit5TestReference.java:98) ~[.cp/:na]
	at org.eclipse.jdt.internal.junit.runner.TestExecution.run(TestExecution.java:40) ~[.cp/:na]
	at org.eclipse.jdt.internal.junit.runner.RemoteTestRunner.runTests(RemoteTestRunner.java:530) ~[.cp/:na]
	at org.eclipse.jdt.internal.junit.runner.RemoteTestRunner.runTests(RemoteTestRunner.java:758) ~[.cp/:na]
	at org.eclipse.jdt.internal.junit.runner.RemoteTestRunner.run(RemoteTestRunner.java:453) ~[.cp/:na]
	at org.eclipse.jdt.internal.junit.runner.RemoteTestRunner.main(RemoteTestRunner.java:211) ~[.cp/:na]
Caused by: org.springframework.context.ApplicationContextException: Failed to start bean 'webServerStartStop'
	at org.springframework.context.support.DefaultLifecycleProcessor.doStart(DefaultLifecycleProcessor.java:288) ~[spring-context-6.1.11.jar:6.1.11]
	at org.springframework.context.support.DefaultLifecycleProcessor$LifecycleGroup.start(DefaultLifecycleProcessor.java:469) ~[spring-context-6.1.11.jar:6.1.11]
	at java.base/java.lang.Iterable.forEach(Iterable.java:75) ~[na:na]
	at org.springframework.context.support.DefaultLifecycleProcessor.startBeans(DefaultLifecycleProcessor.java:257) ~[spring-context-6.1.11.jar:6.1.11]
	at org.springframework.context.support.DefaultLifecycleProcessor.onRefresh(DefaultLifecycleProcessor.java:202) ~[spring-context-6.1.11.jar:6.1.11]
	at org.springframework.context.support.AbstractApplicationContext.finishRefresh(AbstractApplicationContext.java:990) ~[spring-context-6.1.11.jar:6.1.11]
	at org.springframework.context.support.AbstractApplicationContext.refresh(AbstractApplicationContext.java:628) ~[spring-context-6.1.11.jar:6.1.11]
	at org.springframework.boot.web.servlet.context.ServletWebServerApplicationContext.refresh(ServletWebServerApplicationContext.java:146) ~[spring-boot-3.3.2.jar:3.3.2]
	at org.springframework.boot.SpringApplication.refresh(SpringApplication.java:754) ~[spring-boot-3.3.2.jar:3.3.2]
	at org.springframework.boot.SpringApplication.refreshContext(SpringApplication.java:456) ~[spring-boot-3.3.2.jar:3.3.2]
	at org.springframework.boot.SpringApplication.run(SpringApplication.java:335) ~[spring-boot-3.3.2.jar:3.3.2]
	at org.springframework.boot.test.context.SpringBootContextLoader.lambda$loadContext$3(SpringBootContextLoader.java:137) ~[spring-boot-test-3.3.2.jar:3.3.2]
	at org.springframework.util.function.ThrowingSupplier.get(ThrowingSupplier.java:58) ~[spring-core-6.1.11.jar:6.1.11]
	at org.springframework.util.function.ThrowingSupplier.get(ThrowingSupplier.java:46) ~[spring-core-6.1.11.jar:6.1.11]
	at org.springframework.boot.SpringApplication.withHook(SpringApplication.java:1463) ~[spring-boot-3.3.2.jar:3.3.2]
	at org.springframework.boot.test.context.SpringBootContextLoader$ContextLoaderHook.run(SpringBootContextLoader.java:553) ~[spring-boot-test-3.3.2.jar:3.3.2]
	at org.springframework.boot.test.context.SpringBootContextLoader.loadContext(SpringBootContextLoader.java:137) ~[spring-boot-test-3.3.2.jar:3.3.2]
	at org.springframework.boot.test.context.SpringBootContextLoader.loadContext(SpringBootContextLoader.java:108) ~[spring-boot-test-3.3.2.jar:3.3.2]
	at org.springframework.test.context.cache.DefaultCacheAwareContextLoaderDelegate.loadContextInternal(DefaultCacheAwareContextLoaderDelegate.java:225) ~[spring-test-6.1.11.jar:6.1.11]
	at org.springframework.test.context.cache.DefaultCacheAwareContextLoaderDelegate.loadContext(DefaultCacheAwareContextLoaderDelegate.java:152) ~[spring-test-6.1.11.jar:6.1.11]
	... 72 common frames omitted
Caused by: org.springframework.boot.web.server.PortInUseException: Port 8080 is already in use
	at org.springframework.boot.web.server.PortInUseException.lambda$throwIfPortBindingException$0(PortInUseException.java:70) ~[spring-boot-3.3.2.jar:3.3.2]
	at org.springframework.boot.web.server.PortInUseException.lambda$ifPortBindingException$1(PortInUseException.java:85) ~[spring-boot-3.3.2.jar:3.3.2]
	at org.springframework.boot.web.server.PortInUseException.ifCausedBy(PortInUseException.java:103) ~[spring-boot-3.3.2.jar:3.3.2]
	at org.springframework.boot.web.server.PortInUseException.ifPortBindingException(PortInUseException.java:82) ~[spring-boot-3.3.2.jar:3.3.2]
	at org.springframework.boot.web.server.PortInUseException.throwIfPortBindingException(PortInUseException.java:69) ~[spring-boot-3.3.2.jar:3.3.2]
	at org.springframework.boot.web.embedded.tomcat.TomcatWebServer.start(TomcatWebServer.java:250) ~[spring-boot-3.3.2.jar:3.3.2]
	at org.springframework.boot.web.servlet.context.WebServerStartStopLifecycle.start(WebServerStartStopLifecycle.java:44) ~[spring-boot-3.3.2.jar:3.3.2]
	at org.springframework.context.support.DefaultLifecycleProcessor.doStart(DefaultLifecycleProcessor.java:285) ~[spring-context-6.1.11.jar:6.1.11]
	... 91 common frames omitted
Caused by: java.lang.IllegalArgumentException: standardService.connector.startFailed
	at org.apache.catalina.core.StandardService.addConnector(StandardService.java:222) ~[tomcat-embed-core-10.1.26.jar:10.1.26]
	at org.springframework.boot.web.embedded.tomcat.TomcatWebServer.addPreviouslyRemovedConnectors(TomcatWebServer.java:310) ~[spring-boot-3.3.2.jar:3.3.2]
	at org.springframework.boot.web.embedded.tomcat.TomcatWebServer.start(TomcatWebServer.java:236) ~[spring-boot-3.3.2.jar:3.3.2]
	... 93 common frames omitted
Caused by: org.apache.catalina.LifecycleException: Protocol handler start failed
	at org.apache.catalina.connector.Connector.startInternal(Connector.java:1061) ~[tomcat-embed-core-10.1.26.jar:10.1.26]
	at org.apache.catalina.util.LifecycleBase.start(LifecycleBase.java:164) ~[tomcat-embed-core-10.1.26.jar:10.1.26]
	at org.apache.catalina.core.StandardService.addConnector(StandardService.java:219) ~[tomcat-embed-core-10.1.26.jar:10.1.26]
	... 95 common frames omitted
Caused by: java.net.BindException: Address already in use: bind
	at java.base/sun.nio.ch.Net.bind0(Native Method) ~[na:na]
	at java.base/sun.nio.ch.Net.bind(Net.java:555) ~[na:na]
	at java.base/sun.nio.ch.ServerSocketChannelImpl.netBind(ServerSocketChannelImpl.java:337) ~[na:na]
	at java.base/sun.nio.ch.ServerSocketChannelImpl.bind(ServerSocketChannelImpl.java:294) ~[na:na]
	at org.apache.tomcat.util.net.NioEndpoint.initServerSocket(NioEndpoint.java:239) ~[tomcat-embed-core-10.1.26.jar:10.1.26]
	at org.apache.tomcat.util.net.NioEndpoint.bind(NioEndpoint.java:194) ~[tomcat-embed-core-10.1.26.jar:10.1.26]
	at org.apache.tomcat.util.net.AbstractEndpoint.bindWithCleanup(AbstractEndpoint.java:1304) ~[tomcat-embed-core-10.1.26.jar:10.1.26]
	at org.apache.tomcat.util.net.AbstractEndpoint.start(AbstractEndpoint.java:1390) ~[tomcat-embed-core-10.1.26.jar:10.1.26]
	at org.apache.coyote.AbstractProtocol.start(AbstractProtocol.java:643) ~[tomcat-embed-core-10.1.26.jar:10.1.26]
	at org.apache.catalina.connector.Connector.startInternal(Connector.java:1058) ~[tomcat-embed-core-10.1.26.jar:10.1.26]
	... 97 common frames omitted

2024-10-28T11:33:37.343-05:00  INFO 3952 --- [demo] [main] com.example.demo.frontend.UseCaseTest    : Starting UseCaseTest using Java 17.0.12 with PID 3952 (started by Janus in C:\Users\Janus\Documents\GitHub\PetLand\Proyecto\demo)
2024-10-28T11:33:37.347-05:00  INFO 3952 --- [demo] [main] com.example.demo.frontend.UseCaseTest    : The following 1 profile is active: "test"
2024-10-28T11:33:38.424-05:00  INFO 3952 --- [demo] [main] .s.d.r.c.RepositoryConfigurationDelegate : Bootstrapping Spring Data JPA repositories in DEFAULT mode.
2024-10-28T11:33:38.578-05:00  INFO 3952 --- [demo] [main] .s.d.r.c.RepositoryConfigurationDelegate : Finished Spring Data repository scanning in 139 ms. Found 6 JPA repository interfaces.
2024-10-28T11:33:40.050-05:00  INFO 3952 --- [demo] [main] o.s.b.w.embedded.tomcat.TomcatWebServer  : Tomcat initialized with port 8080 (http)
2024-10-28T11:33:40.088-05:00  INFO 3952 --- [demo] [main] o.apache.catalina.core.StandardService   : Starting service [Tomcat]
2024-10-28T11:33:40.089-05:00  INFO 3952 --- [demo] [main] o.apache.catalina.core.StandardEngine    : Starting Servlet engine: [Apache Tomcat/10.1.26]
2024-10-28T11:33:40.196-05:00  INFO 18004 --- [demo] [main] com.example.demo.frontend.UseCaseTest    : Starting UseCaseTest using Java 17.0.12 with PID 18004 (started by Janus in C:\Users\Janus\Documents\GitHub\PetLand\Proyecto\demo)
2024-10-28T11:33:40.203-05:00  INFO 18004 --- [demo] [main] com.example.demo.frontend.UseCaseTest    : The following 1 profile is active: "test"
2024-10-28T11:33:40.392-05:00  INFO 3952 --- [demo] [main] o.a.c.c.C.[Tomcat].[localhost].[/]       : Initializing Spring embedded WebApplicationContext
2024-10-28T11:33:40.393-05:00  INFO 3952 --- [demo] [main] w.s.c.ServletWebServerApplicationContext : Root WebApplicationContext: initialization completed in 3021 ms
2024-10-28T11:33:40.483-05:00  INFO 3952 --- [demo] [main] com.zaxxer.hikari.HikariDataSource       : HikariPool-1 - Starting...
2024-10-28T11:33:41.050-05:00  INFO 3952 --- [demo] [main] com.zaxxer.hikari.pool.HikariPool        : HikariPool-1 - Added connection conn0: url=jdbc:h2:mem:testdb user=SA
2024-10-28T11:33:41.053-05:00  INFO 3952 --- [demo] [main] com.zaxxer.hikari.HikariDataSource       : HikariPool-1 - Start completed.
2024-10-28T11:33:41.076-05:00  INFO 3952 --- [demo] [main] o.s.b.a.h2.H2ConsoleAutoConfiguration    : H2 console available at '/h2-console'. Database available at 'jdbc:h2:mem:testdb'
2024-10-28T11:33:41.430-05:00  INFO 3952 --- [demo] [main] o.hibernate.jpa.internal.util.LogHelper  : HHH000204: Processing PersistenceUnitInfo [name: default]
2024-10-28T11:33:41.574-05:00  INFO 3952 --- [demo] [main] org.hibernate.Version                    : HHH000412: Hibernate ORM core version 6.5.2.Final
2024-10-28T11:33:41.658-05:00  INFO 3952 --- [demo] [main] o.h.c.internal.RegionFactoryInitiator    : HHH000026: Second-level cache disabled
2024-10-28T11:33:41.821-05:00  INFO 18004 --- [demo] [main] .s.d.r.c.RepositoryConfigurationDelegate : Bootstrapping Spring Data JPA repositories in DEFAULT mode.
2024-10-28T11:33:42.085-05:00  INFO 18004 --- [demo] [main] .s.d.r.c.RepositoryConfigurationDelegate : Finished Spring Data repository scanning in 242 ms. Found 6 JPA repository interfaces.
2024-10-28T11:33:42.603-05:00  INFO 3952 --- [demo] [main] o.s.o.j.p.SpringPersistenceUnitInfo      : No LoadTimeWeaver setup: ignoring JPA class transformer
2024-10-28T11:33:42.714-05:00  WARN 3952 --- [demo] [main] org.hibernate.orm.deprecation            : HHH90000025: H2Dialect does not need to be specified explicitly using 'hibernate.dialect' (remove the property setting and it will be selected by default)
2024-10-28T11:33:43.336-05:00  INFO 18004 --- [demo] [main] o.s.b.w.embedded.tomcat.TomcatWebServer  : Tomcat initialized with port 8080 (http)
2024-10-28T11:33:43.361-05:00  INFO 18004 --- [demo] [main] o.apache.catalina.core.StandardService   : Starting service [Tomcat]
2024-10-28T11:33:43.362-05:00  INFO 18004 --- [demo] [main] o.apache.catalina.core.StandardEngine    : Starting Servlet engine: [Apache Tomcat/10.1.26]
2024-10-28T11:33:43.520-05:00  INFO 18004 --- [demo] [main] o.a.c.c.C.[Tomcat].[localhost].[/]       : Initializing Spring embedded WebApplicationContext
2024-10-28T11:33:43.521-05:00  INFO 18004 --- [demo] [main] w.s.c.ServletWebServerApplicationContext : Root WebApplicationContext: initialization completed in 3259 ms
2024-10-28T11:33:43.593-05:00  INFO 18004 --- [demo] [main] com.zaxxer.hikari.HikariDataSource       : HikariPool-1 - Starting...
2024-10-28T11:33:44.055-05:00  INFO 18004 --- [demo] [main] com.zaxxer.hikari.pool.HikariPool        : HikariPool-1 - Added connection conn0: url=jdbc:h2:mem:testdb user=SA
2024-10-28T11:33:44.061-05:00  INFO 18004 --- [demo] [main] com.zaxxer.hikari.HikariDataSource       : HikariPool-1 - Start completed.
2024-10-28T11:33:44.093-05:00  INFO 18004 --- [demo] [main] o.s.b.a.h2.H2ConsoleAutoConfiguration    : H2 console available at '/h2-console'. Database available at 'jdbc:h2:mem:testdb'
2024-10-28T11:33:44.632-05:00  INFO 18004 --- [demo] [main] o.hibernate.jpa.internal.util.LogHelper  : HHH000204: Processing PersistenceUnitInfo [name: default]
2024-10-28T11:33:44.774-05:00  INFO 3952 --- [demo] [main] o.h.e.t.j.p.i.JtaPlatformInitiator       : HHH000489: No JTA platform available (set 'hibernate.transaction.jta.platform' to enable JTA platform integration)
2024-10-28T11:33:44.775-05:00  INFO 18004 --- [demo] [main] org.hibernate.Version                    : HHH000412: Hibernate ORM core version 6.5.2.Final
2024-10-28T11:33:44.846-05:00  INFO 18004 --- [demo] [main] o.h.c.internal.RegionFactoryInitiator    : HHH000026: Second-level cache disabled
2024-10-28T11:33:44.894-05:00  INFO 3952 --- [demo] [main] j.LocalContainerEntityManagerFactoryBean : Initialized JPA EntityManagerFactory for persistence unit 'default'
2024-10-28T11:33:45.749-05:00  INFO 3952 --- [demo] [main] o.s.d.j.r.query.QueryEnhancerFactory     : Hibernate is in classpath; If applicable, HQL parser will be used.
2024-10-28T11:33:45.795-05:00  INFO 18004 --- [demo] [main] o.s.o.j.p.SpringPersistenceUnitInfo      : No LoadTimeWeaver setup: ignoring JPA class transformer
2024-10-28T11:33:45.890-05:00  WARN 18004 --- [demo] [main] org.hibernate.orm.deprecation            : HHH90000025: H2Dialect does not need to be specified explicitly using 'hibernate.dialect' (remove the property setting and it will be selected by default)
2024-10-28T11:33:47.054-05:00  WARN 3952 --- [demo] [main] JpaBaseConfiguration$JpaWebConfiguration : spring.jpa.open-in-view is enabled by default. Therefore, database queries may be performed during view rendering. Explicitly configure spring.jpa.open-in-view to disable this warning
2024-10-28T11:33:48.013-05:00  WARN 3952 --- [demo] [main] ion$DefaultTemplateResolverConfiguration : Cannot find template location: classpath:/templates/ (please add some templates, check your Thymeleaf configuration, or set spring.thymeleaf.check-template-location=false)
2024-10-28T11:33:48.080-05:00  INFO 18004 --- [demo] [main] o.h.e.t.j.p.i.JtaPlatformInitiator       : HHH000489: No JTA platform available (set 'hibernate.transaction.jta.platform' to enable JTA platform integration)
2024-10-28T11:33:48.387-05:00  INFO 18004 --- [demo] [main] j.LocalContainerEntityManagerFactoryBean : Initialized JPA EntityManagerFactory for persistence unit 'default'
2024-10-28T11:33:49.108-05:00  INFO 3952 --- [demo] [main] o.s.b.w.embedded.tomcat.TomcatWebServer  : Tomcat started on port 8080 (http) with context path '/'
2024-10-28T11:33:49.126-05:00  INFO 3952 --- [demo] [main] com.example.demo.frontend.UseCaseTest    : Started UseCaseTest in 12.26 seconds (process running for 13.428)
2024-10-28T11:33:49.269-05:00  INFO 18004 --- [demo] [main] o.s.d.j.r.query.QueryEnhancerFactory     : Hibernate is in classpath; If applicable, HQL parser will be used.
2024-10-28T11:33:51.147-05:00  WARN 18004 --- [demo] [main] JpaBaseConfiguration$JpaWebConfiguration : spring.jpa.open-in-view is enabled by default. Therefore, database queries may be performed during view rendering. Explicitly configure spring.jpa.open-in-view to disable this warning
2024-10-28T11:33:51.964-05:00  WARN 18004 --- [demo] [main] ion$DefaultTemplateResolverConfiguration : Cannot find template location: classpath:/templates/ (please add some templates, check your Thymeleaf configuration, or set spring.thymeleaf.check-template-location=false)
2024-10-28T11:33:52.855-05:00  WARN 18004 --- [demo] [main] ConfigServletWebServerApplicationContext : Exception encountered during context initialization - cancelling refresh attempt: org.springframework.context.ApplicationContextException: Failed to start bean 'webServerStartStop'
2024-10-28T11:33:52.860-05:00  INFO 18004 --- [demo] [main] j.LocalContainerEntityManagerFactoryBean : Closing JPA EntityManagerFactory for persistence unit 'default'
2024-10-28T11:33:52.866-05:00  INFO 18004 --- [demo] [main] com.zaxxer.hikari.HikariDataSource       : HikariPool-1 - Shutdown initiated...
2024-10-28T11:33:52.872-05:00  INFO 18004 --- [demo] [main] com.zaxxer.hikari.HikariDataSource       : HikariPool-1 - Shutdown completed.
2024-10-28T11:33:52.897-05:00  INFO 18004 --- [demo] [main] .s.b.a.l.ConditionEvaluationReportLogger : 

Error starting ApplicationContext. To display the condition evaluation report re-run your application with 'debug' enabled.
2024-10-28T11:33:52.926-05:00 ERROR 18004 --- [demo] [main] o.s.b.d.LoggingFailureAnalysisReporter   : 

***************************
APPLICATION FAILED TO START
***************************

Description:

Web server failed to start. Port 8080 was already in use.

Action:

Identify and stop the process that's listening on port 8080 or configure this application to listen on another port.

2024-10-28T11:33:52.944-05:00  WARN 18004 --- [demo] [main] o.s.test.context.TestContextManager      : Caught exception while allowing TestExecutionListener [org.springframework.test.context.support.DependencyInjectionTestExecutionListener] to prepare test instance [com.example.demo.frontend.UseCaseTest@229cf4e7]

java.lang.IllegalStateException: Failed to load ApplicationContext for [WebMergedContextConfiguration@790bcc24 testClass = com.example.demo.frontend.UseCaseTest, locations = [], classes = [com.example.demo.DemoApplication], contextInitializerClasses = [], activeProfiles = ["test"], propertySourceDescriptors = [], propertySourceProperties = ["org.springframework.boot.test.context.SpringBootTestContextBootstrapper=true"], contextCustomizers = [org.springframework.boot.test.context.filter.ExcludeFilterContextCustomizer@563f38c4, org.springframework.boot.test.json.DuplicateJsonObjectContextCustomizerFactory$DuplicateJsonObjectContextCustomizer@7ef82753, org.springframework.boot.test.mock.mockito.MockitoContextCustomizer@0, org.springframework.boot.test.web.client.TestRestTemplateContextCustomizer@350aac89, org.springframework.boot.test.web.reactor.netty.DisableReactorResourceFactoryGlobalResourcesContextCustomizerFactory$DisableReactorResourceFactoryGlobalResourcesContextCustomizerCustomizer@606e4010, org.springframework.boot.test.autoconfigure.actuate.observability.ObservabilityContextCustomizerFactory$DisableObservabilityContextCustomizer@1f, org.springframework.boot.test.autoconfigure.properties.PropertyMappingContextCustomizer@0, org.springframework.boot.test.autoconfigure.web.servlet.WebDriverContextCustomizer@3e08ff24, org.springframework.boot.test.context.SpringBootTestAnnotation@225f5315], resourceBasePath = "src/main/webapp", contextLoader = org.springframework.boot.test.context.SpringBootContextLoader, parent = null]
	at org.springframework.test.context.cache.DefaultCacheAwareContextLoaderDelegate.loadContext(DefaultCacheAwareContextLoaderDelegate.java:180) ~[spring-test-6.1.11.jar:6.1.11]
	at org.springframework.test.context.support.DefaultTestContext.getApplicationContext(DefaultTestContext.java:130) ~[spring-test-6.1.11.jar:6.1.11]
	at org.springframework.test.context.support.DependencyInjectionTestExecutionListener.injectDependencies(DependencyInjectionTestExecutionListener.java:142) ~[spring-test-6.1.11.jar:6.1.11]
	at org.springframework.test.context.support.DependencyInjectionTestExecutionListener.prepareTestInstance(DependencyInjectionTestExecutionListener.java:98) ~[spring-test-6.1.11.jar:6.1.11]
	at org.springframework.test.context.TestContextManager.prepareTestInstance(TestContextManager.java:260) ~[spring-test-6.1.11.jar:6.1.11]
	at org.springframework.test.context.junit.jupiter.SpringExtension.postProcessTestInstance(SpringExtension.java:163) ~[spring-test-6.1.11.jar:6.1.11]
	at org.junit.jupiter.engine.descriptor.ClassBasedTestDescriptor.lambda$invokeTestInstancePostProcessors$10(ClassBasedTestDescriptor.java:378) ~[junit-jupiter-engine-5.10.3.jar:5.10.3]
	at org.junit.jupiter.engine.descriptor.ClassBasedTestDescriptor.executeAndMaskThrowable(ClassBasedTestDescriptor.java:383) ~[junit-jupiter-engine-5.10.3.jar:5.10.3]
	at org.junit.jupiter.engine.descriptor.ClassBasedTestDescriptor.lambda$invokeTestInstancePostProcessors$11(ClassBasedTestDescriptor.java:378) ~[junit-jupiter-engine-5.10.3.jar:5.10.3]
	at java.base/java.util.stream.ReferencePipeline$3$1.accept(ReferencePipeline.java:197) ~[na:na]
	at java.base/java.util.stream.ReferencePipeline$2$1.accept(ReferencePipeline.java:179) ~[na:na]
	at java.base/java.util.ArrayList$ArrayListSpliterator.forEachRemaining(ArrayList.java:1625) ~[na:na]
	at java.base/java.util.stream.AbstractPipeline.copyInto(AbstractPipeline.java:509) ~[na:na]
	at java.base/java.util.stream.AbstractPipeline.wrapAndCopyInto(AbstractPipeline.java:499) ~[na:na]
	at java.base/java.util.stream.StreamSpliterators$WrappingSpliterator.forEachRemaining(StreamSpliterators.java:310) ~[na:na]
	at java.base/java.util.stream.Streams$ConcatSpliterator.forEachRemaining(Streams.java:735) ~[na:na]
	at java.base/java.util.stream.Streams$ConcatSpliterator.forEachRemaining(Streams.java:734) ~[na:na]
	at java.base/java.util.stream.ReferencePipeline$Head.forEach(ReferencePipeline.java:762) ~[na:na]
	at org.junit.jupiter.engine.descriptor.ClassBasedTestDescriptor.invokeTestInstancePostProcessors(ClassBasedTestDescriptor.java:377) ~[junit-jupiter-engine-5.10.3.jar:5.10.3]
	at org.junit.jupiter.engine.descriptor.ClassBasedTestDescriptor.lambda$instantiateAndPostProcessTestInstance$6(ClassBasedTestDescriptor.java:290) ~[junit-jupiter-engine-5.10.3.jar:5.10.3]
	at org.junit.platform.engine.support.hierarchical.ThrowableCollector.execute(ThrowableCollector.java:73) ~[junit-platform-engine-1.10.3.jar:1.10.3]
	at org.junit.jupiter.engine.descriptor.ClassBasedTestDescriptor.instantiateAndPostProcessTestInstance(ClassBasedTestDescriptor.java:289) ~[junit-jupiter-engine-5.10.3.jar:5.10.3]
	at org.junit.jupiter.engine.descriptor.ClassBasedTestDescriptor.lambda$testInstancesProvider$4(ClassBasedTestDescriptor.java:279) ~[junit-jupiter-engine-5.10.3.jar:5.10.3]
	at java.base/java.util.Optional.orElseGet(Optional.java:364) ~[na:na]
	at org.junit.jupiter.engine.descriptor.ClassBasedTestDescriptor.lambda$testInstancesProvider$5(ClassBasedTestDescriptor.java:278) ~[junit-jupiter-engine-5.10.3.jar:5.10.3]
	at org.junit.jupiter.engine.execution.TestInstancesProvider.getTestInstances(TestInstancesProvider.java:31) ~[junit-jupiter-engine-5.10.3.jar:5.10.3]
	at org.junit.jupiter.engine.descriptor.TestMethodTestDescriptor.lambda$prepare$0(TestMethodTestDescriptor.java:106) ~[junit-jupiter-engine-5.10.3.jar:5.10.3]
	at org.junit.platform.engine.support.hierarchical.ThrowableCollector.execute(ThrowableCollector.java:73) ~[junit-platform-engine-1.10.3.jar:1.10.3]
	at org.junit.jupiter.engine.descriptor.TestMethodTestDescriptor.prepare(TestMethodTestDescriptor.java:105) ~[junit-jupiter-engine-5.10.3.jar:5.10.3]
	at org.junit.jupiter.engine.descriptor.TestMethodTestDescriptor.prepare(TestMethodTestDescriptor.java:69) ~[junit-jupiter-engine-5.10.3.jar:5.10.3]
	at org.junit.platform.engine.support.hierarchical.NodeTestTask.lambda$prepare$2(NodeTestTask.java:123) ~[junit-platform-engine-1.10.3.jar:1.10.3]
	at org.junit.platform.engine.support.hierarchical.ThrowableCollector.execute(ThrowableCollector.java:73) ~[junit-platform-engine-1.10.3.jar:1.10.3]
	at org.junit.platform.engine.support.hierarchical.NodeTestTask.prepare(NodeTestTask.java:123) ~[junit-platform-engine-1.10.3.jar:1.10.3]
	at org.junit.platform.engine.support.hierarchical.NodeTestTask.execute(NodeTestTask.java:90) ~[junit-platform-engine-1.10.3.jar:1.10.3]
	at java.base/java.util.ArrayList.forEach(ArrayList.java:1511) ~[na:na]
	at org.junit.platform.engine.support.hierarchical.SameThreadHierarchicalTestExecutorService.invokeAll(SameThreadHierarchicalTestExecutorService.java:41) ~[junit-platform-engine-1.10.3.jar:1.10.3]
	at org.junit.platform.engine.support.hierarchical.NodeTestTask.lambda$executeRecursively$6(NodeTestTask.java:155) ~[junit-platform-engine-1.10.3.jar:1.10.3]
	at org.junit.platform.engine.support.hierarchical.ThrowableCollector.execute(ThrowableCollector.java:73) ~[junit-platform-engine-1.10.3.jar:1.10.3]
	at org.junit.platform.engine.support.hierarchical.NodeTestTask.lambda$executeRecursively$8(NodeTestTask.java:141) ~[junit-platform-engine-1.10.3.jar:1.10.3]
	at org.junit.platform.engine.support.hierarchical.Node.around(Node.java:137) ~[junit-platform-engine-1.10.3.jar:1.10.3]
	at org.junit.platform.engine.support.hierarchical.NodeTestTask.lambda$executeRecursively$9(NodeTestTask.java:139) ~[junit-platform-engine-1.10.3.jar:1.10.3]
	at org.junit.platform.engine.support.hierarchical.ThrowableCollector.execute(ThrowableCollector.java:73) ~[junit-platform-engine-1.10.3.jar:1.10.3]
	at org.junit.platform.engine.support.hierarchical.NodeTestTask.executeRecursively(NodeTestTask.java:138) ~[junit-platform-engine-1.10.3.jar:1.10.3]
	at org.junit.platform.engine.support.hierarchical.NodeTestTask.execute(NodeTestTask.java:95) ~[junit-platform-engine-1.10.3.jar:1.10.3]
	at java.base/java.util.ArrayList.forEach(ArrayList.java:1511) ~[na:na]
	at org.junit.platform.engine.support.hierarchical.SameThreadHierarchicalTestExecutorService.invokeAll(SameThreadHierarchicalTestExecutorService.java:41) ~[junit-platform-engine-1.10.3.jar:1.10.3]
	at org.junit.platform.engine.support.hierarchical.NodeTestTask.lambda$executeRecursively$6(NodeTestTask.java:155) ~[junit-platform-engine-1.10.3.jar:1.10.3]
	at org.junit.platform.engine.support.hierarchical.ThrowableCollector.execute(ThrowableCollector.java:73) ~[junit-platform-engine-1.10.3.jar:1.10.3]
	at org.junit.platform.engine.support.hierarchical.NodeTestTask.lambda$executeRecursively$8(NodeTestTask.java:141) ~[junit-platform-engine-1.10.3.jar:1.10.3]
	at org.junit.platform.engine.support.hierarchical.Node.around(Node.java:137) ~[junit-platform-engine-1.10.3.jar:1.10.3]
	at org.junit.platform.engine.support.hierarchical.NodeTestTask.lambda$executeRecursively$9(NodeTestTask.java:139) ~[junit-platform-engine-1.10.3.jar:1.10.3]
	at org.junit.platform.engine.support.hierarchical.ThrowableCollector.execute(ThrowableCollector.java:73) ~[junit-platform-engine-1.10.3.jar:1.10.3]
	at org.junit.platform.engine.support.hierarchical.NodeTestTask.executeRecursively(NodeTestTask.java:138) ~[junit-platform-engine-1.10.3.jar:1.10.3]
	at org.junit.platform.engine.support.hierarchical.NodeTestTask.execute(NodeTestTask.java:95) ~[junit-platform-engine-1.10.3.jar:1.10.3]
	at org.junit.platform.engine.support.hierarchical.SameThreadHierarchicalTestExecutorService.submit(SameThreadHierarchicalTestExecutorService.java:35) ~[junit-platform-engine-1.10.3.jar:1.10.3]
	at org.junit.platform.engine.support.hierarchical.HierarchicalTestExecutor.execute(HierarchicalTestExecutor.java:57) ~[junit-platform-engine-1.10.3.jar:1.10.3]
	at org.junit.platform.engine.support.hierarchical.HierarchicalTestEngine.execute(HierarchicalTestEngine.java:54) ~[junit-platform-engine-1.10.3.jar:1.10.3]
	at org.junit.platform.launcher.core.EngineExecutionOrchestrator.execute(EngineExecutionOrchestrator.java:198) ~[junit-platform-launcher-1.10.3.jar:1.10.3]
	at org.junit.platform.launcher.core.EngineExecutionOrchestrator.execute(EngineExecutionOrchestrator.java:169) ~[junit-platform-launcher-1.10.3.jar:1.10.3]
	at org.junit.platform.launcher.core.EngineExecutionOrchestrator.execute(EngineExecutionOrchestrator.java:93) ~[junit-platform-launcher-1.10.3.jar:1.10.3]
	at org.junit.platform.launcher.core.EngineExecutionOrchestrator.lambda$execute$0(EngineExecutionOrchestrator.java:58) ~[junit-platform-launcher-1.10.3.jar:1.10.3]
	at org.junit.platform.launcher.core.EngineExecutionOrchestrator.withInterceptedStreams(EngineExecutionOrchestrator.java:141) ~[junit-platform-launcher-1.10.3.jar:1.10.3]
	at org.junit.platform.launcher.core.EngineExecutionOrchestrator.execute(EngineExecutionOrchestrator.java:57) ~[junit-platform-launcher-1.10.3.jar:1.10.3]
	at org.junit.platform.launcher.core.DefaultLauncher.execute(DefaultLauncher.java:103) ~[junit-platform-launcher-1.10.3.jar:1.10.3]
	at org.junit.platform.launcher.core.DefaultLauncher.execute(DefaultLauncher.java:94) ~[junit-platform-launcher-1.10.3.jar:1.10.3]
	at org.junit.platform.launcher.core.DelegatingLauncher.execute(DelegatingLauncher.java:52) ~[junit-platform-launcher-1.10.3.jar:1.10.3]
	at org.junit.platform.launcher.core.SessionPerRequestLauncher.execute(SessionPerRequestLauncher.java:70) ~[junit-platform-launcher-1.10.3.jar:1.10.3]
	at org.eclipse.jdt.internal.junit5.runner.JUnit5TestReference.run(JUnit5TestReference.java:98) ~[.cp/:na]
	at org.eclipse.jdt.internal.junit.runner.TestExecution.run(TestExecution.java:40) ~[.cp/:na]
	at org.eclipse.jdt.internal.junit.runner.RemoteTestRunner.runTests(RemoteTestRunner.java:530) ~[.cp/:na]
	at org.eclipse.jdt.internal.junit.runner.RemoteTestRunner.runTests(RemoteTestRunner.java:758) ~[.cp/:na]
	at org.eclipse.jdt.internal.junit.runner.RemoteTestRunner.run(RemoteTestRunner.java:453) ~[.cp/:na]
	at org.eclipse.jdt.internal.junit.runner.RemoteTestRunner.main(RemoteTestRunner.java:211) ~[.cp/:na]
Caused by: org.springframework.context.ApplicationContextException: Failed to start bean 'webServerStartStop'
	at org.springframework.context.support.DefaultLifecycleProcessor.doStart(DefaultLifecycleProcessor.java:288) ~[spring-context-6.1.11.jar:6.1.11]
	at org.springframework.context.support.DefaultLifecycleProcessor$LifecycleGroup.start(DefaultLifecycleProcessor.java:469) ~[spring-context-6.1.11.jar:6.1.11]
	at java.base/java.lang.Iterable.forEach(Iterable.java:75) ~[na:na]
	at org.springframework.context.support.DefaultLifecycleProcessor.startBeans(DefaultLifecycleProcessor.java:257) ~[spring-context-6.1.11.jar:6.1.11]
	at org.springframework.context.support.DefaultLifecycleProcessor.onRefresh(DefaultLifecycleProcessor.java:202) ~[spring-context-6.1.11.jar:6.1.11]
	at org.springframework.context.support.AbstractApplicationContext.finishRefresh(AbstractApplicationContext.java:990) ~[spring-context-6.1.11.jar:6.1.11]
	at org.springframework.context.support.AbstractApplicationContext.refresh(AbstractApplicationContext.java:628) ~[spring-context-6.1.11.jar:6.1.11]
	at org.springframework.boot.web.servlet.context.ServletWebServerApplicationContext.refresh(ServletWebServerApplicationContext.java:146) ~[spring-boot-3.3.2.jar:3.3.2]
	at org.springframework.boot.SpringApplication.refresh(SpringApplication.java:754) ~[spring-boot-3.3.2.jar:3.3.2]
	at org.springframework.boot.SpringApplication.refreshContext(SpringApplication.java:456) ~[spring-boot-3.3.2.jar:3.3.2]
	at org.springframework.boot.SpringApplication.run(SpringApplication.java:335) ~[spring-boot-3.3.2.jar:3.3.2]
	at org.springframework.boot.test.context.SpringBootContextLoader.lambda$loadContext$3(SpringBootContextLoader.java:137) ~[spring-boot-test-3.3.2.jar:3.3.2]
	at org.springframework.util.function.ThrowingSupplier.get(ThrowingSupplier.java:58) ~[spring-core-6.1.11.jar:6.1.11]
	at org.springframework.util.function.ThrowingSupplier.get(ThrowingSupplier.java:46) ~[spring-core-6.1.11.jar:6.1.11]
	at org.springframework.boot.SpringApplication.withHook(SpringApplication.java:1463) ~[spring-boot-3.3.2.jar:3.3.2]
	at org.springframework.boot.test.context.SpringBootContextLoader$ContextLoaderHook.run(SpringBootContextLoader.java:553) ~[spring-boot-test-3.3.2.jar:3.3.2]
	at org.springframework.boot.test.context.SpringBootContextLoader.loadContext(SpringBootContextLoader.java:137) ~[spring-boot-test-3.3.2.jar:3.3.2]
	at org.springframework.boot.test.context.SpringBootContextLoader.loadContext(SpringBootContextLoader.java:108) ~[spring-boot-test-3.3.2.jar:3.3.2]
	at org.springframework.test.context.cache.DefaultCacheAwareContextLoaderDelegate.loadContextInternal(DefaultCacheAwareContextLoaderDelegate.java:225) ~[spring-test-6.1.11.jar:6.1.11]
	at org.springframework.test.context.cache.DefaultCacheAwareContextLoaderDelegate.loadContext(DefaultCacheAwareContextLoaderDelegate.java:152) ~[spring-test-6.1.11.jar:6.1.11]
	... 72 common frames omitted
Caused by: org.springframework.boot.web.server.PortInUseException: Port 8080 is already in use
	at org.springframework.boot.web.server.PortInUseException.lambda$throwIfPortBindingException$0(PortInUseException.java:70) ~[spring-boot-3.3.2.jar:3.3.2]
	at org.springframework.boot.web.server.PortInUseException.lambda$ifPortBindingException$1(PortInUseException.java:85) ~[spring-boot-3.3.2.jar:3.3.2]
	at org.springframework.boot.web.server.PortInUseException.ifCausedBy(PortInUseException.java:103) ~[spring-boot-3.3.2.jar:3.3.2]
	at org.springframework.boot.web.server.PortInUseException.ifPortBindingException(PortInUseException.java:82) ~[spring-boot-3.3.2.jar:3.3.2]
	at org.springframework.boot.web.server.PortInUseException.throwIfPortBindingException(PortInUseException.java:69) ~[spring-boot-3.3.2.jar:3.3.2]
	at org.springframework.boot.web.embedded.tomcat.TomcatWebServer.start(TomcatWebServer.java:250) ~[spring-boot-3.3.2.jar:3.3.2]
	at org.springframework.boot.web.servlet.context.WebServerStartStopLifecycle.start(WebServerStartStopLifecycle.java:44) ~[spring-boot-3.3.2.jar:3.3.2]
	at org.springframework.context.support.DefaultLifecycleProcessor.doStart(DefaultLifecycleProcessor.java:285) ~[spring-context-6.1.11.jar:6.1.11]
	... 91 common frames omitted
Caused by: java.lang.IllegalArgumentException: standardService.connector.startFailed
	at org.apache.catalina.core.StandardService.addConnector(StandardService.java:222) ~[tomcat-embed-core-10.1.26.jar:10.1.26]
	at org.springframework.boot.web.embedded.tomcat.TomcatWebServer.addPreviouslyRemovedConnectors(TomcatWebServer.java:310) ~[spring-boot-3.3.2.jar:3.3.2]
	at org.springframework.boot.web.embedded.tomcat.TomcatWebServer.start(TomcatWebServer.java:236) ~[spring-boot-3.3.2.jar:3.3.2]
	... 93 common frames omitted
Caused by: org.apache.catalina.LifecycleException: Protocol handler start failed
	at org.apache.catalina.connector.Connector.startInternal(Connector.java:1061) ~[tomcat-embed-core-10.1.26.jar:10.1.26]
	at org.apache.catalina.util.LifecycleBase.start(LifecycleBase.java:164) ~[tomcat-embed-core-10.1.26.jar:10.1.26]
	at org.apache.catalina.core.StandardService.addConnector(StandardService.java:219) ~[tomcat-embed-core-10.1.26.jar:10.1.26]
	... 95 common frames omitted
Caused by: java.net.BindException: Address already in use: bind
	at java.base/sun.nio.ch.Net.bind0(Native Method) ~[na:na]
	at java.base/sun.nio.ch.Net.bind(Net.java:555) ~[na:na]
	at java.base/sun.nio.ch.ServerSocketChannelImpl.netBind(ServerSocketChannelImpl.java:337) ~[na:na]
	at java.base/sun.nio.ch.ServerSocketChannelImpl.bind(ServerSocketChannelImpl.java:294) ~[na:na]
	at org.apache.tomcat.util.net.NioEndpoint.initServerSocket(NioEndpoint.java:239) ~[tomcat-embed-core-10.1.26.jar:10.1.26]
	at org.apache.tomcat.util.net.NioEndpoint.bind(NioEndpoint.java:194) ~[tomcat-embed-core-10.1.26.jar:10.1.26]
	at org.apache.tomcat.util.net.AbstractEndpoint.bindWithCleanup(AbstractEndpoint.java:1304) ~[tomcat-embed-core-10.1.26.jar:10.1.26]
	at org.apache.tomcat.util.net.AbstractEndpoint.start(AbstractEndpoint.java:1390) ~[tomcat-embed-core-10.1.26.jar:10.1.26]
	at org.apache.coyote.AbstractProtocol.start(AbstractProtocol.java:643) ~[tomcat-embed-core-10.1.26.jar:10.1.26]
	at org.apache.catalina.connector.Connector.startInternal(Connector.java:1058) ~[tomcat-embed-core-10.1.26.jar:10.1.26]
	... 97 common frames omitted

2024-10-28T11:33:53.618-05:00  INFO 3952 --- [demo] [main] j.LocalContainerEntityManagerFactoryBean : Closing JPA EntityManagerFactory for persistence unit 'default'
2024-10-28T11:33:53.624-05:00  INFO 3952 --- [demo] [main] com.zaxxer.hikari.HikariDataSource       : HikariPool-1 - Shutdown initiated...
2024-10-28T11:33:53.630-05:00  INFO 3952 --- [demo] [main] com.zaxxer.hikari.HikariDataSource       : HikariPool-1 - Shutdown completed.
2024-10-28T11:33:53.645-05:00  INFO 3952 --- [demo] [main] o.s.b.d.r.RestartApplicationListener     : Restart disabled due to context in which it is running
2024-10-28T11:33:53.704-05:00  INFO 3952 --- [demo] [main] com.example.demo.frontend.UseCaseTest    : Starting UseCaseTest using Java 17.0.12 with PID 3952 (started by Janus in C:\Users\Janus\Documents\GitHub\PetLand\Proyecto\demo)
2024-10-28T11:33:53.705-05:00  INFO 3952 --- [demo] [main] com.example.demo.frontend.UseCaseTest    : The following 1 profile is active: "test"
2024-10-28T11:33:54.061-05:00  INFO 3952 --- [demo] [main] .s.d.r.c.RepositoryConfigurationDelegate : Bootstrapping Spring Data JPA repositories in DEFAULT mode.
2024-10-28T11:33:54.098-05:00  INFO 3952 --- [demo] [main] .s.d.r.c.RepositoryConfigurationDelegate : Finished Spring Data repository scanning in 36 ms. Found 6 JPA repository interfaces.
2024-10-28T11:33:54.257-05:00  INFO 3952 --- [demo] [main] o.s.b.w.embedded.tomcat.TomcatWebServer  : Tomcat initialized with port 8080 (http)
2024-10-28T11:33:54.259-05:00  INFO 3952 --- [demo] [main] o.apache.catalina.core.StandardService   : Starting service [Tomcat]
2024-10-28T11:33:54.260-05:00  INFO 3952 --- [demo] [main] o.apache.catalina.core.StandardEngine    : Starting Servlet engine: [Apache Tomcat/10.1.26]
2024-10-28T11:33:54.325-05:00  INFO 3952 --- [demo] [main] o.a.c.c.C.[Tomcat].[localhost].[/]       : Initializing Spring embedded WebApplicationContext
2024-10-28T11:33:54.326-05:00  INFO 3952 --- [demo] [main] w.s.c.ServletWebServerApplicationContext : Root WebApplicationContext: initialization completed in 613 ms
2024-10-28T11:33:54.347-05:00  INFO 3952 --- [demo] [main] com.zaxxer.hikari.HikariDataSource       : HikariPool-2 - Starting...
2024-10-28T11:33:54.350-05:00  INFO 3952 --- [demo] [main] com.zaxxer.hikari.pool.HikariPool        : HikariPool-2 - Added connection conn10: url=jdbc:h2:mem:testdb user=SA
2024-10-28T11:33:54.351-05:00  INFO 3952 --- [demo] [main] com.zaxxer.hikari.HikariDataSource       : HikariPool-2 - Start completed.
2024-10-28T11:33:54.351-05:00  INFO 3952 --- [demo] [main] o.s.b.a.h2.H2ConsoleAutoConfiguration    : H2 console available at '/h2-console'. Database available at 'jdbc:h2:mem:testdb'
2024-10-28T11:33:54.396-05:00  INFO 3952 --- [demo] [main] o.hibernate.jpa.internal.util.LogHelper  : HHH000204: Processing PersistenceUnitInfo [name: default]
2024-10-28T11:33:54.407-05:00  INFO 3952 --- [demo] [main] o.h.c.internal.RegionFactoryInitiator    : HHH000026: Second-level cache disabled
2024-10-28T11:33:54.429-05:00  INFO 3952 --- [demo] [main] o.s.o.j.p.SpringPersistenceUnitInfo      : No LoadTimeWeaver setup: ignoring JPA class transformer
2024-10-28T11:33:54.433-05:00  WARN 3952 --- [demo] [main] org.hibernate.orm.deprecation            : HHH90000025: H2Dialect does not need to be specified explicitly using 'hibernate.dialect' (remove the property setting and it will be selected by default)
2024-10-28T11:33:54.611-05:00  INFO 3952 --- [demo] [main] o.h.e.t.j.p.i.JtaPlatformInitiator       : HHH000489: No JTA platform available (set 'hibernate.transaction.jta.platform' to enable JTA platform integration)
2024-10-28T11:33:54.625-05:00  INFO 3952 --- [demo] [main] j.LocalContainerEntityManagerFactoryBean : Initialized JPA EntityManagerFactory for persistence unit 'default'
2024-10-28T11:33:54.879-05:00  WARN 3952 --- [demo] [main] JpaBaseConfiguration$JpaWebConfiguration : spring.jpa.open-in-view is enabled by default. Therefore, database queries may be performed during view rendering. Explicitly configure spring.jpa.open-in-view to disable this warning
2024-10-28T11:33:55.112-05:00  WARN 3952 --- [demo] [main] ion$DefaultTemplateResolverConfiguration : Cannot find template location: classpath:/templates/ (please add some templates, check your Thymeleaf configuration, or set spring.thymeleaf.check-template-location=false)
2024-10-28T11:33:55.219-05:00  INFO 3952 --- [demo] [main] o.s.b.w.embedded.tomcat.TomcatWebServer  : Tomcat started on port 8080 (http) with context path '/'
2024-10-28T11:33:55.227-05:00  INFO 3952 --- [demo] [main] com.example.demo.frontend.UseCaseTest    : Started UseCaseTest in 1.582 seconds (process running for 19.528)
2024-10-28T11:33:56.784-05:00  INFO 3952 --- [demo] [main] i.g.bonigarcia.wdm.WebDriverManager      : Using chromedriver 130.0.6723.69 (resolved driver for Chrome 130)
2024-10-28T11:33:56.831-05:00  INFO 3952 --- [demo] [main] i.g.bonigarcia.wdm.WebDriverManager      : Exporting webdriver.chrome.driver as C:\Users\Janus\.cache\selenium\chromedriver\win64\130.0.6723.69\chromedriver.exe
2024-10-28T11:33:57.916-05:00  WARN 3952 --- [demo] [main] o.o.selenium.devtools.CdpVersionFinder   : Unable to find CDP implementation matching 130
2024-10-28T11:33:57.916-05:00  WARN 3952 --- [demo] [main] o.o.selenium.chromium.ChromiumDriver     : Unable to find version of CDP to use for 130.0.6723.70. You may need to include a dependency on a specific version of the CDP using something similar to `org.seleniumhq.selenium:selenium-devtools-v86:4.19.1` where the version ("v86") matches the version of the chromium-based browser you're using and the version number of the artifact is the same as Selenium's.
2024-10-28T11:33:58.778-05:00  INFO 3952 --- [demo] [http-nio-8080-exec-2] o.a.c.c.C.[Tomcat].[localhost].[/]       : Initializing Spring DispatcherServlet 'dispatcherServlet'
2024-10-28T11:33:58.778-05:00  INFO 3952 --- [demo] [http-nio-8080-exec-2] o.s.web.servlet.DispatcherServlet        : Initializing Servlet 'dispatcherServlet'
2024-10-28T11:33:58.782-05:00  INFO 3952 --- [demo] [http-nio-8080-exec-2] o.s.web.servlet.DispatcherServlet        : Completed initialization in 2 ms
2024-10-28T11:34:02.031-05:00  INFO 3952 --- [demo] [SpringApplicationShutdownHook] j.LocalContainerEntityManagerFactoryBean : Closing JPA EntityManagerFactory for persistence unit 'default'
2024-10-28T11:34:02.032-05:00  INFO 3952 --- [demo] [SpringApplicationShutdownHook] com.zaxxer.hikari.HikariDataSource       : HikariPool-2 - Shutdown initiated...
2024-10-28T11:34:02.035-05:00  INFO 3952 --- [demo] [SpringApplicationShutdownHook] com.zaxxer.hikari.HikariDataSource       : HikariPool-2 - Shutdown completed.
2024-10-28T11:34:42.474-05:00  INFO 17516 --- [demo] [main] com.example.demo.frontend.UseCaseTest    : Starting UseCaseTest using Java 17.0.12 with PID 17516 (started by Janus in C:\Users\Janus\Documents\GitHub\PetLand\Proyecto\demo)
2024-10-28T11:34:42.476-05:00  INFO 17516 --- [demo] [main] com.example.demo.frontend.UseCaseTest    : The following 1 profile is active: "test"
2024-10-28T11:34:43.348-05:00  INFO 17516 --- [demo] [main] .s.d.r.c.RepositoryConfigurationDelegate : Bootstrapping Spring Data JPA repositories in DEFAULT mode.
2024-10-28T11:34:43.463-05:00  INFO 17516 --- [demo] [main] .s.d.r.c.RepositoryConfigurationDelegate : Finished Spring Data repository scanning in 95 ms. Found 6 JPA repository interfaces.
2024-10-28T11:34:44.490-05:00  INFO 17516 --- [demo] [main] o.s.b.w.embedded.tomcat.TomcatWebServer  : Tomcat initialized with port 8080 (http)
2024-10-28T11:34:44.520-05:00  INFO 17516 --- [demo] [main] o.apache.catalina.core.StandardService   : Starting service [Tomcat]
2024-10-28T11:34:44.522-05:00  INFO 17516 --- [demo] [main] o.apache.catalina.core.StandardEngine    : Starting Servlet engine: [Apache Tomcat/10.1.26]
2024-10-28T11:34:44.673-05:00  INFO 17516 --- [demo] [main] o.a.c.c.C.[Tomcat].[localhost].[/]       : Initializing Spring embedded WebApplicationContext
2024-10-28T11:34:44.674-05:00  INFO 17516 --- [demo] [main] w.s.c.ServletWebServerApplicationContext : Root WebApplicationContext: initialization completed in 2177 ms
2024-10-28T11:34:44.733-05:00  INFO 17516 --- [demo] [main] com.zaxxer.hikari.HikariDataSource       : HikariPool-1 - Starting...
2024-10-28T11:34:45.053-05:00  INFO 17516 --- [demo] [main] com.zaxxer.hikari.pool.HikariPool        : HikariPool-1 - Added connection conn0: url=jdbc:h2:mem:testdb user=SA
2024-10-28T11:34:45.056-05:00  INFO 17516 --- [demo] [main] com.zaxxer.hikari.HikariDataSource       : HikariPool-1 - Start completed.
2024-10-28T11:34:45.070-05:00  INFO 17516 --- [demo] [main] o.s.b.a.h2.H2ConsoleAutoConfiguration    : H2 console available at '/h2-console'. Database available at 'jdbc:h2:mem:testdb'
2024-10-28T11:34:45.374-05:00  INFO 17516 --- [demo] [main] o.hibernate.jpa.internal.util.LogHelper  : HHH000204: Processing PersistenceUnitInfo [name: default]
2024-10-28T11:34:45.518-05:00  INFO 17516 --- [demo] [main] org.hibernate.Version                    : HHH000412: Hibernate ORM core version 6.5.2.Final
2024-10-28T11:34:45.594-05:00  INFO 17516 --- [demo] [main] o.h.c.internal.RegionFactoryInitiator    : HHH000026: Second-level cache disabled
2024-10-28T11:34:46.212-05:00  INFO 17516 --- [demo] [main] o.s.o.j.p.SpringPersistenceUnitInfo      : No LoadTimeWeaver setup: ignoring JPA class transformer
2024-10-28T11:34:46.303-05:00  WARN 17516 --- [demo] [main] org.hibernate.orm.deprecation            : HHH90000025: H2Dialect does not need to be specified explicitly using 'hibernate.dialect' (remove the property setting and it will be selected by default)
2024-10-28T11:34:47.388-05:00  INFO 17516 --- [demo] [main] o.h.e.t.j.p.i.JtaPlatformInitiator       : HHH000489: No JTA platform available (set 'hibernate.transaction.jta.platform' to enable JTA platform integration)
2024-10-28T11:34:47.465-05:00  INFO 17516 --- [demo] [main] j.LocalContainerEntityManagerFactoryBean : Initialized JPA EntityManagerFactory for persistence unit 'default'
2024-10-28T11:34:47.862-05:00  INFO 17516 --- [demo] [main] o.s.d.j.r.query.QueryEnhancerFactory     : Hibernate is in classpath; If applicable, HQL parser will be used.
2024-10-28T11:34:49.161-05:00  WARN 17516 --- [demo] [main] JpaBaseConfiguration$JpaWebConfiguration : spring.jpa.open-in-view is enabled by default. Therefore, database queries may be performed during view rendering. Explicitly configure spring.jpa.open-in-view to disable this warning
2024-10-28T11:34:49.956-05:00  WARN 17516 --- [demo] [main] ion$DefaultTemplateResolverConfiguration : Cannot find template location: classpath:/templates/ (please add some templates, check your Thymeleaf configuration, or set spring.thymeleaf.check-template-location=false)
2024-10-28T11:34:50.605-05:00  INFO 17516 --- [demo] [main] o.s.b.w.embedded.tomcat.TomcatWebServer  : Tomcat started on port 8080 (http) with context path '/'
2024-10-28T11:34:50.619-05:00  INFO 17516 --- [demo] [main] com.example.demo.frontend.UseCaseTest    : Started UseCaseTest in 8.556 seconds (process running for 9.674)
2024-10-28T11:34:53.040-05:00  INFO 17516 --- [demo] [main] j.LocalContainerEntityManagerFactoryBean : Closing JPA EntityManagerFactory for persistence unit 'default'
2024-10-28T11:34:53.045-05:00  INFO 17516 --- [demo] [main] com.zaxxer.hikari.HikariDataSource       : HikariPool-1 - Shutdown initiated...
2024-10-28T11:34:53.049-05:00  INFO 17516 --- [demo] [main] com.zaxxer.hikari.HikariDataSource       : HikariPool-1 - Shutdown completed.
2024-10-28T11:34:53.063-05:00  INFO 17516 --- [demo] [main] o.s.b.d.r.RestartApplicationListener     : Restart disabled due to context in which it is running
2024-10-28T11:34:53.118-05:00  INFO 17516 --- [demo] [main] com.example.demo.frontend.UseCaseTest    : Starting UseCaseTest using Java 17.0.12 with PID 17516 (started by Janus in C:\Users\Janus\Documents\GitHub\PetLand\Proyecto\demo)
2024-10-28T11:34:53.119-05:00  INFO 17516 --- [demo] [main] com.example.demo.frontend.UseCaseTest    : The following 1 profile is active: "test"
2024-10-28T11:34:53.485-05:00  INFO 17516 --- [demo] [main] .s.d.r.c.RepositoryConfigurationDelegate : Bootstrapping Spring Data JPA repositories in DEFAULT mode.
2024-10-28T11:34:53.521-05:00  INFO 17516 --- [demo] [main] .s.d.r.c.RepositoryConfigurationDelegate : Finished Spring Data repository scanning in 35 ms. Found 6 JPA repository interfaces.
2024-10-28T11:34:53.624-05:00  INFO 17516 --- [demo] [main] o.s.b.w.embedded.tomcat.TomcatWebServer  : Tomcat initialized with port 8080 (http)
2024-10-28T11:34:53.625-05:00  INFO 17516 --- [demo] [main] o.apache.catalina.core.StandardService   : Starting service [Tomcat]
2024-10-28T11:34:53.626-05:00  INFO 17516 --- [demo] [main] o.apache.catalina.core.StandardEngine    : Starting Servlet engine: [Apache Tomcat/10.1.26]
2024-10-28T11:34:53.695-05:00  INFO 17516 --- [demo] [main] o.a.c.c.C.[Tomcat].[localhost].[/]       : Initializing Spring embedded WebApplicationContext
2024-10-28T11:34:53.696-05:00  INFO 17516 --- [demo] [main] w.s.c.ServletWebServerApplicationContext : Root WebApplicationContext: initialization completed in 571 ms
2024-10-28T11:34:53.709-05:00  INFO 17516 --- [demo] [main] com.zaxxer.hikari.HikariDataSource       : HikariPool-2 - Starting...
2024-10-28T11:34:53.713-05:00  INFO 17516 --- [demo] [main] com.zaxxer.hikari.pool.HikariPool        : HikariPool-2 - Added connection conn10: url=jdbc:h2:mem:testdb user=SA
2024-10-28T11:34:53.713-05:00  INFO 17516 --- [demo] [main] com.zaxxer.hikari.HikariDataSource       : HikariPool-2 - Start completed.
2024-10-28T11:34:53.713-05:00  INFO 17516 --- [demo] [main] o.s.b.a.h2.H2ConsoleAutoConfiguration    : H2 console available at '/h2-console'. Database available at 'jdbc:h2:mem:testdb'
2024-10-28T11:34:53.744-05:00  INFO 17516 --- [demo] [main] o.hibernate.jpa.internal.util.LogHelper  : HHH000204: Processing PersistenceUnitInfo [name: default]
2024-10-28T11:34:53.751-05:00  INFO 17516 --- [demo] [main] o.h.c.internal.RegionFactoryInitiator    : HHH000026: Second-level cache disabled
2024-10-28T11:34:53.777-05:00  INFO 17516 --- [demo] [main] o.s.o.j.p.SpringPersistenceUnitInfo      : No LoadTimeWeaver setup: ignoring JPA class transformer
2024-10-28T11:34:53.781-05:00  WARN 17516 --- [demo] [main] org.hibernate.orm.deprecation            : HHH90000025: H2Dialect does not need to be specified explicitly using 'hibernate.dialect' (remove the property setting and it will be selected by default)
2024-10-28T11:34:53.984-05:00  INFO 17516 --- [demo] [main] o.h.e.t.j.p.i.JtaPlatformInitiator       : HHH000489: No JTA platform available (set 'hibernate.transaction.jta.platform' to enable JTA platform integration)
2024-10-28T11:34:54.000-05:00  INFO 17516 --- [demo] [main] j.LocalContainerEntityManagerFactoryBean : Initialized JPA EntityManagerFactory for persistence unit 'default'
2024-10-28T11:34:54.285-05:00  WARN 17516 --- [demo] [main] JpaBaseConfiguration$JpaWebConfiguration : spring.jpa.open-in-view is enabled by default. Therefore, database queries may be performed during view rendering. Explicitly configure spring.jpa.open-in-view to disable this warning
2024-10-28T11:34:54.396-05:00  WARN 17516 --- [demo] [main] ion$DefaultTemplateResolverConfiguration : Cannot find template location: classpath:/templates/ (please add some templates, check your Thymeleaf configuration, or set spring.thymeleaf.check-template-location=false)
2024-10-28T11:34:54.480-05:00  INFO 17516 --- [demo] [main] o.s.b.w.embedded.tomcat.TomcatWebServer  : Tomcat started on port 8080 (http) with context path '/'
2024-10-28T11:34:54.488-05:00  INFO 17516 --- [demo] [main] com.example.demo.frontend.UseCaseTest    : Started UseCaseTest in 1.426 seconds (process running for 13.543)
2024-10-28T11:34:56.280-05:00  INFO 17516 --- [demo] [main] i.g.bonigarcia.wdm.WebDriverManager      : Using chromedriver 130.0.6723.69 (resolved driver for Chrome 130)
2024-10-28T11:34:56.350-05:00  INFO 17516 --- [demo] [main] i.g.bonigarcia.wdm.WebDriverManager      : Exporting webdriver.chrome.driver as C:\Users\Janus\.cache\selenium\chromedriver\win64\130.0.6723.69\chromedriver.exe
2024-10-28T11:34:57.321-05:00  WARN 17516 --- [demo] [main] o.o.selenium.devtools.CdpVersionFinder   : Unable to find CDP implementation matching 130
2024-10-28T11:34:57.321-05:00  WARN 17516 --- [demo] [main] o.o.selenium.chromium.ChromiumDriver     : Unable to find version of CDP to use for 130.0.6723.70. You may need to include a dependency on a specific version of the CDP using something similar to `org.seleniumhq.selenium:selenium-devtools-v86:4.19.1` where the version ("v86") matches the version of the chromium-based browser you're using and the version number of the artifact is the same as Selenium's.
2024-10-28T11:34:58.213-05:00  INFO 17516 --- [demo] [http-nio-8080-exec-1] o.a.c.c.C.[Tomcat].[localhost].[/]       : Initializing Spring DispatcherServlet 'dispatcherServlet'
2024-10-28T11:34:58.213-05:00  INFO 17516 --- [demo] [http-nio-8080-exec-1] o.s.web.servlet.DispatcherServlet        : Initializing Servlet 'dispatcherServlet'
2024-10-28T11:34:58.217-05:00  INFO 17516 --- [demo] [http-nio-8080-exec-1] o.s.web.servlet.DispatcherServlet        : Completed initialization in 3 ms
2024-10-28T11:35:03.547-05:00  INFO 17516 --- [demo] [SpringApplicationShutdownHook] j.LocalContainerEntityManagerFactoryBean : Closing JPA EntityManagerFactory for persistence unit 'default'
2024-10-28T11:35:03.548-05:00  INFO 17516 --- [demo] [SpringApplicationShutdownHook] com.zaxxer.hikari.HikariDataSource       : HikariPool-2 - Shutdown initiated...
2024-10-28T11:35:03.549-05:00  INFO 17516 --- [demo] [SpringApplicationShutdownHook] com.zaxxer.hikari.HikariDataSource       : HikariPool-2 - Shutdown completed.
2024-10-28T12:14:47.036-05:00  INFO 9120 --- [demo] [main] com.example.demo.frontend.UseCaseTest    : Starting UseCaseTest using Java 17.0.12 with PID 9120 (started by Janus in C:\Users\Janus\Documents\GitHub\PetLand\Proyecto\demo)
2024-10-28T12:14:47.038-05:00  INFO 9120 --- [demo] [main] com.example.demo.frontend.UseCaseTest    : The following 1 profile is active: "test"
2024-10-28T12:14:47.914-05:00  INFO 9120 --- [demo] [main] .s.d.r.c.RepositoryConfigurationDelegate : Bootstrapping Spring Data JPA repositories in DEFAULT mode.
2024-10-28T12:14:48.029-05:00  INFO 9120 --- [demo] [main] .s.d.r.c.RepositoryConfigurationDelegate : Finished Spring Data repository scanning in 93 ms. Found 6 JPA repository interfaces.
2024-10-28T12:14:48.863-05:00  INFO 9120 --- [demo] [main] o.s.b.w.embedded.tomcat.TomcatWebServer  : Tomcat initialized with port 8080 (http)
2024-10-28T12:14:48.880-05:00  INFO 9120 --- [demo] [main] o.apache.catalina.core.StandardService   : Starting service [Tomcat]
2024-10-28T12:14:48.881-05:00  INFO 9120 --- [demo] [main] o.apache.catalina.core.StandardEngine    : Starting Servlet engine: [Apache Tomcat/10.1.26]
2024-10-28T12:14:48.995-05:00  INFO 9120 --- [demo] [main] o.a.c.c.C.[Tomcat].[localhost].[/]       : Initializing Spring embedded WebApplicationContext
2024-10-28T12:14:48.996-05:00  INFO 9120 --- [demo] [main] w.s.c.ServletWebServerApplicationContext : Root WebApplicationContext: initialization completed in 1926 ms
2024-10-28T12:14:49.052-05:00  INFO 9120 --- [demo] [main] com.zaxxer.hikari.HikariDataSource       : HikariPool-1 - Starting...
2024-10-28T12:14:49.450-05:00  INFO 9120 --- [demo] [main] com.zaxxer.hikari.pool.HikariPool        : HikariPool-1 - Added connection conn0: url=jdbc:h2:mem:testdb user=SA
2024-10-28T12:14:49.454-05:00  INFO 9120 --- [demo] [main] com.zaxxer.hikari.HikariDataSource       : HikariPool-1 - Start completed.
2024-10-28T12:14:49.470-05:00  INFO 9120 --- [demo] [main] o.s.b.a.h2.H2ConsoleAutoConfiguration    : H2 console available at '/h2-console'. Database available at 'jdbc:h2:mem:testdb'
2024-10-28T12:14:49.814-05:00  INFO 9120 --- [demo] [main] o.hibernate.jpa.internal.util.LogHelper  : HHH000204: Processing PersistenceUnitInfo [name: default]
2024-10-28T12:14:49.969-05:00  INFO 9120 --- [demo] [main] org.hibernate.Version                    : HHH000412: Hibernate ORM core version 6.5.2.Final
2024-10-28T12:14:50.029-05:00  INFO 9120 --- [demo] [main] o.h.c.internal.RegionFactoryInitiator    : HHH000026: Second-level cache disabled
2024-10-28T12:14:50.614-05:00  INFO 9120 --- [demo] [main] o.s.o.j.p.SpringPersistenceUnitInfo      : No LoadTimeWeaver setup: ignoring JPA class transformer
2024-10-28T12:14:50.658-05:00  WARN 9120 --- [demo] [main] org.hibernate.orm.deprecation            : HHH90000025: H2Dialect does not need to be specified explicitly using 'hibernate.dialect' (remove the property setting and it will be selected by default)
2024-10-28T12:14:51.616-05:00  INFO 9120 --- [demo] [main] o.h.e.t.j.p.i.JtaPlatformInitiator       : HHH000489: No JTA platform available (set 'hibernate.transaction.jta.platform' to enable JTA platform integration)
2024-10-28T12:14:51.681-05:00  INFO 9120 --- [demo] [main] j.LocalContainerEntityManagerFactoryBean : Initialized JPA EntityManagerFactory for persistence unit 'default'
2024-10-28T12:14:52.136-05:00  INFO 9120 --- [demo] [main] o.s.d.j.r.query.QueryEnhancerFactory     : Hibernate is in classpath; If applicable, HQL parser will be used.
2024-10-28T12:14:53.243-05:00  WARN 9120 --- [demo] [main] JpaBaseConfiguration$JpaWebConfiguration : spring.jpa.open-in-view is enabled by default. Therefore, database queries may be performed during view rendering. Explicitly configure spring.jpa.open-in-view to disable this warning
2024-10-28T12:14:53.979-05:00  WARN 9120 --- [demo] [main] ion$DefaultTemplateResolverConfiguration : Cannot find template location: classpath:/templates/ (please add some templates, check your Thymeleaf configuration, or set spring.thymeleaf.check-template-location=false)
2024-10-28T12:14:54.602-05:00  INFO 9120 --- [demo] [main] o.s.b.w.embedded.tomcat.TomcatWebServer  : Tomcat started on port 8080 (http) with context path '/'
2024-10-28T12:14:54.616-05:00  INFO 9120 --- [demo] [main] com.example.demo.frontend.UseCaseTest    : Started UseCaseTest in 8.008 seconds (process running for 8.964)
2024-10-28T12:14:56.764-05:00  INFO 9120 --- [demo] [main] j.LocalContainerEntityManagerFactoryBean : Closing JPA EntityManagerFactory for persistence unit 'default'
2024-10-28T12:14:56.766-05:00  INFO 9120 --- [demo] [main] com.zaxxer.hikari.HikariDataSource       : HikariPool-1 - Shutdown initiated...
2024-10-28T12:14:56.769-05:00  INFO 9120 --- [demo] [main] com.zaxxer.hikari.HikariDataSource       : HikariPool-1 - Shutdown completed.
2024-10-28T12:14:56.778-05:00  INFO 9120 --- [demo] [main] o.s.b.d.r.RestartApplicationListener     : Restart disabled due to context in which it is running
2024-10-28T12:14:56.809-05:00  INFO 9120 --- [demo] [main] com.example.demo.frontend.UseCaseTest    : Starting UseCaseTest using Java 17.0.12 with PID 9120 (started by Janus in C:\Users\Janus\Documents\GitHub\PetLand\Proyecto\demo)
2024-10-28T12:14:56.810-05:00  INFO 9120 --- [demo] [main] com.example.demo.frontend.UseCaseTest    : The following 1 profile is active: "test"
2024-10-28T12:14:56.969-05:00  INFO 9120 --- [demo] [main] .s.d.r.c.RepositoryConfigurationDelegate : Bootstrapping Spring Data JPA repositories in DEFAULT mode.
2024-10-28T12:14:56.990-05:00  INFO 9120 --- [demo] [main] .s.d.r.c.RepositoryConfigurationDelegate : Finished Spring Data repository scanning in 19 ms. Found 6 JPA repository interfaces.
2024-10-28T12:14:57.058-05:00  INFO 9120 --- [demo] [main] o.s.b.w.embedded.tomcat.TomcatWebServer  : Tomcat initialized with port 8080 (http)
2024-10-28T12:14:57.059-05:00  INFO 9120 --- [demo] [main] o.apache.catalina.core.StandardService   : Starting service [Tomcat]
2024-10-28T12:14:57.060-05:00  INFO 9120 --- [demo] [main] o.apache.catalina.core.StandardEngine    : Starting Servlet engine: [Apache Tomcat/10.1.26]
2024-10-28T12:14:57.102-05:00  INFO 9120 --- [demo] [main] o.a.c.c.C.[Tomcat].[localhost].[/]       : Initializing Spring embedded WebApplicationContext
2024-10-28T12:14:57.102-05:00  INFO 9120 --- [demo] [main] w.s.c.ServletWebServerApplicationContext : Root WebApplicationContext: initialization completed in 289 ms
2024-10-28T12:14:57.111-05:00  INFO 9120 --- [demo] [main] com.zaxxer.hikari.HikariDataSource       : HikariPool-2 - Starting...
2024-10-28T12:14:57.113-05:00  INFO 9120 --- [demo] [main] com.zaxxer.hikari.pool.HikariPool        : HikariPool-2 - Added connection conn10: url=jdbc:h2:mem:testdb user=SA
2024-10-28T12:14:57.114-05:00  INFO 9120 --- [demo] [main] com.zaxxer.hikari.HikariDataSource       : HikariPool-2 - Start completed.
2024-10-28T12:14:57.114-05:00  INFO 9120 --- [demo] [main] o.s.b.a.h2.H2ConsoleAutoConfiguration    : H2 console available at '/h2-console'. Database available at 'jdbc:h2:mem:testdb'
2024-10-28T12:14:57.134-05:00  INFO 9120 --- [demo] [main] o.hibernate.jpa.internal.util.LogHelper  : HHH000204: Processing PersistenceUnitInfo [name: default]
2024-10-28T12:14:57.139-05:00  INFO 9120 --- [demo] [main] o.h.c.internal.RegionFactoryInitiator    : HHH000026: Second-level cache disabled
2024-10-28T12:14:57.157-05:00  INFO 9120 --- [demo] [main] o.s.o.j.p.SpringPersistenceUnitInfo      : No LoadTimeWeaver setup: ignoring JPA class transformer
2024-10-28T12:14:57.159-05:00  WARN 9120 --- [demo] [main] org.hibernate.orm.deprecation            : HHH90000025: H2Dialect does not need to be specified explicitly using 'hibernate.dialect' (remove the property setting and it will be selected by default)
2024-10-28T12:14:57.279-05:00  INFO 9120 --- [demo] [main] o.h.e.t.j.p.i.JtaPlatformInitiator       : HHH000489: No JTA platform available (set 'hibernate.transaction.jta.platform' to enable JTA platform integration)
2024-10-28T12:14:57.286-05:00  INFO 9120 --- [demo] [main] j.LocalContainerEntityManagerFactoryBean : Initialized JPA EntityManagerFactory for persistence unit 'default'
2024-10-28T12:14:57.396-05:00  WARN 9120 --- [demo] [main] JpaBaseConfiguration$JpaWebConfiguration : spring.jpa.open-in-view is enabled by default. Therefore, database queries may be performed during view rendering. Explicitly configure spring.jpa.open-in-view to disable this warning
2024-10-28T12:14:57.479-05:00  WARN 9120 --- [demo] [main] ion$DefaultTemplateResolverConfiguration : Cannot find template location: classpath:/templates/ (please add some templates, check your Thymeleaf configuration, or set spring.thymeleaf.check-template-location=false)
2024-10-28T12:14:57.519-05:00  INFO 9120 --- [demo] [main] o.s.b.w.embedded.tomcat.TomcatWebServer  : Tomcat started on port 8080 (http) with context path '/'
2024-10-28T12:14:57.523-05:00  INFO 9120 --- [demo] [main] com.example.demo.frontend.UseCaseTest    : Started UseCaseTest in 0.745 seconds (process running for 11.871)
2024-10-28T12:14:59.002-05:00  INFO 9120 --- [demo] [main] i.g.bonigarcia.wdm.WebDriverManager      : Using chromedriver 130.0.6723.69 (resolved driver for Chrome 130)
2024-10-28T12:14:59.011-05:00  INFO 9120 --- [demo] [main] i.g.bonigarcia.wdm.WebDriverManager      : Exporting webdriver.chrome.driver as C:\Users\Janus\.cache\selenium\chromedriver\win64\130.0.6723.69\chromedriver.exe
2024-10-28T12:14:59.969-05:00  WARN 9120 --- [demo] [main] o.o.selenium.devtools.CdpVersionFinder   : Unable to find CDP implementation matching 130
2024-10-28T12:14:59.970-05:00  WARN 9120 --- [demo] [main] o.o.selenium.chromium.ChromiumDriver     : Unable to find version of CDP to use for 130.0.6723.70. You may need to include a dependency on a specific version of the CDP using something similar to `org.seleniumhq.selenium:selenium-devtools-v86:4.19.1` where the version ("v86") matches the version of the chromium-based browser you're using and the version number of the artifact is the same as Selenium's.
2024-10-28T12:15:00.716-05:00  INFO 9120 --- [demo] [http-nio-8080-exec-1] o.a.c.c.C.[Tomcat].[localhost].[/]       : Initializing Spring DispatcherServlet 'dispatcherServlet'
2024-10-28T12:15:00.716-05:00  INFO 9120 --- [demo] [http-nio-8080-exec-1] o.s.web.servlet.DispatcherServlet        : Initializing Servlet 'dispatcherServlet'
2024-10-28T12:15:00.717-05:00  INFO 9120 --- [demo] [http-nio-8080-exec-1] o.s.web.servlet.DispatcherServlet        : Completed initialization in 1 ms
2024-10-28T12:15:03.967-05:00  INFO 9120 --- [demo] [SpringApplicationShutdownHook] j.LocalContainerEntityManagerFactoryBean : Closing JPA EntityManagerFactory for persistence unit 'default'
2024-10-28T12:15:03.968-05:00  INFO 9120 --- [demo] [SpringApplicationShutdownHook] com.zaxxer.hikari.HikariDataSource       : HikariPool-2 - Shutdown initiated...
2024-10-28T12:15:03.969-05:00  INFO 9120 --- [demo] [SpringApplicationShutdownHook] com.zaxxer.hikari.HikariDataSource       : HikariPool-2 - Shutdown completed.
2024-10-28T12:17:06.430-05:00  INFO 27572 --- [demo] [main] com.example.demo.frontend.UseCaseTest    : Starting UseCaseTest using Java 17.0.12 with PID 27572 (started by Janus in C:\Users\Janus\Documents\GitHub\PetLand\Proyecto\demo)
2024-10-28T12:17:06.431-05:00  INFO 27572 --- [demo] [main] com.example.demo.frontend.UseCaseTest    : The following 1 profile is active: "test"
2024-10-28T12:17:07.375-05:00  INFO 27572 --- [demo] [main] .s.d.r.c.RepositoryConfigurationDelegate : Bootstrapping Spring Data JPA repositories in DEFAULT mode.
2024-10-28T12:17:07.500-05:00  INFO 27572 --- [demo] [main] .s.d.r.c.RepositoryConfigurationDelegate : Finished Spring Data repository scanning in 106 ms. Found 6 JPA repository interfaces.
2024-10-28T12:17:08.539-05:00  INFO 27572 --- [demo] [main] o.s.b.w.embedded.tomcat.TomcatWebServer  : Tomcat initialized with port 8080 (http)
2024-10-28T12:17:08.559-05:00  INFO 27572 --- [demo] [main] o.apache.catalina.core.StandardService   : Starting service [Tomcat]
2024-10-28T12:17:08.559-05:00  INFO 27572 --- [demo] [main] o.apache.catalina.core.StandardEngine    : Starting Servlet engine: [Apache Tomcat/10.1.26]
2024-10-28T12:17:08.695-05:00  INFO 27572 --- [demo] [main] o.a.c.c.C.[Tomcat].[localhost].[/]       : Initializing Spring embedded WebApplicationContext
2024-10-28T12:17:08.696-05:00  INFO 27572 --- [demo] [main] w.s.c.ServletWebServerApplicationContext : Root WebApplicationContext: initialization completed in 2239 ms
2024-10-28T12:17:08.747-05:00  INFO 27572 --- [demo] [main] com.zaxxer.hikari.HikariDataSource       : HikariPool-1 - Starting...
2024-10-28T12:17:09.131-05:00  INFO 27572 --- [demo] [main] com.zaxxer.hikari.pool.HikariPool        : HikariPool-1 - Added connection conn0: url=jdbc:h2:mem:testdb user=SA
2024-10-28T12:17:09.136-05:00  INFO 27572 --- [demo] [main] com.zaxxer.hikari.HikariDataSource       : HikariPool-1 - Start completed.
2024-10-28T12:17:09.160-05:00  INFO 27572 --- [demo] [main] o.s.b.a.h2.H2ConsoleAutoConfiguration    : H2 console available at '/h2-console'. Database available at 'jdbc:h2:mem:testdb'
2024-10-28T12:17:09.402-05:00  INFO 27572 --- [demo] [main] o.hibernate.jpa.internal.util.LogHelper  : HHH000204: Processing PersistenceUnitInfo [name: default]
2024-10-28T12:17:09.522-05:00  INFO 27572 --- [demo] [main] org.hibernate.Version                    : HHH000412: Hibernate ORM core version 6.5.2.Final
2024-10-28T12:17:09.594-05:00  INFO 27572 --- [demo] [main] o.h.c.internal.RegionFactoryInitiator    : HHH000026: Second-level cache disabled
2024-10-28T12:17:10.122-05:00  INFO 27572 --- [demo] [main] o.s.o.j.p.SpringPersistenceUnitInfo      : No LoadTimeWeaver setup: ignoring JPA class transformer
2024-10-28T12:17:10.164-05:00  WARN 27572 --- [demo] [main] org.hibernate.orm.deprecation            : HHH90000025: H2Dialect does not need to be specified explicitly using 'hibernate.dialect' (remove the property setting and it will be selected by default)
2024-10-28T12:17:11.102-05:00  INFO 27572 --- [demo] [main] o.h.e.t.j.p.i.JtaPlatformInitiator       : HHH000489: No JTA platform available (set 'hibernate.transaction.jta.platform' to enable JTA platform integration)
2024-10-28T12:17:11.166-05:00  INFO 27572 --- [demo] [main] j.LocalContainerEntityManagerFactoryBean : Initialized JPA EntityManagerFactory for persistence unit 'default'
2024-10-28T12:17:11.565-05:00  INFO 27572 --- [demo] [main] o.s.d.j.r.query.QueryEnhancerFactory     : Hibernate is in classpath; If applicable, HQL parser will be used.
2024-10-28T12:17:12.654-05:00  WARN 27572 --- [demo] [main] JpaBaseConfiguration$JpaWebConfiguration : spring.jpa.open-in-view is enabled by default. Therefore, database queries may be performed during view rendering. Explicitly configure spring.jpa.open-in-view to disable this warning
2024-10-28T12:17:13.279-05:00  WARN 27572 --- [demo] [main] ion$DefaultTemplateResolverConfiguration : Cannot find template location: classpath:/templates/ (please add some templates, check your Thymeleaf configuration, or set spring.thymeleaf.check-template-location=false)
2024-10-28T12:17:13.946-05:00  INFO 27572 --- [demo] [main] o.s.b.w.embedded.tomcat.TomcatWebServer  : Tomcat started on port 8080 (http) with context path '/'
2024-10-28T12:17:13.957-05:00  INFO 27572 --- [demo] [main] com.example.demo.frontend.UseCaseTest    : Started UseCaseTest in 7.936 seconds (process running for 8.867)
2024-10-28T12:17:16.137-05:00  INFO 27572 --- [demo] [main] j.LocalContainerEntityManagerFactoryBean : Closing JPA EntityManagerFactory for persistence unit 'default'
2024-10-28T12:17:16.140-05:00  INFO 27572 --- [demo] [main] com.zaxxer.hikari.HikariDataSource       : HikariPool-1 - Shutdown initiated...
2024-10-28T12:17:16.145-05:00  INFO 27572 --- [demo] [main] com.zaxxer.hikari.HikariDataSource       : HikariPool-1 - Shutdown completed.
2024-10-28T12:17:16.154-05:00  INFO 27572 --- [demo] [main] o.s.b.d.r.RestartApplicationListener     : Restart disabled due to context in which it is running
2024-10-28T12:17:16.184-05:00  INFO 27572 --- [demo] [main] com.example.demo.frontend.UseCaseTest    : Starting UseCaseTest using Java 17.0.12 with PID 27572 (started by Janus in C:\Users\Janus\Documents\GitHub\PetLand\Proyecto\demo)
2024-10-28T12:17:16.185-05:00  INFO 27572 --- [demo] [main] com.example.demo.frontend.UseCaseTest    : The following 1 profile is active: "test"
2024-10-28T12:17:16.422-05:00  INFO 27572 --- [demo] [main] .s.d.r.c.RepositoryConfigurationDelegate : Bootstrapping Spring Data JPA repositories in DEFAULT mode.
2024-10-28T12:17:16.448-05:00  INFO 27572 --- [demo] [main] .s.d.r.c.RepositoryConfigurationDelegate : Finished Spring Data repository scanning in 25 ms. Found 6 JPA repository interfaces.
2024-10-28T12:17:16.534-05:00  INFO 27572 --- [demo] [main] o.s.b.w.embedded.tomcat.TomcatWebServer  : Tomcat initialized with port 8080 (http)
2024-10-28T12:17:16.535-05:00  INFO 27572 --- [demo] [main] o.apache.catalina.core.StandardService   : Starting service [Tomcat]
2024-10-28T12:17:16.536-05:00  INFO 27572 --- [demo] [main] o.apache.catalina.core.StandardEngine    : Starting Servlet engine: [Apache Tomcat/10.1.26]
2024-10-28T12:17:16.578-05:00  INFO 27572 --- [demo] [main] o.a.c.c.C.[Tomcat].[localhost].[/]       : Initializing Spring embedded WebApplicationContext
2024-10-28T12:17:16.579-05:00  INFO 27572 --- [demo] [main] w.s.c.ServletWebServerApplicationContext : Root WebApplicationContext: initialization completed in 392 ms
2024-10-28T12:17:16.588-05:00  INFO 27572 --- [demo] [main] com.zaxxer.hikari.HikariDataSource       : HikariPool-2 - Starting...
2024-10-28T12:17:16.589-05:00  INFO 27572 --- [demo] [main] com.zaxxer.hikari.pool.HikariPool        : HikariPool-2 - Added connection conn10: url=jdbc:h2:mem:testdb user=SA
2024-10-28T12:17:16.590-05:00  INFO 27572 --- [demo] [main] com.zaxxer.hikari.HikariDataSource       : HikariPool-2 - Start completed.
2024-10-28T12:17:16.590-05:00  INFO 27572 --- [demo] [main] o.s.b.a.h2.H2ConsoleAutoConfiguration    : H2 console available at '/h2-console'. Database available at 'jdbc:h2:mem:testdb'
2024-10-28T12:17:16.609-05:00  INFO 27572 --- [demo] [main] o.hibernate.jpa.internal.util.LogHelper  : HHH000204: Processing PersistenceUnitInfo [name: default]
2024-10-28T12:17:16.614-05:00  INFO 27572 --- [demo] [main] o.h.c.internal.RegionFactoryInitiator    : HHH000026: Second-level cache disabled
2024-10-28T12:17:16.632-05:00  INFO 27572 --- [demo] [main] o.s.o.j.p.SpringPersistenceUnitInfo      : No LoadTimeWeaver setup: ignoring JPA class transformer
2024-10-28T12:17:16.634-05:00  WARN 27572 --- [demo] [main] org.hibernate.orm.deprecation            : HHH90000025: H2Dialect does not need to be specified explicitly using 'hibernate.dialect' (remove the property setting and it will be selected by default)
2024-10-28T12:17:16.797-05:00  INFO 27572 --- [demo] [main] o.h.e.t.j.p.i.JtaPlatformInitiator       : HHH000489: No JTA platform available (set 'hibernate.transaction.jta.platform' to enable JTA platform integration)
2024-10-28T12:17:16.805-05:00  INFO 27572 --- [demo] [main] j.LocalContainerEntityManagerFactoryBean : Initialized JPA EntityManagerFactory for persistence unit 'default'
2024-10-28T12:17:16.916-05:00  WARN 27572 --- [demo] [main] JpaBaseConfiguration$JpaWebConfiguration : spring.jpa.open-in-view is enabled by default. Therefore, database queries may be performed during view rendering. Explicitly configure spring.jpa.open-in-view to disable this warning
2024-10-28T12:17:17.032-05:00  WARN 27572 --- [demo] [main] ion$DefaultTemplateResolverConfiguration : Cannot find template location: classpath:/templates/ (please add some templates, check your Thymeleaf configuration, or set spring.thymeleaf.check-template-location=false)
2024-10-28T12:17:17.075-05:00  INFO 27572 --- [demo] [main] o.s.b.w.embedded.tomcat.TomcatWebServer  : Tomcat started on port 8080 (http) with context path '/'
2024-10-28T12:17:17.078-05:00  INFO 27572 --- [demo] [main] com.example.demo.frontend.UseCaseTest    : Started UseCaseTest in 0.924 seconds (process running for 11.987)
2024-10-28T12:17:18.301-05:00  INFO 27572 --- [demo] [main] i.g.bonigarcia.wdm.WebDriverManager      : Using chromedriver 130.0.6723.69 (resolved driver for Chrome 130)
2024-10-28T12:17:18.346-05:00  INFO 27572 --- [demo] [main] i.g.bonigarcia.wdm.WebDriverManager      : Exporting webdriver.chrome.driver as C:\Users\Janus\.cache\selenium\chromedriver\win64\130.0.6723.69\chromedriver.exe
2024-10-28T12:17:19.337-05:00  WARN 27572 --- [demo] [main] o.o.selenium.devtools.CdpVersionFinder   : Unable to find CDP implementation matching 130
2024-10-28T12:17:19.338-05:00  WARN 27572 --- [demo] [main] o.o.selenium.chromium.ChromiumDriver     : Unable to find version of CDP to use for 130.0.6723.70. You may need to include a dependency on a specific version of the CDP using something similar to `org.seleniumhq.selenium:selenium-devtools-v86:4.19.1` where the version ("v86") matches the version of the chromium-based browser you're using and the version number of the artifact is the same as Selenium's.
2024-10-28T12:17:19.885-05:00  INFO 27572 --- [demo] [http-nio-8080-exec-1] o.a.c.c.C.[Tomcat].[localhost].[/]       : Initializing Spring DispatcherServlet 'dispatcherServlet'
2024-10-28T12:17:19.886-05:00  INFO 27572 --- [demo] [http-nio-8080-exec-1] o.s.web.servlet.DispatcherServlet        : Initializing Servlet 'dispatcherServlet'
2024-10-28T12:17:19.887-05:00  INFO 27572 --- [demo] [http-nio-8080-exec-1] o.s.web.servlet.DispatcherServlet        : Completed initialization in 0 ms
2024-10-28T12:17:24.196-05:00  INFO 27572 --- [demo] [SpringApplicationShutdownHook] j.LocalContainerEntityManagerFactoryBean : Closing JPA EntityManagerFactory for persistence unit 'default'
2024-10-28T12:17:24.197-05:00  INFO 27572 --- [demo] [SpringApplicationShutdownHook] com.zaxxer.hikari.HikariDataSource       : HikariPool-2 - Shutdown initiated...
2024-10-28T12:17:24.198-05:00  INFO 27572 --- [demo] [SpringApplicationShutdownHook] com.zaxxer.hikari.HikariDataSource       : HikariPool-2 - Shutdown completed.
2024-10-28T12:19:50.605-05:00  INFO 8528 --- [demo] [main] com.example.demo.frontend.UseCaseTest    : Starting UseCaseTest using Java 17.0.12 with PID 8528 (started by Janus in C:\Users\Janus\Documents\GitHub\PetLand\Proyecto\demo)
2024-10-28T12:19:50.607-05:00  INFO 8528 --- [demo] [main] com.example.demo.frontend.UseCaseTest    : The following 1 profile is active: "test"
2024-10-28T12:19:51.580-05:00  INFO 8528 --- [demo] [main] .s.d.r.c.RepositoryConfigurationDelegate : Bootstrapping Spring Data JPA repositories in DEFAULT mode.
2024-10-28T12:19:51.695-05:00  INFO 8528 --- [demo] [main] .s.d.r.c.RepositoryConfigurationDelegate : Finished Spring Data repository scanning in 98 ms. Found 6 JPA repository interfaces.
2024-10-28T12:19:52.674-05:00  INFO 8528 --- [demo] [main] o.s.b.w.embedded.tomcat.TomcatWebServer  : Tomcat initialized with port 8080 (http)
2024-10-28T12:19:52.695-05:00  INFO 8528 --- [demo] [main] o.apache.catalina.core.StandardService   : Starting service [Tomcat]
2024-10-28T12:19:52.696-05:00  INFO 8528 --- [demo] [main] o.apache.catalina.core.StandardEngine    : Starting Servlet engine: [Apache Tomcat/10.1.26]
2024-10-28T12:19:52.832-05:00  INFO 8528 --- [demo] [main] o.a.c.c.C.[Tomcat].[localhost].[/]       : Initializing Spring embedded WebApplicationContext
2024-10-28T12:19:52.832-05:00  INFO 8528 --- [demo] [main] w.s.c.ServletWebServerApplicationContext : Root WebApplicationContext: initialization completed in 2205 ms
2024-10-28T12:19:52.891-05:00  INFO 8528 --- [demo] [main] com.zaxxer.hikari.HikariDataSource       : HikariPool-1 - Starting...
2024-10-28T12:19:53.196-05:00  INFO 8528 --- [demo] [main] com.zaxxer.hikari.pool.HikariPool        : HikariPool-1 - Added connection conn0: url=jdbc:h2:mem:testdb user=SA
2024-10-28T12:19:53.199-05:00  INFO 8528 --- [demo] [main] com.zaxxer.hikari.HikariDataSource       : HikariPool-1 - Start completed.
2024-10-28T12:19:53.209-05:00  INFO 8528 --- [demo] [main] o.s.b.a.h2.H2ConsoleAutoConfiguration    : H2 console available at '/h2-console'. Database available at 'jdbc:h2:mem:testdb'
2024-10-28T12:19:53.448-05:00  INFO 8528 --- [demo] [main] o.hibernate.jpa.internal.util.LogHelper  : HHH000204: Processing PersistenceUnitInfo [name: default]
2024-10-28T12:19:53.568-05:00  INFO 8528 --- [demo] [main] org.hibernate.Version                    : HHH000412: Hibernate ORM core version 6.5.2.Final
2024-10-28T12:19:53.615-05:00  INFO 8528 --- [demo] [main] o.h.c.internal.RegionFactoryInitiator    : HHH000026: Second-level cache disabled
2024-10-28T12:19:54.084-05:00  INFO 8528 --- [demo] [main] o.s.o.j.p.SpringPersistenceUnitInfo      : No LoadTimeWeaver setup: ignoring JPA class transformer
2024-10-28T12:19:54.134-05:00  WARN 8528 --- [demo] [main] org.hibernate.orm.deprecation            : HHH90000025: H2Dialect does not need to be specified explicitly using 'hibernate.dialect' (remove the property setting and it will be selected by default)
2024-10-28T12:19:55.118-05:00  INFO 8528 --- [demo] [main] o.h.e.t.j.p.i.JtaPlatformInitiator       : HHH000489: No JTA platform available (set 'hibernate.transaction.jta.platform' to enable JTA platform integration)
2024-10-28T12:19:55.184-05:00  INFO 8528 --- [demo] [main] j.LocalContainerEntityManagerFactoryBean : Initialized JPA EntityManagerFactory for persistence unit 'default'
2024-10-28T12:19:55.590-05:00  INFO 8528 --- [demo] [main] o.s.d.j.r.query.QueryEnhancerFactory     : Hibernate is in classpath; If applicable, HQL parser will be used.
2024-10-28T12:19:56.689-05:00  WARN 8528 --- [demo] [main] JpaBaseConfiguration$JpaWebConfiguration : spring.jpa.open-in-view is enabled by default. Therefore, database queries may be performed during view rendering. Explicitly configure spring.jpa.open-in-view to disable this warning
2024-10-28T12:19:57.368-05:00  WARN 8528 --- [demo] [main] ion$DefaultTemplateResolverConfiguration : Cannot find template location: classpath:/templates/ (please add some templates, check your Thymeleaf configuration, or set spring.thymeleaf.check-template-location=false)
2024-10-28T12:19:57.981-05:00  INFO 8528 --- [demo] [main] o.s.b.w.embedded.tomcat.TomcatWebServer  : Tomcat started on port 8080 (http) with context path '/'
2024-10-28T12:19:57.999-05:00  INFO 8528 --- [demo] [main] com.example.demo.frontend.UseCaseTest    : Started UseCaseTest in 7.803 seconds (process running for 8.777)
2024-10-28T12:20:00.049-05:00  INFO 8528 --- [demo] [main] j.LocalContainerEntityManagerFactoryBean : Closing JPA EntityManagerFactory for persistence unit 'default'
2024-10-28T12:20:00.052-05:00  INFO 8528 --- [demo] [main] com.zaxxer.hikari.HikariDataSource       : HikariPool-1 - Shutdown initiated...
2024-10-28T12:20:00.054-05:00  INFO 8528 --- [demo] [main] com.zaxxer.hikari.HikariDataSource       : HikariPool-1 - Shutdown completed.
2024-10-28T12:20:00.062-05:00  INFO 8528 --- [demo] [main] o.s.b.d.r.RestartApplicationListener     : Restart disabled due to context in which it is running
2024-10-28T12:20:00.095-05:00  INFO 8528 --- [demo] [main] com.example.demo.frontend.UseCaseTest    : Starting UseCaseTest using Java 17.0.12 with PID 8528 (started by Janus in C:\Users\Janus\Documents\GitHub\PetLand\Proyecto\demo)
2024-10-28T12:20:00.096-05:00  INFO 8528 --- [demo] [main] com.example.demo.frontend.UseCaseTest    : The following 1 profile is active: "test"
2024-10-28T12:20:00.267-05:00  INFO 8528 --- [demo] [main] .s.d.r.c.RepositoryConfigurationDelegate : Bootstrapping Spring Data JPA repositories in DEFAULT mode.
2024-10-28T12:20:00.289-05:00  INFO 8528 --- [demo] [main] .s.d.r.c.RepositoryConfigurationDelegate : Finished Spring Data repository scanning in 22 ms. Found 6 JPA repository interfaces.
2024-10-28T12:20:00.357-05:00  INFO 8528 --- [demo] [main] o.s.b.w.embedded.tomcat.TomcatWebServer  : Tomcat initialized with port 8080 (http)
2024-10-28T12:20:00.358-05:00  INFO 8528 --- [demo] [main] o.apache.catalina.core.StandardService   : Starting service [Tomcat]
2024-10-28T12:20:00.359-05:00  INFO 8528 --- [demo] [main] o.apache.catalina.core.StandardEngine    : Starting Servlet engine: [Apache Tomcat/10.1.26]
2024-10-28T12:20:00.400-05:00  INFO 8528 --- [demo] [main] o.a.c.c.C.[Tomcat].[localhost].[/]       : Initializing Spring embedded WebApplicationContext
2024-10-28T12:20:00.400-05:00  INFO 8528 --- [demo] [main] w.s.c.ServletWebServerApplicationContext : Root WebApplicationContext: initialization completed in 301 ms
2024-10-28T12:20:00.409-05:00  INFO 8528 --- [demo] [main] com.zaxxer.hikari.HikariDataSource       : HikariPool-2 - Starting...
2024-10-28T12:20:00.411-05:00  INFO 8528 --- [demo] [main] com.zaxxer.hikari.pool.HikariPool        : HikariPool-2 - Added connection conn10: url=jdbc:h2:mem:testdb user=SA
2024-10-28T12:20:00.411-05:00  INFO 8528 --- [demo] [main] com.zaxxer.hikari.HikariDataSource       : HikariPool-2 - Start completed.
2024-10-28T12:20:00.411-05:00  INFO 8528 --- [demo] [main] o.s.b.a.h2.H2ConsoleAutoConfiguration    : H2 console available at '/h2-console'. Database available at 'jdbc:h2:mem:testdb'
2024-10-28T12:20:00.431-05:00  INFO 8528 --- [demo] [main] o.hibernate.jpa.internal.util.LogHelper  : HHH000204: Processing PersistenceUnitInfo [name: default]
2024-10-28T12:20:00.437-05:00  INFO 8528 --- [demo] [main] o.h.c.internal.RegionFactoryInitiator    : HHH000026: Second-level cache disabled
2024-10-28T12:20:00.454-05:00  INFO 8528 --- [demo] [main] o.s.o.j.p.SpringPersistenceUnitInfo      : No LoadTimeWeaver setup: ignoring JPA class transformer
2024-10-28T12:20:00.458-05:00  WARN 8528 --- [demo] [main] org.hibernate.orm.deprecation            : HHH90000025: H2Dialect does not need to be specified explicitly using 'hibernate.dialect' (remove the property setting and it will be selected by default)
2024-10-28T12:20:00.579-05:00  INFO 8528 --- [demo] [main] o.h.e.t.j.p.i.JtaPlatformInitiator       : HHH000489: No JTA platform available (set 'hibernate.transaction.jta.platform' to enable JTA platform integration)
2024-10-28T12:20:00.586-05:00  INFO 8528 --- [demo] [main] j.LocalContainerEntityManagerFactoryBean : Initialized JPA EntityManagerFactory for persistence unit 'default'
2024-10-28T12:20:00.682-05:00  WARN 8528 --- [demo] [main] JpaBaseConfiguration$JpaWebConfiguration : spring.jpa.open-in-view is enabled by default. Therefore, database queries may be performed during view rendering. Explicitly configure spring.jpa.open-in-view to disable this warning
2024-10-28T12:20:00.774-05:00  WARN 8528 --- [demo] [main] ion$DefaultTemplateResolverConfiguration : Cannot find template location: classpath:/templates/ (please add some templates, check your Thymeleaf configuration, or set spring.thymeleaf.check-template-location=false)
2024-10-28T12:20:00.809-05:00  INFO 8528 --- [demo] [main] o.s.b.w.embedded.tomcat.TomcatWebServer  : Tomcat started on port 8080 (http) with context path '/'
2024-10-28T12:20:00.814-05:00  INFO 8528 --- [demo] [main] com.example.demo.frontend.UseCaseTest    : Started UseCaseTest in 0.752 seconds (process running for 11.591)
2024-10-28T12:20:01.859-05:00  INFO 8528 --- [demo] [main] i.g.bonigarcia.wdm.WebDriverManager      : Using chromedriver 130.0.6723.69 (resolved driver for Chrome 130)
2024-10-28T12:20:01.897-05:00  INFO 8528 --- [demo] [main] i.g.bonigarcia.wdm.WebDriverManager      : Exporting webdriver.chrome.driver as C:\Users\Janus\.cache\selenium\chromedriver\win64\130.0.6723.69\chromedriver.exe
2024-10-28T12:20:02.845-05:00  WARN 8528 --- [demo] [main] o.o.selenium.devtools.CdpVersionFinder   : Unable to find CDP implementation matching 130
2024-10-28T12:20:02.846-05:00  WARN 8528 --- [demo] [main] o.o.selenium.chromium.ChromiumDriver     : Unable to find version of CDP to use for 130.0.6723.70. You may need to include a dependency on a specific version of the CDP using something similar to `org.seleniumhq.selenium:selenium-devtools-v86:4.19.1` where the version ("v86") matches the version of the chromium-based browser you're using and the version number of the artifact is the same as Selenium's.
2024-10-28T12:20:03.412-05:00  INFO 8528 --- [demo] [http-nio-8080-exec-1] o.a.c.c.C.[Tomcat].[localhost].[/]       : Initializing Spring DispatcherServlet 'dispatcherServlet'
2024-10-28T12:20:03.412-05:00  INFO 8528 --- [demo] [http-nio-8080-exec-1] o.s.web.servlet.DispatcherServlet        : Initializing Servlet 'dispatcherServlet'
2024-10-28T12:20:03.413-05:00  INFO 8528 --- [demo] [http-nio-8080-exec-1] o.s.web.servlet.DispatcherServlet        : Completed initialization in 1 ms
2024-10-28T12:20:07.647-05:00  INFO 8528 --- [demo] [SpringApplicationShutdownHook] j.LocalContainerEntityManagerFactoryBean : Closing JPA EntityManagerFactory for persistence unit 'default'
2024-10-28T12:20:07.647-05:00  INFO 8528 --- [demo] [SpringApplicationShutdownHook] com.zaxxer.hikari.HikariDataSource       : HikariPool-2 - Shutdown initiated...
2024-10-28T12:20:07.647-05:00  INFO 8528 --- [demo] [SpringApplicationShutdownHook] com.zaxxer.hikari.HikariDataSource       : HikariPool-2 - Shutdown completed.
2024-10-28T12:21:42.354-05:00  INFO 29216 --- [demo] [main] com.example.demo.frontend.UseCaseTest    : Starting UseCaseTest using Java 17.0.12 with PID 29216 (started by Janus in C:\Users\Janus\Documents\GitHub\PetLand\Proyecto\demo)
2024-10-28T12:21:42.355-05:00  INFO 29216 --- [demo] [main] com.example.demo.frontend.UseCaseTest    : The following 1 profile is active: "test"
2024-10-28T12:21:43.252-05:00  INFO 29216 --- [demo] [main] .s.d.r.c.RepositoryConfigurationDelegate : Bootstrapping Spring Data JPA repositories in DEFAULT mode.
2024-10-28T12:21:43.374-05:00  INFO 29216 --- [demo] [main] .s.d.r.c.RepositoryConfigurationDelegate : Finished Spring Data repository scanning in 99 ms. Found 6 JPA repository interfaces.
2024-10-28T12:21:44.274-05:00  INFO 29216 --- [demo] [main] o.s.b.w.embedded.tomcat.TomcatWebServer  : Tomcat initialized with port 8080 (http)
2024-10-28T12:21:44.297-05:00  INFO 29216 --- [demo] [main] o.apache.catalina.core.StandardService   : Starting service [Tomcat]
2024-10-28T12:21:44.298-05:00  INFO 29216 --- [demo] [main] o.apache.catalina.core.StandardEngine    : Starting Servlet engine: [Apache Tomcat/10.1.26]
2024-10-28T12:21:44.450-05:00  INFO 29216 --- [demo] [main] o.a.c.c.C.[Tomcat].[localhost].[/]       : Initializing Spring embedded WebApplicationContext
2024-10-28T12:21:44.451-05:00  INFO 29216 --- [demo] [main] w.s.c.ServletWebServerApplicationContext : Root WebApplicationContext: initialization completed in 2073 ms
2024-10-28T12:21:44.492-05:00  INFO 29216 --- [demo] [main] com.zaxxer.hikari.HikariDataSource       : HikariPool-1 - Starting...
2024-10-28T12:21:44.769-05:00  INFO 29216 --- [demo] [main] com.zaxxer.hikari.pool.HikariPool        : HikariPool-1 - Added connection conn0: url=jdbc:h2:mem:testdb user=SA
2024-10-28T12:21:44.773-05:00  INFO 29216 --- [demo] [main] com.zaxxer.hikari.HikariDataSource       : HikariPool-1 - Start completed.
2024-10-28T12:21:44.790-05:00  INFO 29216 --- [demo] [main] o.s.b.a.h2.H2ConsoleAutoConfiguration    : H2 console available at '/h2-console'. Database available at 'jdbc:h2:mem:testdb'
2024-10-28T12:21:45.017-05:00  INFO 29216 --- [demo] [main] o.hibernate.jpa.internal.util.LogHelper  : HHH000204: Processing PersistenceUnitInfo [name: default]
2024-10-28T12:21:45.113-05:00  INFO 29216 --- [demo] [main] org.hibernate.Version                    : HHH000412: Hibernate ORM core version 6.5.2.Final
2024-10-28T12:21:45.181-05:00  INFO 29216 --- [demo] [main] o.h.c.internal.RegionFactoryInitiator    : HHH000026: Second-level cache disabled
2024-10-28T12:21:45.713-05:00  INFO 29216 --- [demo] [main] o.s.o.j.p.SpringPersistenceUnitInfo      : No LoadTimeWeaver setup: ignoring JPA class transformer
2024-10-28T12:21:45.761-05:00  WARN 29216 --- [demo] [main] org.hibernate.orm.deprecation            : HHH90000025: H2Dialect does not need to be specified explicitly using 'hibernate.dialect' (remove the property setting and it will be selected by default)
2024-10-28T12:21:46.701-05:00  INFO 29216 --- [demo] [main] o.h.e.t.j.p.i.JtaPlatformInitiator       : HHH000489: No JTA platform available (set 'hibernate.transaction.jta.platform' to enable JTA platform integration)
2024-10-28T12:21:46.768-05:00  INFO 29216 --- [demo] [main] j.LocalContainerEntityManagerFactoryBean : Initialized JPA EntityManagerFactory for persistence unit 'default'
2024-10-28T12:21:47.192-05:00  INFO 29216 --- [demo] [main] o.s.d.j.r.query.QueryEnhancerFactory     : Hibernate is in classpath; If applicable, HQL parser will be used.
2024-10-28T12:21:48.271-05:00  WARN 29216 --- [demo] [main] JpaBaseConfiguration$JpaWebConfiguration : spring.jpa.open-in-view is enabled by default. Therefore, database queries may be performed during view rendering. Explicitly configure spring.jpa.open-in-view to disable this warning
2024-10-28T12:21:48.994-05:00  WARN 29216 --- [demo] [main] ion$DefaultTemplateResolverConfiguration : Cannot find template location: classpath:/templates/ (please add some templates, check your Thymeleaf configuration, or set spring.thymeleaf.check-template-location=false)
2024-10-28T12:21:49.582-05:00  INFO 29216 --- [demo] [main] o.s.b.w.embedded.tomcat.TomcatWebServer  : Tomcat started on port 8080 (http) with context path '/'
2024-10-28T12:21:49.592-05:00  INFO 29216 --- [demo] [main] com.example.demo.frontend.UseCaseTest    : Started UseCaseTest in 7.615 seconds (process running for 8.572)
2024-10-28T12:21:51.703-05:00  INFO 29216 --- [demo] [main] j.LocalContainerEntityManagerFactoryBean : Closing JPA EntityManagerFactory for persistence unit 'default'
2024-10-28T12:21:51.706-05:00  INFO 29216 --- [demo] [main] com.zaxxer.hikari.HikariDataSource       : HikariPool-1 - Shutdown initiated...
2024-10-28T12:21:51.708-05:00  INFO 29216 --- [demo] [main] com.zaxxer.hikari.HikariDataSource       : HikariPool-1 - Shutdown completed.
2024-10-28T12:21:51.716-05:00  INFO 29216 --- [demo] [main] o.s.b.d.r.RestartApplicationListener     : Restart disabled due to context in which it is running
2024-10-28T12:21:51.748-05:00  INFO 29216 --- [demo] [main] com.example.demo.frontend.UseCaseTest    : Starting UseCaseTest using Java 17.0.12 with PID 29216 (started by Janus in C:\Users\Janus\Documents\GitHub\PetLand\Proyecto\demo)
2024-10-28T12:21:51.748-05:00  INFO 29216 --- [demo] [main] com.example.demo.frontend.UseCaseTest    : The following 1 profile is active: "test"
2024-10-28T12:21:51.942-05:00  INFO 29216 --- [demo] [main] .s.d.r.c.RepositoryConfigurationDelegate : Bootstrapping Spring Data JPA repositories in DEFAULT mode.
2024-10-28T12:21:51.965-05:00  INFO 29216 --- [demo] [main] .s.d.r.c.RepositoryConfigurationDelegate : Finished Spring Data repository scanning in 22 ms. Found 6 JPA repository interfaces.
2024-10-28T12:21:52.034-05:00  INFO 29216 --- [demo] [main] o.s.b.w.embedded.tomcat.TomcatWebServer  : Tomcat initialized with port 8080 (http)
2024-10-28T12:21:52.035-05:00  INFO 29216 --- [demo] [main] o.apache.catalina.core.StandardService   : Starting service [Tomcat]
2024-10-28T12:21:52.036-05:00  INFO 29216 --- [demo] [main] o.apache.catalina.core.StandardEngine    : Starting Servlet engine: [Apache Tomcat/10.1.26]
2024-10-28T12:21:52.077-05:00  INFO 29216 --- [demo] [main] o.a.c.c.C.[Tomcat].[localhost].[/]       : Initializing Spring embedded WebApplicationContext
2024-10-28T12:21:52.077-05:00  INFO 29216 --- [demo] [main] w.s.c.ServletWebServerApplicationContext : Root WebApplicationContext: initialization completed in 327 ms
2024-10-28T12:21:52.091-05:00  INFO 29216 --- [demo] [main] com.zaxxer.hikari.HikariDataSource       : HikariPool-2 - Starting...
2024-10-28T12:21:52.092-05:00  INFO 29216 --- [demo] [main] com.zaxxer.hikari.pool.HikariPool        : HikariPool-2 - Added connection conn10: url=jdbc:h2:mem:testdb user=SA
2024-10-28T12:21:52.093-05:00  INFO 29216 --- [demo] [main] com.zaxxer.hikari.HikariDataSource       : HikariPool-2 - Start completed.
2024-10-28T12:21:52.093-05:00  INFO 29216 --- [demo] [main] o.s.b.a.h2.H2ConsoleAutoConfiguration    : H2 console available at '/h2-console'. Database available at 'jdbc:h2:mem:testdb'
2024-10-28T12:21:52.114-05:00  INFO 29216 --- [demo] [main] o.hibernate.jpa.internal.util.LogHelper  : HHH000204: Processing PersistenceUnitInfo [name: default]
2024-10-28T12:21:52.119-05:00  INFO 29216 --- [demo] [main] o.h.c.internal.RegionFactoryInitiator    : HHH000026: Second-level cache disabled
2024-10-28T12:21:52.138-05:00  INFO 29216 --- [demo] [main] o.s.o.j.p.SpringPersistenceUnitInfo      : No LoadTimeWeaver setup: ignoring JPA class transformer
2024-10-28T12:21:52.140-05:00  WARN 29216 --- [demo] [main] org.hibernate.orm.deprecation            : HHH90000025: H2Dialect does not need to be specified explicitly using 'hibernate.dialect' (remove the property setting and it will be selected by default)
2024-10-28T12:21:52.282-05:00  INFO 29216 --- [demo] [main] o.h.e.t.j.p.i.JtaPlatformInitiator       : HHH000489: No JTA platform available (set 'hibernate.transaction.jta.platform' to enable JTA platform integration)
2024-10-28T12:21:52.301-05:00  INFO 29216 --- [demo] [main] j.LocalContainerEntityManagerFactoryBean : Initialized JPA EntityManagerFactory for persistence unit 'default'
2024-10-28T12:21:52.461-05:00  WARN 29216 --- [demo] [main] JpaBaseConfiguration$JpaWebConfiguration : spring.jpa.open-in-view is enabled by default. Therefore, database queries may be performed during view rendering. Explicitly configure spring.jpa.open-in-view to disable this warning
2024-10-28T12:21:52.558-05:00  WARN 29216 --- [demo] [main] ion$DefaultTemplateResolverConfiguration : Cannot find template location: classpath:/templates/ (please add some templates, check your Thymeleaf configuration, or set spring.thymeleaf.check-template-location=false)
2024-10-28T12:21:52.595-05:00  INFO 29216 --- [demo] [main] o.s.b.w.embedded.tomcat.TomcatWebServer  : Tomcat started on port 8080 (http) with context path '/'
2024-10-28T12:21:52.600-05:00  INFO 29216 --- [demo] [main] com.example.demo.frontend.UseCaseTest    : Started UseCaseTest in 0.885 seconds (process running for 11.58)
2024-10-28T12:21:53.597-05:00  INFO 29216 --- [demo] [main] i.g.bonigarcia.wdm.WebDriverManager      : Using chromedriver 130.0.6723.69 (resolved driver for Chrome 130)
2024-10-28T12:21:53.652-05:00  INFO 29216 --- [demo] [main] i.g.bonigarcia.wdm.WebDriverManager      : Exporting webdriver.chrome.driver as C:\Users\Janus\.cache\selenium\chromedriver\win64\130.0.6723.69\chromedriver.exe
2024-10-28T12:21:54.747-05:00  WARN 29216 --- [demo] [main] o.o.selenium.devtools.CdpVersionFinder   : Unable to find CDP implementation matching 130
2024-10-28T12:21:54.747-05:00  WARN 29216 --- [demo] [main] o.o.selenium.chromium.ChromiumDriver     : Unable to find version of CDP to use for 130.0.6723.70. You may need to include a dependency on a specific version of the CDP using something similar to `org.seleniumhq.selenium:selenium-devtools-v86:4.19.1` where the version ("v86") matches the version of the chromium-based browser you're using and the version number of the artifact is the same as Selenium's.
2024-10-28T12:21:55.302-05:00  INFO 29216 --- [demo] [http-nio-8080-exec-1] o.a.c.c.C.[Tomcat].[localhost].[/]       : Initializing Spring DispatcherServlet 'dispatcherServlet'
2024-10-28T12:21:55.302-05:00  INFO 29216 --- [demo] [http-nio-8080-exec-1] o.s.web.servlet.DispatcherServlet        : Initializing Servlet 'dispatcherServlet'
2024-10-28T12:21:55.302-05:00  INFO 29216 --- [demo] [http-nio-8080-exec-1] o.s.web.servlet.DispatcherServlet        : Completed initialization in 0 ms
2024-10-28T12:21:59.543-05:00  INFO 29216 --- [demo] [SpringApplicationShutdownHook] j.LocalContainerEntityManagerFactoryBean : Closing JPA EntityManagerFactory for persistence unit 'default'
2024-10-28T12:21:59.543-05:00  INFO 29216 --- [demo] [SpringApplicationShutdownHook] com.zaxxer.hikari.HikariDataSource       : HikariPool-2 - Shutdown initiated...
2024-10-28T12:21:59.545-05:00  INFO 29216 --- [demo] [SpringApplicationShutdownHook] com.zaxxer.hikari.HikariDataSource       : HikariPool-2 - Shutdown completed.
2024-10-28T12:22:15.135-05:00  INFO 6496 --- [demo] [main] com.example.demo.frontend.UseCaseTest    : Starting UseCaseTest using Java 17.0.12 with PID 6496 (started by Janus in C:\Users\Janus\Documents\GitHub\PetLand\Proyecto\demo)
2024-10-28T12:22:15.136-05:00  INFO 6496 --- [demo] [main] com.example.demo.frontend.UseCaseTest    : The following 1 profile is active: "test"
2024-10-28T12:22:16.066-05:00  INFO 6496 --- [demo] [main] .s.d.r.c.RepositoryConfigurationDelegate : Bootstrapping Spring Data JPA repositories in DEFAULT mode.
2024-10-28T12:22:16.165-05:00  INFO 6496 --- [demo] [main] .s.d.r.c.RepositoryConfigurationDelegate : Finished Spring Data repository scanning in 84 ms. Found 6 JPA repository interfaces.
2024-10-28T12:22:17.211-05:00  INFO 6496 --- [demo] [main] o.s.b.w.embedded.tomcat.TomcatWebServer  : Tomcat initialized with port 8080 (http)
2024-10-28T12:22:17.250-05:00  INFO 6496 --- [demo] [main] o.apache.catalina.core.StandardService   : Starting service [Tomcat]
2024-10-28T12:22:17.251-05:00  INFO 6496 --- [demo] [main] o.apache.catalina.core.StandardEngine    : Starting Servlet engine: [Apache Tomcat/10.1.26]
2024-10-28T12:22:17.409-05:00  INFO 6496 --- [demo] [main] o.a.c.c.C.[Tomcat].[localhost].[/]       : Initializing Spring embedded WebApplicationContext
2024-10-28T12:22:17.410-05:00  INFO 6496 --- [demo] [main] w.s.c.ServletWebServerApplicationContext : Root WebApplicationContext: initialization completed in 2252 ms
2024-10-28T12:22:17.468-05:00  INFO 6496 --- [demo] [main] com.zaxxer.hikari.HikariDataSource       : HikariPool-1 - Starting...
2024-10-28T12:22:17.799-05:00  INFO 6496 --- [demo] [main] com.zaxxer.hikari.pool.HikariPool        : HikariPool-1 - Added connection conn0: url=jdbc:h2:mem:testdb user=SA
2024-10-28T12:22:17.802-05:00  INFO 6496 --- [demo] [main] com.zaxxer.hikari.HikariDataSource       : HikariPool-1 - Start completed.
2024-10-28T12:22:17.821-05:00  INFO 6496 --- [demo] [main] o.s.b.a.h2.H2ConsoleAutoConfiguration    : H2 console available at '/h2-console'. Database available at 'jdbc:h2:mem:testdb'
2024-10-28T12:22:18.062-05:00  INFO 6496 --- [demo] [main] o.hibernate.jpa.internal.util.LogHelper  : HHH000204: Processing PersistenceUnitInfo [name: default]
2024-10-28T12:22:18.195-05:00  INFO 6496 --- [demo] [main] org.hibernate.Version                    : HHH000412: Hibernate ORM core version 6.5.2.Final
2024-10-28T12:22:18.254-05:00  INFO 6496 --- [demo] [main] o.h.c.internal.RegionFactoryInitiator    : HHH000026: Second-level cache disabled
2024-10-28T12:22:18.801-05:00  INFO 6496 --- [demo] [main] o.s.o.j.p.SpringPersistenceUnitInfo      : No LoadTimeWeaver setup: ignoring JPA class transformer
2024-10-28T12:22:18.843-05:00  WARN 6496 --- [demo] [main] org.hibernate.orm.deprecation            : HHH90000025: H2Dialect does not need to be specified explicitly using 'hibernate.dialect' (remove the property setting and it will be selected by default)
2024-10-28T12:22:19.779-05:00  INFO 6496 --- [demo] [main] o.h.e.t.j.p.i.JtaPlatformInitiator       : HHH000489: No JTA platform available (set 'hibernate.transaction.jta.platform' to enable JTA platform integration)
2024-10-28T12:22:19.842-05:00  INFO 6496 --- [demo] [main] j.LocalContainerEntityManagerFactoryBean : Initialized JPA EntityManagerFactory for persistence unit 'default'
2024-10-28T12:22:20.230-05:00  INFO 6496 --- [demo] [main] o.s.d.j.r.query.QueryEnhancerFactory     : Hibernate is in classpath; If applicable, HQL parser will be used.
2024-10-28T12:22:21.286-05:00  WARN 6496 --- [demo] [main] JpaBaseConfiguration$JpaWebConfiguration : spring.jpa.open-in-view is enabled by default. Therefore, database queries may be performed during view rendering. Explicitly configure spring.jpa.open-in-view to disable this warning
2024-10-28T12:22:21.933-05:00  WARN 6496 --- [demo] [main] ion$DefaultTemplateResolverConfiguration : Cannot find template location: classpath:/templates/ (please add some templates, check your Thymeleaf configuration, or set spring.thymeleaf.check-template-location=false)
2024-10-28T12:22:22.508-05:00  INFO 6496 --- [demo] [main] o.s.b.w.embedded.tomcat.TomcatWebServer  : Tomcat started on port 8080 (http) with context path '/'
2024-10-28T12:22:22.517-05:00  INFO 6496 --- [demo] [main] com.example.demo.frontend.UseCaseTest    : Started UseCaseTest in 7.8 seconds (process running for 8.777)
2024-10-28T12:22:24.679-05:00  INFO 6496 --- [demo] [main] j.LocalContainerEntityManagerFactoryBean : Closing JPA EntityManagerFactory for persistence unit 'default'
2024-10-28T12:22:24.682-05:00  INFO 6496 --- [demo] [main] com.zaxxer.hikari.HikariDataSource       : HikariPool-1 - Shutdown initiated...
2024-10-28T12:22:24.686-05:00  INFO 6496 --- [demo] [main] com.zaxxer.hikari.HikariDataSource       : HikariPool-1 - Shutdown completed.
2024-10-28T12:22:24.695-05:00  INFO 6496 --- [demo] [main] o.s.b.d.r.RestartApplicationListener     : Restart disabled due to context in which it is running
2024-10-28T12:22:24.732-05:00  INFO 6496 --- [demo] [main] com.example.demo.frontend.UseCaseTest    : Starting UseCaseTest using Java 17.0.12 with PID 6496 (started by Janus in C:\Users\Janus\Documents\GitHub\PetLand\Proyecto\demo)
2024-10-28T12:22:24.733-05:00  INFO 6496 --- [demo] [main] com.example.demo.frontend.UseCaseTest    : The following 1 profile is active: "test"
2024-10-28T12:22:24.935-05:00  INFO 6496 --- [demo] [main] .s.d.r.c.RepositoryConfigurationDelegate : Bootstrapping Spring Data JPA repositories in DEFAULT mode.
2024-10-28T12:22:24.970-05:00  INFO 6496 --- [demo] [main] .s.d.r.c.RepositoryConfigurationDelegate : Finished Spring Data repository scanning in 34 ms. Found 6 JPA repository interfaces.
2024-10-28T12:22:25.047-05:00  INFO 6496 --- [demo] [main] o.s.b.w.embedded.tomcat.TomcatWebServer  : Tomcat initialized with port 8080 (http)
2024-10-28T12:22:25.049-05:00  INFO 6496 --- [demo] [main] o.apache.catalina.core.StandardService   : Starting service [Tomcat]
2024-10-28T12:22:25.049-05:00  INFO 6496 --- [demo] [main] o.apache.catalina.core.StandardEngine    : Starting Servlet engine: [Apache Tomcat/10.1.26]
2024-10-28T12:22:25.091-05:00  INFO 6496 --- [demo] [main] o.a.c.c.C.[Tomcat].[localhost].[/]       : Initializing Spring embedded WebApplicationContext
2024-10-28T12:22:25.092-05:00  INFO 6496 --- [demo] [main] w.s.c.ServletWebServerApplicationContext : Root WebApplicationContext: initialization completed in 356 ms
2024-10-28T12:22:25.103-05:00  INFO 6496 --- [demo] [main] com.zaxxer.hikari.HikariDataSource       : HikariPool-2 - Starting...
2024-10-28T12:22:25.105-05:00  INFO 6496 --- [demo] [main] com.zaxxer.hikari.pool.HikariPool        : HikariPool-2 - Added connection conn10: url=jdbc:h2:mem:testdb user=SA
2024-10-28T12:22:25.105-05:00  INFO 6496 --- [demo] [main] com.zaxxer.hikari.HikariDataSource       : HikariPool-2 - Start completed.
2024-10-28T12:22:25.106-05:00  INFO 6496 --- [demo] [main] o.s.b.a.h2.H2ConsoleAutoConfiguration    : H2 console available at '/h2-console'. Database available at 'jdbc:h2:mem:testdb'
2024-10-28T12:22:25.131-05:00  INFO 6496 --- [demo] [main] o.hibernate.jpa.internal.util.LogHelper  : HHH000204: Processing PersistenceUnitInfo [name: default]
2024-10-28T12:22:25.139-05:00  INFO 6496 --- [demo] [main] o.h.c.internal.RegionFactoryInitiator    : HHH000026: Second-level cache disabled
2024-10-28T12:22:25.157-05:00  INFO 6496 --- [demo] [main] o.s.o.j.p.SpringPersistenceUnitInfo      : No LoadTimeWeaver setup: ignoring JPA class transformer
2024-10-28T12:22:25.160-05:00  WARN 6496 --- [demo] [main] org.hibernate.orm.deprecation            : HHH90000025: H2Dialect does not need to be specified explicitly using 'hibernate.dialect' (remove the property setting and it will be selected by default)
2024-10-28T12:22:25.290-05:00  INFO 6496 --- [demo] [main] o.h.e.t.j.p.i.JtaPlatformInitiator       : HHH000489: No JTA platform available (set 'hibernate.transaction.jta.platform' to enable JTA platform integration)
2024-10-28T12:22:25.301-05:00  INFO 6496 --- [demo] [main] j.LocalContainerEntityManagerFactoryBean : Initialized JPA EntityManagerFactory for persistence unit 'default'
2024-10-28T12:22:25.486-05:00  WARN 6496 --- [demo] [main] JpaBaseConfiguration$JpaWebConfiguration : spring.jpa.open-in-view is enabled by default. Therefore, database queries may be performed during view rendering. Explicitly configure spring.jpa.open-in-view to disable this warning
2024-10-28T12:22:25.566-05:00  WARN 6496 --- [demo] [main] ion$DefaultTemplateResolverConfiguration : Cannot find template location: classpath:/templates/ (please add some templates, check your Thymeleaf configuration, or set spring.thymeleaf.check-template-location=false)
2024-10-28T12:22:25.619-05:00  INFO 6496 --- [demo] [main] o.s.b.w.embedded.tomcat.TomcatWebServer  : Tomcat started on port 8080 (http) with context path '/'
2024-10-28T12:22:25.624-05:00  INFO 6496 --- [demo] [main] com.example.demo.frontend.UseCaseTest    : Started UseCaseTest in 0.93 seconds (process running for 11.884)
2024-10-28T12:22:26.728-05:00  INFO 6496 --- [demo] [main] i.g.bonigarcia.wdm.WebDriverManager      : Using chromedriver 130.0.6723.69 (resolved driver for Chrome 130)
2024-10-28T12:22:26.777-05:00  INFO 6496 --- [demo] [main] i.g.bonigarcia.wdm.WebDriverManager      : Exporting webdriver.chrome.driver as C:\Users\Janus\.cache\selenium\chromedriver\win64\130.0.6723.69\chromedriver.exe
2024-10-28T12:22:27.710-05:00  WARN 6496 --- [demo] [main] o.o.selenium.devtools.CdpVersionFinder   : Unable to find CDP implementation matching 130
2024-10-28T12:22:27.710-05:00  WARN 6496 --- [demo] [main] o.o.selenium.chromium.ChromiumDriver     : Unable to find version of CDP to use for 130.0.6723.70. You may need to include a dependency on a specific version of the CDP using something similar to `org.seleniumhq.selenium:selenium-devtools-v86:4.19.1` where the version ("v86") matches the version of the chromium-based browser you're using and the version number of the artifact is the same as Selenium's.
2024-10-28T12:22:28.298-05:00  INFO 6496 --- [demo] [http-nio-8080-exec-1] o.a.c.c.C.[Tomcat].[localhost].[/]       : Initializing Spring DispatcherServlet 'dispatcherServlet'
2024-10-28T12:22:28.299-05:00  INFO 6496 --- [demo] [http-nio-8080-exec-1] o.s.web.servlet.DispatcherServlet        : Initializing Servlet 'dispatcherServlet'
2024-10-28T12:22:28.300-05:00  INFO 6496 --- [demo] [http-nio-8080-exec-1] o.s.web.servlet.DispatcherServlet        : Completed initialization in 1 ms
2024-10-28T12:22:31.495-05:00  INFO 6496 --- [demo] [SpringApplicationShutdownHook] j.LocalContainerEntityManagerFactoryBean : Closing JPA EntityManagerFactory for persistence unit 'default'
2024-10-28T12:22:31.495-05:00  INFO 6496 --- [demo] [SpringApplicationShutdownHook] com.zaxxer.hikari.HikariDataSource       : HikariPool-2 - Shutdown initiated...
2024-10-28T12:22:31.496-05:00  INFO 6496 --- [demo] [SpringApplicationShutdownHook] com.zaxxer.hikari.HikariDataSource       : HikariPool-2 - Shutdown completed.
2024-10-28T12:23:05.454-05:00  INFO 21556 --- [demo] [main] com.example.demo.frontend.UseCaseTest    : Starting UseCaseTest using Java 17.0.12 with PID 21556 (started by Janus in C:\Users\Janus\Documents\GitHub\PetLand\Proyecto\demo)
2024-10-28T12:23:05.455-05:00  INFO 21556 --- [demo] [main] com.example.demo.frontend.UseCaseTest    : The following 1 profile is active: "test"
2024-10-28T12:23:06.276-05:00  INFO 21556 --- [demo] [main] .s.d.r.c.RepositoryConfigurationDelegate : Bootstrapping Spring Data JPA repositories in DEFAULT mode.
2024-10-28T12:23:06.389-05:00  INFO 21556 --- [demo] [main] .s.d.r.c.RepositoryConfigurationDelegate : Finished Spring Data repository scanning in 91 ms. Found 6 JPA repository interfaces.
2024-10-28T12:23:07.178-05:00  INFO 21556 --- [demo] [main] o.s.b.w.embedded.tomcat.TomcatWebServer  : Tomcat initialized with port 8080 (http)
2024-10-28T12:23:07.196-05:00  INFO 21556 --- [demo] [main] o.apache.catalina.core.StandardService   : Starting service [Tomcat]
2024-10-28T12:23:07.196-05:00  INFO 21556 --- [demo] [main] o.apache.catalina.core.StandardEngine    : Starting Servlet engine: [Apache Tomcat/10.1.26]
2024-10-28T12:23:07.309-05:00  INFO 21556 --- [demo] [main] o.a.c.c.C.[Tomcat].[localhost].[/]       : Initializing Spring embedded WebApplicationContext
2024-10-28T12:23:07.309-05:00  INFO 21556 --- [demo] [main] w.s.c.ServletWebServerApplicationContext : Root WebApplicationContext: initialization completed in 1835 ms
2024-10-28T12:23:07.348-05:00  INFO 21556 --- [demo] [main] com.zaxxer.hikari.HikariDataSource       : HikariPool-1 - Starting...
2024-10-28T12:23:07.606-05:00  INFO 21556 --- [demo] [main] com.zaxxer.hikari.pool.HikariPool        : HikariPool-1 - Added connection conn0: url=jdbc:h2:mem:testdb user=SA
2024-10-28T12:23:07.608-05:00  INFO 21556 --- [demo] [main] com.zaxxer.hikari.HikariDataSource       : HikariPool-1 - Start completed.
2024-10-28T12:23:07.622-05:00  INFO 21556 --- [demo] [main] o.s.b.a.h2.H2ConsoleAutoConfiguration    : H2 console available at '/h2-console'. Database available at 'jdbc:h2:mem:testdb'
2024-10-28T12:23:07.871-05:00  INFO 21556 --- [demo] [main] o.hibernate.jpa.internal.util.LogHelper  : HHH000204: Processing PersistenceUnitInfo [name: default]
2024-10-28T12:23:07.978-05:00  INFO 21556 --- [demo] [main] org.hibernate.Version                    : HHH000412: Hibernate ORM core version 6.5.2.Final
2024-10-28T12:23:08.058-05:00  INFO 21556 --- [demo] [main] o.h.c.internal.RegionFactoryInitiator    : HHH000026: Second-level cache disabled
2024-10-28T12:23:08.603-05:00  INFO 21556 --- [demo] [main] o.s.o.j.p.SpringPersistenceUnitInfo      : No LoadTimeWeaver setup: ignoring JPA class transformer
2024-10-28T12:23:08.654-05:00  WARN 21556 --- [demo] [main] org.hibernate.orm.deprecation            : HHH90000025: H2Dialect does not need to be specified explicitly using 'hibernate.dialect' (remove the property setting and it will be selected by default)
2024-10-28T12:23:09.661-05:00  INFO 21556 --- [demo] [main] o.h.e.t.j.p.i.JtaPlatformInitiator       : HHH000489: No JTA platform available (set 'hibernate.transaction.jta.platform' to enable JTA platform integration)
2024-10-28T12:23:09.723-05:00  INFO 21556 --- [demo] [main] j.LocalContainerEntityManagerFactoryBean : Initialized JPA EntityManagerFactory for persistence unit 'default'
2024-10-28T12:23:10.262-05:00  INFO 21556 --- [demo] [main] o.s.d.j.r.query.QueryEnhancerFactory     : Hibernate is in classpath; If applicable, HQL parser will be used.
2024-10-28T12:23:11.355-05:00  WARN 21556 --- [demo] [main] JpaBaseConfiguration$JpaWebConfiguration : spring.jpa.open-in-view is enabled by default. Therefore, database queries may be performed during view rendering. Explicitly configure spring.jpa.open-in-view to disable this warning
2024-10-28T12:23:12.151-05:00  WARN 21556 --- [demo] [main] ion$DefaultTemplateResolverConfiguration : Cannot find template location: classpath:/templates/ (please add some templates, check your Thymeleaf configuration, or set spring.thymeleaf.check-template-location=false)
2024-10-28T12:23:12.764-05:00  INFO 21556 --- [demo] [main] o.s.b.w.embedded.tomcat.TomcatWebServer  : Tomcat started on port 8080 (http) with context path '/'
2024-10-28T12:23:12.779-05:00  INFO 21556 --- [demo] [main] com.example.demo.frontend.UseCaseTest    : Started UseCaseTest in 7.744 seconds (process running for 8.723)
2024-10-28T12:23:14.964-05:00  INFO 21556 --- [demo] [main] j.LocalContainerEntityManagerFactoryBean : Closing JPA EntityManagerFactory for persistence unit 'default'
2024-10-28T12:23:14.968-05:00  INFO 21556 --- [demo] [main] com.zaxxer.hikari.HikariDataSource       : HikariPool-1 - Shutdown initiated...
2024-10-28T12:23:14.971-05:00  INFO 21556 --- [demo] [main] com.zaxxer.hikari.HikariDataSource       : HikariPool-1 - Shutdown completed.
2024-10-28T12:23:14.979-05:00  INFO 21556 --- [demo] [main] o.s.b.d.r.RestartApplicationListener     : Restart disabled due to context in which it is running
2024-10-28T12:23:15.010-05:00  INFO 21556 --- [demo] [main] com.example.demo.frontend.UseCaseTest    : Starting UseCaseTest using Java 17.0.12 with PID 21556 (started by Janus in C:\Users\Janus\Documents\GitHub\PetLand\Proyecto\demo)
2024-10-28T12:23:15.010-05:00  INFO 21556 --- [demo] [main] com.example.demo.frontend.UseCaseTest    : The following 1 profile is active: "test"
2024-10-28T12:23:15.193-05:00  INFO 21556 --- [demo] [main] .s.d.r.c.RepositoryConfigurationDelegate : Bootstrapping Spring Data JPA repositories in DEFAULT mode.
2024-10-28T12:23:15.214-05:00  INFO 21556 --- [demo] [main] .s.d.r.c.RepositoryConfigurationDelegate : Finished Spring Data repository scanning in 21 ms. Found 6 JPA repository interfaces.
2024-10-28T12:23:15.285-05:00  INFO 21556 --- [demo] [main] o.s.b.w.embedded.tomcat.TomcatWebServer  : Tomcat initialized with port 8080 (http)
2024-10-28T12:23:15.286-05:00  INFO 21556 --- [demo] [main] o.apache.catalina.core.StandardService   : Starting service [Tomcat]
2024-10-28T12:23:15.287-05:00  INFO 21556 --- [demo] [main] o.apache.catalina.core.StandardEngine    : Starting Servlet engine: [Apache Tomcat/10.1.26]
2024-10-28T12:23:15.328-05:00  INFO 21556 --- [demo] [main] o.a.c.c.C.[Tomcat].[localhost].[/]       : Initializing Spring embedded WebApplicationContext
2024-10-28T12:23:15.328-05:00  INFO 21556 --- [demo] [main] w.s.c.ServletWebServerApplicationContext : Root WebApplicationContext: initialization completed in 316 ms
2024-10-28T12:23:15.338-05:00  INFO 21556 --- [demo] [main] com.zaxxer.hikari.HikariDataSource       : HikariPool-2 - Starting...
2024-10-28T12:23:15.340-05:00  INFO 21556 --- [demo] [main] com.zaxxer.hikari.pool.HikariPool        : HikariPool-2 - Added connection conn10: url=jdbc:h2:mem:testdb user=SA
2024-10-28T12:23:15.340-05:00  INFO 21556 --- [demo] [main] com.zaxxer.hikari.HikariDataSource       : HikariPool-2 - Start completed.
2024-10-28T12:23:15.340-05:00  INFO 21556 --- [demo] [main] o.s.b.a.h2.H2ConsoleAutoConfiguration    : H2 console available at '/h2-console'. Database available at 'jdbc:h2:mem:testdb'
2024-10-28T12:23:15.364-05:00  INFO 21556 --- [demo] [main] o.hibernate.jpa.internal.util.LogHelper  : HHH000204: Processing PersistenceUnitInfo [name: default]
2024-10-28T12:23:15.370-05:00  INFO 21556 --- [demo] [main] o.h.c.internal.RegionFactoryInitiator    : HHH000026: Second-level cache disabled
2024-10-28T12:23:15.388-05:00  INFO 21556 --- [demo] [main] o.s.o.j.p.SpringPersistenceUnitInfo      : No LoadTimeWeaver setup: ignoring JPA class transformer
2024-10-28T12:23:15.391-05:00  WARN 21556 --- [demo] [main] org.hibernate.orm.deprecation            : HHH90000025: H2Dialect does not need to be specified explicitly using 'hibernate.dialect' (remove the property setting and it will be selected by default)
2024-10-28T12:23:15.514-05:00  INFO 21556 --- [demo] [main] o.h.e.t.j.p.i.JtaPlatformInitiator       : HHH000489: No JTA platform available (set 'hibernate.transaction.jta.platform' to enable JTA platform integration)
2024-10-28T12:23:15.523-05:00  INFO 21556 --- [demo] [main] j.LocalContainerEntityManagerFactoryBean : Initialized JPA EntityManagerFactory for persistence unit 'default'
2024-10-28T12:23:15.661-05:00  WARN 21556 --- [demo] [main] JpaBaseConfiguration$JpaWebConfiguration : spring.jpa.open-in-view is enabled by default. Therefore, database queries may be performed during view rendering. Explicitly configure spring.jpa.open-in-view to disable this warning
2024-10-28T12:23:15.739-05:00  WARN 21556 --- [demo] [main] ion$DefaultTemplateResolverConfiguration : Cannot find template location: classpath:/templates/ (please add some templates, check your Thymeleaf configuration, or set spring.thymeleaf.check-template-location=false)
2024-10-28T12:23:15.776-05:00  INFO 21556 --- [demo] [main] o.s.b.w.embedded.tomcat.TomcatWebServer  : Tomcat started on port 8080 (http) with context path '/'
2024-10-28T12:23:15.781-05:00  INFO 21556 --- [demo] [main] com.example.demo.frontend.UseCaseTest    : Started UseCaseTest in 0.802 seconds (process running for 11.726)
2024-10-28T12:23:16.878-05:00  INFO 21556 --- [demo] [main] i.g.bonigarcia.wdm.WebDriverManager      : Using chromedriver 130.0.6723.69 (resolved driver for Chrome 130)
2024-10-28T12:23:16.928-05:00  INFO 21556 --- [demo] [main] i.g.bonigarcia.wdm.WebDriverManager      : Exporting webdriver.chrome.driver as C:\Users\Janus\.cache\selenium\chromedriver\win64\130.0.6723.69\chromedriver.exe
2024-10-28T12:23:17.848-05:00  WARN 21556 --- [demo] [main] o.o.selenium.devtools.CdpVersionFinder   : Unable to find CDP implementation matching 130
2024-10-28T12:23:17.848-05:00  WARN 21556 --- [demo] [main] o.o.selenium.chromium.ChromiumDriver     : Unable to find version of CDP to use for 130.0.6723.70. You may need to include a dependency on a specific version of the CDP using something similar to `org.seleniumhq.selenium:selenium-devtools-v86:4.19.1` where the version ("v86") matches the version of the chromium-based browser you're using and the version number of the artifact is the same as Selenium's.
2024-10-28T12:23:18.419-05:00  INFO 21556 --- [demo] [http-nio-8080-exec-1] o.a.c.c.C.[Tomcat].[localhost].[/]       : Initializing Spring DispatcherServlet 'dispatcherServlet'
2024-10-28T12:23:18.419-05:00  INFO 21556 --- [demo] [http-nio-8080-exec-1] o.s.web.servlet.DispatcherServlet        : Initializing Servlet 'dispatcherServlet'
2024-10-28T12:23:18.420-05:00  INFO 21556 --- [demo] [http-nio-8080-exec-1] o.s.web.servlet.DispatcherServlet        : Completed initialization in 0 ms
2024-10-28T12:23:21.588-05:00  INFO 21556 --- [demo] [SpringApplicationShutdownHook] j.LocalContainerEntityManagerFactoryBean : Closing JPA EntityManagerFactory for persistence unit 'default'
2024-10-28T12:23:21.589-05:00  INFO 21556 --- [demo] [SpringApplicationShutdownHook] com.zaxxer.hikari.HikariDataSource       : HikariPool-2 - Shutdown initiated...
2024-10-28T12:23:21.589-05:00  INFO 21556 --- [demo] [SpringApplicationShutdownHook] com.zaxxer.hikari.HikariDataSource       : HikariPool-2 - Shutdown completed.
2024-10-28T12:23:39.334-05:00  INFO 14948 --- [demo] [main] com.example.demo.frontend.UseCaseTest    : Starting UseCaseTest using Java 17.0.12 with PID 14948 (started by Janus in C:\Users\Janus\Documents\GitHub\PetLand\Proyecto\demo)
2024-10-28T12:23:39.336-05:00  INFO 14948 --- [demo] [main] com.example.demo.frontend.UseCaseTest    : The following 1 profile is active: "test"
2024-10-28T12:23:40.188-05:00  INFO 14948 --- [demo] [main] .s.d.r.c.RepositoryConfigurationDelegate : Bootstrapping Spring Data JPA repositories in DEFAULT mode.
2024-10-28T12:23:40.301-05:00  INFO 14948 --- [demo] [main] .s.d.r.c.RepositoryConfigurationDelegate : Finished Spring Data repository scanning in 92 ms. Found 6 JPA repository interfaces.
2024-10-28T12:23:41.224-05:00  INFO 14948 --- [demo] [main] o.s.b.w.embedded.tomcat.TomcatWebServer  : Tomcat initialized with port 8080 (http)
2024-10-28T12:23:41.248-05:00  INFO 14948 --- [demo] [main] o.apache.catalina.core.StandardService   : Starting service [Tomcat]
2024-10-28T12:23:41.249-05:00  INFO 14948 --- [demo] [main] o.apache.catalina.core.StandardEngine    : Starting Servlet engine: [Apache Tomcat/10.1.26]
2024-10-28T12:23:41.385-05:00  INFO 14948 --- [demo] [main] o.a.c.c.C.[Tomcat].[localhost].[/]       : Initializing Spring embedded WebApplicationContext
2024-10-28T12:23:41.386-05:00  INFO 14948 --- [demo] [main] w.s.c.ServletWebServerApplicationContext : Root WebApplicationContext: initialization completed in 2028 ms
2024-10-28T12:23:41.445-05:00  INFO 14948 --- [demo] [main] com.zaxxer.hikari.HikariDataSource       : HikariPool-1 - Starting...
2024-10-28T12:23:41.726-05:00  INFO 14948 --- [demo] [main] com.zaxxer.hikari.pool.HikariPool        : HikariPool-1 - Added connection conn0: url=jdbc:h2:mem:testdb user=SA
2024-10-28T12:23:41.731-05:00  INFO 14948 --- [demo] [main] com.zaxxer.hikari.HikariDataSource       : HikariPool-1 - Start completed.
2024-10-28T12:23:41.751-05:00  INFO 14948 --- [demo] [main] o.s.b.a.h2.H2ConsoleAutoConfiguration    : H2 console available at '/h2-console'. Database available at 'jdbc:h2:mem:testdb'
2024-10-28T12:23:41.949-05:00  INFO 14948 --- [demo] [main] o.hibernate.jpa.internal.util.LogHelper  : HHH000204: Processing PersistenceUnitInfo [name: default]
2024-10-28T12:23:42.090-05:00  INFO 14948 --- [demo] [main] org.hibernate.Version                    : HHH000412: Hibernate ORM core version 6.5.2.Final
2024-10-28T12:23:42.162-05:00  INFO 14948 --- [demo] [main] o.h.c.internal.RegionFactoryInitiator    : HHH000026: Second-level cache disabled
2024-10-28T12:23:42.770-05:00  INFO 14948 --- [demo] [main] o.s.o.j.p.SpringPersistenceUnitInfo      : No LoadTimeWeaver setup: ignoring JPA class transformer
2024-10-28T12:23:42.813-05:00  WARN 14948 --- [demo] [main] org.hibernate.orm.deprecation            : HHH90000025: H2Dialect does not need to be specified explicitly using 'hibernate.dialect' (remove the property setting and it will be selected by default)
2024-10-28T12:23:43.803-05:00  INFO 14948 --- [demo] [main] o.h.e.t.j.p.i.JtaPlatformInitiator       : HHH000489: No JTA platform available (set 'hibernate.transaction.jta.platform' to enable JTA platform integration)
2024-10-28T12:23:43.872-05:00  INFO 14948 --- [demo] [main] j.LocalContainerEntityManagerFactoryBean : Initialized JPA EntityManagerFactory for persistence unit 'default'
2024-10-28T12:23:44.323-05:00  INFO 14948 --- [demo] [main] o.s.d.j.r.query.QueryEnhancerFactory     : Hibernate is in classpath; If applicable, HQL parser will be used.
2024-10-28T12:23:45.464-05:00  WARN 14948 --- [demo] [main] JpaBaseConfiguration$JpaWebConfiguration : spring.jpa.open-in-view is enabled by default. Therefore, database queries may be performed during view rendering. Explicitly configure spring.jpa.open-in-view to disable this warning
2024-10-28T12:23:46.152-05:00  WARN 14948 --- [demo] [main] ion$DefaultTemplateResolverConfiguration : Cannot find template location: classpath:/templates/ (please add some templates, check your Thymeleaf configuration, or set spring.thymeleaf.check-template-location=false)
2024-10-28T12:23:46.857-05:00  INFO 14948 --- [demo] [main] o.s.b.w.embedded.tomcat.TomcatWebServer  : Tomcat started on port 8080 (http) with context path '/'
2024-10-28T12:23:46.873-05:00  INFO 14948 --- [demo] [main] com.example.demo.frontend.UseCaseTest    : Started UseCaseTest in 7.927 seconds (process running for 8.872)
2024-10-28T12:23:49.506-05:00  INFO 14948 --- [demo] [main] j.LocalContainerEntityManagerFactoryBean : Closing JPA EntityManagerFactory for persistence unit 'default'
2024-10-28T12:23:49.511-05:00  INFO 14948 --- [demo] [main] com.zaxxer.hikari.HikariDataSource       : HikariPool-1 - Shutdown initiated...
2024-10-28T12:23:49.518-05:00  INFO 14948 --- [demo] [main] com.zaxxer.hikari.HikariDataSource       : HikariPool-1 - Shutdown completed.
2024-10-28T12:23:49.532-05:00  INFO 14948 --- [demo] [main] o.s.b.d.r.RestartApplicationListener     : Restart disabled due to context in which it is running
2024-10-28T12:23:49.603-05:00  INFO 14948 --- [demo] [main] com.example.demo.frontend.UseCaseTest    : Starting UseCaseTest using Java 17.0.12 with PID 14948 (started by Janus in C:\Users\Janus\Documents\GitHub\PetLand\Proyecto\demo)
2024-10-28T12:23:49.604-05:00  INFO 14948 --- [demo] [main] com.example.demo.frontend.UseCaseTest    : The following 1 profile is active: "test"
2024-10-28T12:23:49.866-05:00  INFO 14948 --- [demo] [main] .s.d.r.c.RepositoryConfigurationDelegate : Bootstrapping Spring Data JPA repositories in DEFAULT mode.
2024-10-28T12:23:49.890-05:00  INFO 14948 --- [demo] [main] .s.d.r.c.RepositoryConfigurationDelegate : Finished Spring Data repository scanning in 23 ms. Found 6 JPA repository interfaces.
2024-10-28T12:23:49.964-05:00  INFO 14948 --- [demo] [main] o.s.b.w.embedded.tomcat.TomcatWebServer  : Tomcat initialized with port 8080 (http)
2024-10-28T12:23:49.965-05:00  INFO 14948 --- [demo] [main] o.apache.catalina.core.StandardService   : Starting service [Tomcat]
2024-10-28T12:23:49.966-05:00  INFO 14948 --- [demo] [main] o.apache.catalina.core.StandardEngine    : Starting Servlet engine: [Apache Tomcat/10.1.26]
2024-10-28T12:23:50.019-05:00  INFO 14948 --- [demo] [main] o.a.c.c.C.[Tomcat].[localhost].[/]       : Initializing Spring embedded WebApplicationContext
2024-10-28T12:23:50.019-05:00  INFO 14948 --- [demo] [main] w.s.c.ServletWebServerApplicationContext : Root WebApplicationContext: initialization completed in 402 ms
2024-10-28T12:23:50.040-05:00  INFO 14948 --- [demo] [main] com.zaxxer.hikari.HikariDataSource       : HikariPool-2 - Starting...
2024-10-28T12:23:50.043-05:00  INFO 14948 --- [demo] [main] com.zaxxer.hikari.pool.HikariPool        : HikariPool-2 - Added connection conn10: url=jdbc:h2:mem:testdb user=SA
2024-10-28T12:23:50.044-05:00  INFO 14948 --- [demo] [main] com.zaxxer.hikari.HikariDataSource       : HikariPool-2 - Start completed.
2024-10-28T12:23:50.044-05:00  INFO 14948 --- [demo] [main] o.s.b.a.h2.H2ConsoleAutoConfiguration    : H2 console available at '/h2-console'. Database available at 'jdbc:h2:mem:testdb'
2024-10-28T12:23:50.075-05:00  INFO 14948 --- [demo] [main] o.hibernate.jpa.internal.util.LogHelper  : HHH000204: Processing PersistenceUnitInfo [name: default]
2024-10-28T12:23:50.082-05:00  INFO 14948 --- [demo] [main] o.h.c.internal.RegionFactoryInitiator    : HHH000026: Second-level cache disabled
2024-10-28T12:23:50.104-05:00  INFO 14948 --- [demo] [main] o.s.o.j.p.SpringPersistenceUnitInfo      : No LoadTimeWeaver setup: ignoring JPA class transformer
2024-10-28T12:23:50.107-05:00  WARN 14948 --- [demo] [main] org.hibernate.orm.deprecation            : HHH90000025: H2Dialect does not need to be specified explicitly using 'hibernate.dialect' (remove the property setting and it will be selected by default)
2024-10-28T12:23:50.291-05:00  INFO 14948 --- [demo] [main] o.h.e.t.j.p.i.JtaPlatformInitiator       : HHH000489: No JTA platform available (set 'hibernate.transaction.jta.platform' to enable JTA platform integration)
2024-10-28T12:23:50.299-05:00  INFO 14948 --- [demo] [main] j.LocalContainerEntityManagerFactoryBean : Initialized JPA EntityManagerFactory for persistence unit 'default'
2024-10-28T12:23:50.416-05:00  WARN 14948 --- [demo] [main] JpaBaseConfiguration$JpaWebConfiguration : spring.jpa.open-in-view is enabled by default. Therefore, database queries may be performed during view rendering. Explicitly configure spring.jpa.open-in-view to disable this warning
2024-10-28T12:23:50.505-05:00  WARN 14948 --- [demo] [main] ion$DefaultTemplateResolverConfiguration : Cannot find template location: classpath:/templates/ (please add some templates, check your Thymeleaf configuration, or set spring.thymeleaf.check-template-location=false)
2024-10-28T12:23:50.554-05:00  INFO 14948 --- [demo] [main] o.s.b.w.embedded.tomcat.TomcatWebServer  : Tomcat started on port 8080 (http) with context path '/'
2024-10-28T12:23:50.559-05:00  INFO 14948 --- [demo] [main] com.example.demo.frontend.UseCaseTest    : Started UseCaseTest in 1.028 seconds (process running for 12.558)
2024-10-28T12:23:51.644-05:00  INFO 14948 --- [demo] [main] i.g.bonigarcia.wdm.WebDriverManager      : Using chromedriver 130.0.6723.69 (resolved driver for Chrome 130)
2024-10-28T12:23:51.708-05:00  INFO 14948 --- [demo] [main] i.g.bonigarcia.wdm.WebDriverManager      : Exporting webdriver.chrome.driver as C:\Users\Janus\.cache\selenium\chromedriver\win64\130.0.6723.69\chromedriver.exe
2024-10-28T12:23:52.737-05:00  WARN 14948 --- [demo] [main] o.o.selenium.devtools.CdpVersionFinder   : Unable to find CDP implementation matching 130
2024-10-28T12:23:52.737-05:00  WARN 14948 --- [demo] [main] o.o.selenium.chromium.ChromiumDriver     : Unable to find version of CDP to use for 130.0.6723.70. You may need to include a dependency on a specific version of the CDP using something similar to `org.seleniumhq.selenium:selenium-devtools-v86:4.19.1` where the version ("v86") matches the version of the chromium-based browser you're using and the version number of the artifact is the same as Selenium's.
2024-10-28T12:23:53.222-05:00  INFO 14948 --- [demo] [http-nio-8080-exec-1] o.a.c.c.C.[Tomcat].[localhost].[/]       : Initializing Spring DispatcherServlet 'dispatcherServlet'
2024-10-28T12:23:53.222-05:00  INFO 14948 --- [demo] [http-nio-8080-exec-1] o.s.web.servlet.DispatcherServlet        : Initializing Servlet 'dispatcherServlet'
2024-10-28T12:23:53.223-05:00  INFO 14948 --- [demo] [http-nio-8080-exec-1] o.s.web.servlet.DispatcherServlet        : Completed initialization in 1 ms
2024-10-28T12:24:06.340-05:00  INFO 14948 --- [demo] [SpringApplicationShutdownHook] j.LocalContainerEntityManagerFactoryBean : Closing JPA EntityManagerFactory for persistence unit 'default'
2024-10-28T12:24:06.341-05:00  INFO 14948 --- [demo] [SpringApplicationShutdownHook] com.zaxxer.hikari.HikariDataSource       : HikariPool-2 - Shutdown initiated...
2024-10-28T12:24:06.342-05:00  INFO 14948 --- [demo] [SpringApplicationShutdownHook] com.zaxxer.hikari.HikariDataSource       : HikariPool-2 - Shutdown completed.
2024-10-28T12:24:34.404-05:00  INFO 13736 --- [demo] [main] com.example.demo.frontend.UseCaseTest    : Starting UseCaseTest using Java 17.0.12 with PID 13736 (started by Janus in C:\Users\Janus\Documents\GitHub\PetLand\Proyecto\demo)
2024-10-28T12:24:34.406-05:00  INFO 13736 --- [demo] [main] com.example.demo.frontend.UseCaseTest    : The following 1 profile is active: "test"
2024-10-28T12:24:35.276-05:00  INFO 13736 --- [demo] [main] .s.d.r.c.RepositoryConfigurationDelegate : Bootstrapping Spring Data JPA repositories in DEFAULT mode.
2024-10-28T12:24:35.385-05:00  INFO 13736 --- [demo] [main] .s.d.r.c.RepositoryConfigurationDelegate : Finished Spring Data repository scanning in 85 ms. Found 6 JPA repository interfaces.
2024-10-28T12:24:36.388-05:00  INFO 13736 --- [demo] [main] o.s.b.w.embedded.tomcat.TomcatWebServer  : Tomcat initialized with port 8080 (http)
2024-10-28T12:24:36.410-05:00  INFO 13736 --- [demo] [main] o.apache.catalina.core.StandardService   : Starting service [Tomcat]
2024-10-28T12:24:36.411-05:00  INFO 13736 --- [demo] [main] o.apache.catalina.core.StandardEngine    : Starting Servlet engine: [Apache Tomcat/10.1.26]
2024-10-28T12:24:36.566-05:00  INFO 13736 --- [demo] [main] o.a.c.c.C.[Tomcat].[localhost].[/]       : Initializing Spring embedded WebApplicationContext
2024-10-28T12:24:36.567-05:00  INFO 13736 --- [demo] [main] w.s.c.ServletWebServerApplicationContext : Root WebApplicationContext: initialization completed in 2139 ms
2024-10-28T12:24:36.610-05:00  INFO 13736 --- [demo] [main] com.zaxxer.hikari.HikariDataSource       : HikariPool-1 - Starting...
2024-10-28T12:24:36.964-05:00  INFO 13736 --- [demo] [main] com.zaxxer.hikari.pool.HikariPool        : HikariPool-1 - Added connection conn0: url=jdbc:h2:mem:testdb user=SA
2024-10-28T12:24:36.967-05:00  INFO 13736 --- [demo] [main] com.zaxxer.hikari.HikariDataSource       : HikariPool-1 - Start completed.
2024-10-28T12:24:36.979-05:00  INFO 13736 --- [demo] [main] o.s.b.a.h2.H2ConsoleAutoConfiguration    : H2 console available at '/h2-console'. Database available at 'jdbc:h2:mem:testdb'
2024-10-28T12:24:37.214-05:00  INFO 13736 --- [demo] [main] o.hibernate.jpa.internal.util.LogHelper  : HHH000204: Processing PersistenceUnitInfo [name: default]
2024-10-28T12:24:37.343-05:00  INFO 13736 --- [demo] [main] org.hibernate.Version                    : HHH000412: Hibernate ORM core version 6.5.2.Final
2024-10-28T12:24:37.404-05:00  INFO 13736 --- [demo] [main] o.h.c.internal.RegionFactoryInitiator    : HHH000026: Second-level cache disabled
2024-10-28T12:24:37.930-05:00  INFO 13736 --- [demo] [main] o.s.o.j.p.SpringPersistenceUnitInfo      : No LoadTimeWeaver setup: ignoring JPA class transformer
2024-10-28T12:24:37.985-05:00  WARN 13736 --- [demo] [main] org.hibernate.orm.deprecation            : HHH90000025: H2Dialect does not need to be specified explicitly using 'hibernate.dialect' (remove the property setting and it will be selected by default)
2024-10-28T12:24:38.938-05:00  INFO 13736 --- [demo] [main] o.h.e.t.j.p.i.JtaPlatformInitiator       : HHH000489: No JTA platform available (set 'hibernate.transaction.jta.platform' to enable JTA platform integration)
2024-10-28T12:24:38.999-05:00  INFO 13736 --- [demo] [main] j.LocalContainerEntityManagerFactoryBean : Initialized JPA EntityManagerFactory for persistence unit 'default'
2024-10-28T12:24:39.373-05:00  INFO 13736 --- [demo] [main] o.s.d.j.r.query.QueryEnhancerFactory     : Hibernate is in classpath; If applicable, HQL parser will be used.
2024-10-28T12:24:40.430-05:00  WARN 13736 --- [demo] [main] JpaBaseConfiguration$JpaWebConfiguration : spring.jpa.open-in-view is enabled by default. Therefore, database queries may be performed during view rendering. Explicitly configure spring.jpa.open-in-view to disable this warning
2024-10-28T12:24:41.121-05:00  WARN 13736 --- [demo] [main] ion$DefaultTemplateResolverConfiguration : Cannot find template location: classpath:/templates/ (please add some templates, check your Thymeleaf configuration, or set spring.thymeleaf.check-template-location=false)
2024-10-28T12:24:41.699-05:00  INFO 13736 --- [demo] [main] o.s.b.w.embedded.tomcat.TomcatWebServer  : Tomcat started on port 8080 (http) with context path '/'
2024-10-28T12:24:41.712-05:00  INFO 13736 --- [demo] [main] com.example.demo.frontend.UseCaseTest    : Started UseCaseTest in 7.7 seconds (process running for 8.639)
2024-10-28T12:24:43.745-05:00  INFO 13736 --- [demo] [main] j.LocalContainerEntityManagerFactoryBean : Closing JPA EntityManagerFactory for persistence unit 'default'
2024-10-28T12:24:43.749-05:00  INFO 13736 --- [demo] [main] com.zaxxer.hikari.HikariDataSource       : HikariPool-1 - Shutdown initiated...
2024-10-28T12:24:43.754-05:00  INFO 13736 --- [demo] [main] com.zaxxer.hikari.HikariDataSource       : HikariPool-1 - Shutdown completed.
2024-10-28T12:24:43.771-05:00  INFO 13736 --- [demo] [main] o.s.b.d.r.RestartApplicationListener     : Restart disabled due to context in which it is running
2024-10-28T12:24:43.801-05:00  INFO 13736 --- [demo] [main] com.example.demo.frontend.UseCaseTest    : Starting UseCaseTest using Java 17.0.12 with PID 13736 (started by Janus in C:\Users\Janus\Documents\GitHub\PetLand\Proyecto\demo)
2024-10-28T12:24:43.803-05:00  INFO 13736 --- [demo] [main] com.example.demo.frontend.UseCaseTest    : The following 1 profile is active: "test"
2024-10-28T12:24:43.967-05:00  INFO 13736 --- [demo] [main] .s.d.r.c.RepositoryConfigurationDelegate : Bootstrapping Spring Data JPA repositories in DEFAULT mode.
2024-10-28T12:24:43.988-05:00  INFO 13736 --- [demo] [main] .s.d.r.c.RepositoryConfigurationDelegate : Finished Spring Data repository scanning in 21 ms. Found 6 JPA repository interfaces.
2024-10-28T12:24:44.076-05:00  INFO 13736 --- [demo] [main] o.s.b.w.embedded.tomcat.TomcatWebServer  : Tomcat initialized with port 8080 (http)
2024-10-28T12:24:44.077-05:00  INFO 13736 --- [demo] [main] o.apache.catalina.core.StandardService   : Starting service [Tomcat]
2024-10-28T12:24:44.078-05:00  INFO 13736 --- [demo] [main] o.apache.catalina.core.StandardEngine    : Starting Servlet engine: [Apache Tomcat/10.1.26]
2024-10-28T12:24:44.122-05:00  INFO 13736 --- [demo] [main] o.a.c.c.C.[Tomcat].[localhost].[/]       : Initializing Spring embedded WebApplicationContext
2024-10-28T12:24:44.122-05:00  INFO 13736 --- [demo] [main] w.s.c.ServletWebServerApplicationContext : Root WebApplicationContext: initialization completed in 317 ms
2024-10-28T12:24:44.134-05:00  INFO 13736 --- [demo] [main] com.zaxxer.hikari.HikariDataSource       : HikariPool-2 - Starting...
2024-10-28T12:24:44.137-05:00  INFO 13736 --- [demo] [main] com.zaxxer.hikari.pool.HikariPool        : HikariPool-2 - Added connection conn10: url=jdbc:h2:mem:testdb user=SA
2024-10-28T12:24:44.137-05:00  INFO 13736 --- [demo] [main] com.zaxxer.hikari.HikariDataSource       : HikariPool-2 - Start completed.
2024-10-28T12:24:44.137-05:00  INFO 13736 --- [demo] [main] o.s.b.a.h2.H2ConsoleAutoConfiguration    : H2 console available at '/h2-console'. Database available at 'jdbc:h2:mem:testdb'
2024-10-28T12:24:44.157-05:00  INFO 13736 --- [demo] [main] o.hibernate.jpa.internal.util.LogHelper  : HHH000204: Processing PersistenceUnitInfo [name: default]
2024-10-28T12:24:44.162-05:00  INFO 13736 --- [demo] [main] o.h.c.internal.RegionFactoryInitiator    : HHH000026: Second-level cache disabled
2024-10-28T12:24:44.179-05:00  INFO 13736 --- [demo] [main] o.s.o.j.p.SpringPersistenceUnitInfo      : No LoadTimeWeaver setup: ignoring JPA class transformer
2024-10-28T12:24:44.181-05:00  WARN 13736 --- [demo] [main] org.hibernate.orm.deprecation            : HHH90000025: H2Dialect does not need to be specified explicitly using 'hibernate.dialect' (remove the property setting and it will be selected by default)
2024-10-28T12:24:44.306-05:00  INFO 13736 --- [demo] [main] o.h.e.t.j.p.i.JtaPlatformInitiator       : HHH000489: No JTA platform available (set 'hibernate.transaction.jta.platform' to enable JTA platform integration)
2024-10-28T12:24:44.315-05:00  INFO 13736 --- [demo] [main] j.LocalContainerEntityManagerFactoryBean : Initialized JPA EntityManagerFactory for persistence unit 'default'
2024-10-28T12:24:44.459-05:00  WARN 13736 --- [demo] [main] JpaBaseConfiguration$JpaWebConfiguration : spring.jpa.open-in-view is enabled by default. Therefore, database queries may be performed during view rendering. Explicitly configure spring.jpa.open-in-view to disable this warning
2024-10-28T12:24:44.545-05:00  WARN 13736 --- [demo] [main] ion$DefaultTemplateResolverConfiguration : Cannot find template location: classpath:/templates/ (please add some templates, check your Thymeleaf configuration, or set spring.thymeleaf.check-template-location=false)
2024-10-28T12:24:44.585-05:00  INFO 13736 --- [demo] [main] o.s.b.w.embedded.tomcat.TomcatWebServer  : Tomcat started on port 8080 (http) with context path '/'
2024-10-28T12:24:44.589-05:00  INFO 13736 --- [demo] [main] com.example.demo.frontend.UseCaseTest    : Started UseCaseTest in 0.818 seconds (process running for 11.517)
2024-10-28T12:24:45.798-05:00  INFO 13736 --- [demo] [main] i.g.bonigarcia.wdm.WebDriverManager      : Using chromedriver 130.0.6723.69 (resolved driver for Chrome 130)
2024-10-28T12:24:45.848-05:00  INFO 13736 --- [demo] [main] i.g.bonigarcia.wdm.WebDriverManager      : Exporting webdriver.chrome.driver as C:\Users\Janus\.cache\selenium\chromedriver\win64\130.0.6723.69\chromedriver.exe
2024-10-28T12:24:46.774-05:00  WARN 13736 --- [demo] [main] o.o.selenium.devtools.CdpVersionFinder   : Unable to find CDP implementation matching 130
2024-10-28T12:24:46.775-05:00  WARN 13736 --- [demo] [main] o.o.selenium.chromium.ChromiumDriver     : Unable to find version of CDP to use for 130.0.6723.70. You may need to include a dependency on a specific version of the CDP using something similar to `org.seleniumhq.selenium:selenium-devtools-v86:4.19.1` where the version ("v86") matches the version of the chromium-based browser you're using and the version number of the artifact is the same as Selenium's.
2024-10-28T12:24:47.329-05:00  INFO 13736 --- [demo] [http-nio-8080-exec-1] o.a.c.c.C.[Tomcat].[localhost].[/]       : Initializing Spring DispatcherServlet 'dispatcherServlet'
2024-10-28T12:24:47.330-05:00  INFO 13736 --- [demo] [http-nio-8080-exec-1] o.s.web.servlet.DispatcherServlet        : Initializing Servlet 'dispatcherServlet'
2024-10-28T12:24:47.331-05:00  INFO 13736 --- [demo] [http-nio-8080-exec-1] o.s.web.servlet.DispatcherServlet        : Completed initialization in 1 ms
2024-10-28T12:24:50.486-05:00  INFO 13736 --- [demo] [SpringApplicationShutdownHook] j.LocalContainerEntityManagerFactoryBean : Closing JPA EntityManagerFactory for persistence unit 'default'
2024-10-28T12:24:50.487-05:00  INFO 13736 --- [demo] [SpringApplicationShutdownHook] com.zaxxer.hikari.HikariDataSource       : HikariPool-2 - Shutdown initiated...
2024-10-28T12:24:50.488-05:00  INFO 13736 --- [demo] [SpringApplicationShutdownHook] com.zaxxer.hikari.HikariDataSource       : HikariPool-2 - Shutdown completed.
2024-10-28T12:25:05.781-05:00  INFO 26360 --- [demo] [main] com.example.demo.frontend.UseCaseTest    : Starting UseCaseTest using Java 17.0.12 with PID 26360 (started by Janus in C:\Users\Janus\Documents\GitHub\PetLand\Proyecto\demo)
2024-10-28T12:25:05.782-05:00  INFO 26360 --- [demo] [main] com.example.demo.frontend.UseCaseTest    : The following 1 profile is active: "test"
2024-10-28T12:25:06.655-05:00  INFO 26360 --- [demo] [main] .s.d.r.c.RepositoryConfigurationDelegate : Bootstrapping Spring Data JPA repositories in DEFAULT mode.
2024-10-28T12:25:06.753-05:00  INFO 26360 --- [demo] [main] .s.d.r.c.RepositoryConfigurationDelegate : Finished Spring Data repository scanning in 75 ms. Found 6 JPA repository interfaces.
2024-10-28T12:25:07.587-05:00  INFO 26360 --- [demo] [main] o.s.b.w.embedded.tomcat.TomcatWebServer  : Tomcat initialized with port 8080 (http)
2024-10-28T12:25:07.605-05:00  INFO 26360 --- [demo] [main] o.apache.catalina.core.StandardService   : Starting service [Tomcat]
2024-10-28T12:25:07.605-05:00  INFO 26360 --- [demo] [main] o.apache.catalina.core.StandardEngine    : Starting Servlet engine: [Apache Tomcat/10.1.26]
2024-10-28T12:25:07.724-05:00  INFO 26360 --- [demo] [main] o.a.c.c.C.[Tomcat].[localhost].[/]       : Initializing Spring embedded WebApplicationContext
2024-10-28T12:25:07.725-05:00  INFO 26360 --- [demo] [main] w.s.c.ServletWebServerApplicationContext : Root WebApplicationContext: initialization completed in 1926 ms
2024-10-28T12:25:07.760-05:00  INFO 26360 --- [demo] [main] com.zaxxer.hikari.HikariDataSource       : HikariPool-1 - Starting...
2024-10-28T12:25:08.019-05:00  INFO 26360 --- [demo] [main] com.zaxxer.hikari.pool.HikariPool        : HikariPool-1 - Added connection conn0: url=jdbc:h2:mem:testdb user=SA
2024-10-28T12:25:08.023-05:00  INFO 26360 --- [demo] [main] com.zaxxer.hikari.HikariDataSource       : HikariPool-1 - Start completed.
2024-10-28T12:25:08.042-05:00  INFO 26360 --- [demo] [main] o.s.b.a.h2.H2ConsoleAutoConfiguration    : H2 console available at '/h2-console'. Database available at 'jdbc:h2:mem:testdb'
2024-10-28T12:25:08.277-05:00  INFO 26360 --- [demo] [main] o.hibernate.jpa.internal.util.LogHelper  : HHH000204: Processing PersistenceUnitInfo [name: default]
2024-10-28T12:25:08.417-05:00  INFO 26360 --- [demo] [main] org.hibernate.Version                    : HHH000412: Hibernate ORM core version 6.5.2.Final
2024-10-28T12:25:08.473-05:00  INFO 26360 --- [demo] [main] o.h.c.internal.RegionFactoryInitiator    : HHH000026: Second-level cache disabled
2024-10-28T12:25:09.079-05:00  INFO 26360 --- [demo] [main] o.s.o.j.p.SpringPersistenceUnitInfo      : No LoadTimeWeaver setup: ignoring JPA class transformer
2024-10-28T12:25:09.132-05:00  WARN 26360 --- [demo] [main] org.hibernate.orm.deprecation            : HHH90000025: H2Dialect does not need to be specified explicitly using 'hibernate.dialect' (remove the property setting and it will be selected by default)
2024-10-28T12:25:10.096-05:00  INFO 26360 --- [demo] [main] o.h.e.t.j.p.i.JtaPlatformInitiator       : HHH000489: No JTA platform available (set 'hibernate.transaction.jta.platform' to enable JTA platform integration)
2024-10-28T12:25:10.163-05:00  INFO 26360 --- [demo] [main] j.LocalContainerEntityManagerFactoryBean : Initialized JPA EntityManagerFactory for persistence unit 'default'
2024-10-28T12:25:10.650-05:00  INFO 26360 --- [demo] [main] o.s.d.j.r.query.QueryEnhancerFactory     : Hibernate is in classpath; If applicable, HQL parser will be used.
2024-10-28T12:25:11.829-05:00  WARN 26360 --- [demo] [main] JpaBaseConfiguration$JpaWebConfiguration : spring.jpa.open-in-view is enabled by default. Therefore, database queries may be performed during view rendering. Explicitly configure spring.jpa.open-in-view to disable this warning
2024-10-28T12:25:12.474-05:00  WARN 26360 --- [demo] [main] ion$DefaultTemplateResolverConfiguration : Cannot find template location: classpath:/templates/ (please add some templates, check your Thymeleaf configuration, or set spring.thymeleaf.check-template-location=false)
2024-10-28T12:25:13.097-05:00  INFO 26360 --- [demo] [main] o.s.b.w.embedded.tomcat.TomcatWebServer  : Tomcat started on port 8080 (http) with context path '/'
2024-10-28T12:25:13.107-05:00  INFO 26360 --- [demo] [main] com.example.demo.frontend.UseCaseTest    : Started UseCaseTest in 7.742 seconds (process running for 8.69)
2024-10-28T12:25:15.743-05:00  INFO 26360 --- [demo] [main] j.LocalContainerEntityManagerFactoryBean : Closing JPA EntityManagerFactory for persistence unit 'default'
2024-10-28T12:25:15.746-05:00  INFO 26360 --- [demo] [main] com.zaxxer.hikari.HikariDataSource       : HikariPool-1 - Shutdown initiated...
2024-10-28T12:25:15.750-05:00  INFO 26360 --- [demo] [main] com.zaxxer.hikari.HikariDataSource       : HikariPool-1 - Shutdown completed.
2024-10-28T12:25:15.765-05:00  INFO 26360 --- [demo] [main] o.s.b.d.r.RestartApplicationListener     : Restart disabled due to context in which it is running
2024-10-28T12:25:15.813-05:00  INFO 26360 --- [demo] [main] com.example.demo.frontend.UseCaseTest    : Starting UseCaseTest using Java 17.0.12 with PID 26360 (started by Janus in C:\Users\Janus\Documents\GitHub\PetLand\Proyecto\demo)
2024-10-28T12:25:15.814-05:00  INFO 26360 --- [demo] [main] com.example.demo.frontend.UseCaseTest    : The following 1 profile is active: "test"
2024-10-28T12:25:16.111-05:00  INFO 26360 --- [demo] [main] .s.d.r.c.RepositoryConfigurationDelegate : Bootstrapping Spring Data JPA repositories in DEFAULT mode.
2024-10-28T12:25:16.144-05:00  INFO 26360 --- [demo] [main] .s.d.r.c.RepositoryConfigurationDelegate : Finished Spring Data repository scanning in 34 ms. Found 6 JPA repository interfaces.
2024-10-28T12:25:16.275-05:00  INFO 26360 --- [demo] [main] o.s.b.w.embedded.tomcat.TomcatWebServer  : Tomcat initialized with port 8080 (http)
2024-10-28T12:25:16.276-05:00  INFO 26360 --- [demo] [main] o.apache.catalina.core.StandardService   : Starting service [Tomcat]
2024-10-28T12:25:16.277-05:00  INFO 26360 --- [demo] [main] o.apache.catalina.core.StandardEngine    : Starting Servlet engine: [Apache Tomcat/10.1.26]
2024-10-28T12:25:16.339-05:00  INFO 26360 --- [demo] [main] o.a.c.c.C.[Tomcat].[localhost].[/]       : Initializing Spring embedded WebApplicationContext
2024-10-28T12:25:16.339-05:00  INFO 26360 --- [demo] [main] w.s.c.ServletWebServerApplicationContext : Root WebApplicationContext: initialization completed in 521 ms
2024-10-28T12:25:16.363-05:00  INFO 26360 --- [demo] [main] com.zaxxer.hikari.HikariDataSource       : HikariPool-2 - Starting...
2024-10-28T12:25:16.366-05:00  INFO 26360 --- [demo] [main] com.zaxxer.hikari.pool.HikariPool        : HikariPool-2 - Added connection conn10: url=jdbc:h2:mem:testdb user=SA
2024-10-28T12:25:16.367-05:00  INFO 26360 --- [demo] [main] com.zaxxer.hikari.HikariDataSource       : HikariPool-2 - Start completed.
2024-10-28T12:25:16.367-05:00  INFO 26360 --- [demo] [main] o.s.b.a.h2.H2ConsoleAutoConfiguration    : H2 console available at '/h2-console'. Database available at 'jdbc:h2:mem:testdb'
2024-10-28T12:25:16.402-05:00  INFO 26360 --- [demo] [main] o.hibernate.jpa.internal.util.LogHelper  : HHH000204: Processing PersistenceUnitInfo [name: default]
2024-10-28T12:25:16.411-05:00  INFO 26360 --- [demo] [main] o.h.c.internal.RegionFactoryInitiator    : HHH000026: Second-level cache disabled
2024-10-28T12:25:16.438-05:00  INFO 26360 --- [demo] [main] o.s.o.j.p.SpringPersistenceUnitInfo      : No LoadTimeWeaver setup: ignoring JPA class transformer
2024-10-28T12:25:16.441-05:00  WARN 26360 --- [demo] [main] org.hibernate.orm.deprecation            : HHH90000025: H2Dialect does not need to be specified explicitly using 'hibernate.dialect' (remove the property setting and it will be selected by default)
2024-10-28T12:25:16.644-05:00  INFO 26360 --- [demo] [main] o.h.e.t.j.p.i.JtaPlatformInitiator       : HHH000489: No JTA platform available (set 'hibernate.transaction.jta.platform' to enable JTA platform integration)
2024-10-28T12:25:16.655-05:00  INFO 26360 --- [demo] [main] j.LocalContainerEntityManagerFactoryBean : Initialized JPA EntityManagerFactory for persistence unit 'default'
2024-10-28T12:25:16.856-05:00  WARN 26360 --- [demo] [main] JpaBaseConfiguration$JpaWebConfiguration : spring.jpa.open-in-view is enabled by default. Therefore, database queries may be performed during view rendering. Explicitly configure spring.jpa.open-in-view to disable this warning
2024-10-28T12:25:16.977-05:00  WARN 26360 --- [demo] [main] ion$DefaultTemplateResolverConfiguration : Cannot find template location: classpath:/templates/ (please add some templates, check your Thymeleaf configuration, or set spring.thymeleaf.check-template-location=false)
2024-10-28T12:25:17.067-05:00  INFO 26360 --- [demo] [main] o.s.b.w.embedded.tomcat.TomcatWebServer  : Tomcat started on port 8080 (http) with context path '/'
2024-10-28T12:25:17.074-05:00  INFO 26360 --- [demo] [main] com.example.demo.frontend.UseCaseTest    : Started UseCaseTest in 1.31 seconds (process running for 12.657)
2024-10-28T12:25:18.366-05:00  INFO 26360 --- [demo] [main] i.g.bonigarcia.wdm.WebDriverManager      : Using chromedriver 130.0.6723.69 (resolved driver for Chrome 130)
2024-10-28T12:25:18.419-05:00  INFO 26360 --- [demo] [main] i.g.bonigarcia.wdm.WebDriverManager      : Exporting webdriver.chrome.driver as C:\Users\Janus\.cache\selenium\chromedriver\win64\130.0.6723.69\chromedriver.exe
2024-10-28T12:25:19.682-05:00  WARN 26360 --- [demo] [main] o.o.selenium.devtools.CdpVersionFinder   : Unable to find CDP implementation matching 130
2024-10-28T12:25:19.683-05:00  WARN 26360 --- [demo] [main] o.o.selenium.chromium.ChromiumDriver     : Unable to find version of CDP to use for 130.0.6723.70. You may need to include a dependency on a specific version of the CDP using something similar to `org.seleniumhq.selenium:selenium-devtools-v86:4.19.1` where the version ("v86") matches the version of the chromium-based browser you're using and the version number of the artifact is the same as Selenium's.
2024-10-28T12:25:20.724-05:00  INFO 26360 --- [demo] [http-nio-8080-exec-1] o.a.c.c.C.[Tomcat].[localhost].[/]       : Initializing Spring DispatcherServlet 'dispatcherServlet'
2024-10-28T12:25:20.724-05:00  INFO 26360 --- [demo] [http-nio-8080-exec-1] o.s.web.servlet.DispatcherServlet        : Initializing Servlet 'dispatcherServlet'
2024-10-28T12:25:20.726-05:00  INFO 26360 --- [demo] [http-nio-8080-exec-1] o.s.web.servlet.DispatcherServlet        : Completed initialization in 1 ms
2024-10-28T12:25:25.288-05:00  INFO 26360 --- [demo] [SpringApplicationShutdownHook] j.LocalContainerEntityManagerFactoryBean : Closing JPA EntityManagerFactory for persistence unit 'default'
2024-10-28T12:25:25.288-05:00  INFO 26360 --- [demo] [SpringApplicationShutdownHook] com.zaxxer.hikari.HikariDataSource       : HikariPool-2 - Shutdown initiated...
2024-10-28T12:25:25.290-05:00  INFO 26360 --- [demo] [SpringApplicationShutdownHook] com.zaxxer.hikari.HikariDataSource       : HikariPool-2 - Shutdown completed.
